328,cabcontainer.cab
190,dxupdate.cab
182,APR2007_xinput_x86.cab
178,APR2007_xinput_x64.cab
141,supcan2.cab
141,supcan2.x64.cab
42,dxdllreg_x86.cab
39,Jun2010_D3DCompiler_43_x86.cab
36,Jun2010_d3dx9_43_x86.cab
35,Jun2010_D3DCompiler_43_x64.cab
35,Feb2010_X3DAudio_x86.cab
35,Jun2010_d3dx11_43_x86.cab
33,Jun2010_d3dx11_43_x64.cab
33,Jun2010_d3dx10_43_x86.cab
33,Jun2010_XAudio_x64.cab
33,Jun2010_d3dx10_43_x64.cab
33,Jun2010_d3dcsx_43_x64.cab
33,Jun2010_d3dx9_43_x64.cab
33,Jun2010_d3dcsx_43_x86.cab
33,Jun2010_XAudio_x86.cab
32,container.cab
31,Feb2010_X3DAudio_x64.cab
23,disk1.cab
23,msrdp.cab
20,weboffice_v6.0.5.0.cab
20,data1.cab
17,irc.cab
17,clam.cab
17,securedirc.cab
17,small_archive.cab
17,basic.cab
16,securedirc-unsigned.cab
16,pixx.cab
14,weboffice_pdf_v6.0.5.0.cab
13,Unsigned_1532.0311.cab
13,Unsigned_1529.0310.cab
12,GPKIInstaller.cab
11,PrintControl.cab
11,webhelp.cab
11,cab1.cab
10,PrintControl_res_pl.cab
10,PrintControl_res_ko.cab
10,PrintControl_res_pt.cab
10,PrintControl_res_zh_CN.cab
10,PrintControl_res_es.cab
10,PrintControl_res_zh_TW.cab
10,PrintControl_res_cs.cab
10,PrintControl_res_it.cab
10,PrintControl_res_de.cab
10,PrintControl_res_th.cab
10,PrintControl_res_fr.cab
10,PrintControl_res_sv.cab
10,PrintControl_res_fi.cab
10,PrintControl_res_hu.cab
10,PrintControl_res_ja.cab
10,data2.cab
10,PrintControl_res_da.cab
10,PrintControl_res_en.cab
10,PrintControl_res_sk.cab
10,PrintControl_res_ru.cab
10,PrintControl_res_nl.cab
9,_user1.cab
9,_sys1.cab
9,OfficeControl.cab
9,APR2007_d3dx9_33_x86.cab
9,swflash.cab
9,PrintControl_res_nb.cab
9,PrintControl_res_tr.cab
8,Mar2009_d3dx9_41_x86.cab
8,Feb2010_XAudio_x86.cab
8,test.cab
7,x64.cab
7,x86.cab
7,DynamicWebTWAIN.cab
7,smsx.cab
7,normal_2files_1folder.cab
7,copying.cab
6,search_basic.cab
6,Jun2010_XACT_x86.cab
6,webhelp0.cab
6,multi_basic_pt4.cab
6,reserve_--D.cab
6,normal_255c_filename.cab
6,multi_basic_pt1.cab
6,partial_shortfile2.cab
6,reserve_HFD.cab
6,partial_str_nonname.cab
6,reserve_---.cab
6,partial_str_shortpinfo.cab
6,Aug2009_d3dx9_42_x64.cab
6,bad_folderindex.cab
6,Oct2005_xinput_x64.cab
6,Jun2010_XACT_x64.cab
6,partial_nofolder.cab
6,bad_nofolders.cab
6,partial_str_nopname.cab
6,partial_shortheader.cab
6,partial_nofiles.cab
6,merged.cab
6,partial_str_shortnname.cab
6,partial_str_nofname.cab
6,Aug2009_d3dx9_42_x86.cab
6,partial_shortfolder.cab
6,partial_str_shortpname.cab
6,partial_str_noninfo.cab
6,OpenSign-bootstrapped.cab
6,multi_basic_pt5.cab
6,multi_basic_pt2.cab
6,mib.cab
6,partial_shortextheader.cab
6,bad_nofiles.cab
6,reserve_HF-.cab
6,reserve_-FD.cab
6,EgovAxPrintJob.cab
6,Oct2005_xinput_x86.cab
6,partial_str_nopinfo.cab
6,bad_signature.cab
6,reserve_-F-.cab
6,reserve_H--.cab
6,partial_str_shortninfo.cab
6,partial_str_shortfname.cab
6,partial_nodata.cab
6,reserve_H-D.cab
6,search_tricky1.cab
6,sys_w00.cab
6,multi_basic_pt3.cab
6,partial_shortfile1.cab
5,DEC2006_XACT_x64.cab
5,Aug2005_d3dx9_27_x64.cab
5,FEB2007_XACT_x64.cab
5,AUG2007_d3dx10_35_x86.cab
5,JUN2007_d3dx10_34_x64.cab
5,DEC2006_d3dx10_00_x64.cab
5,Apr2006_d3dx9_30_x64.cab
5,Feb2006_d3dx9_29_x64.cab
5,AUG2006_xinput_x86.cab
5,APR2007_d3dx10_33_x64.cab
5,Aug2009_d3dcsx_42_x64.cab
5,DEC2006_d3dx9_32_x64.cab
5,Feb2006_XACT_x64.cab
5,Apr2005_d3dx9_25_x86.cab
5,Feb2006_d3dx9_29_x86.cab
5,Apr2006_MDX1_x86_Archive.cab
5,Apr2006_XACT_x86.cab
5,Jun2005_d3dx9_26_x64.cab
5,APR2007_d3dx10_33_x86.cab
5,AUG2007_XACT_x86.cab
5,Aug2009_d3dx11_42_x64.cab
5,Aug2009_d3dx11_42_x86.cab
5,AUG2007_d3dx9_35_x86.cab
5,AUG2006_XACT_x64.cab
5,DEC2006_XACT_x86.cab
5,Aug2009_XAudio_x64.cab
5,Apr2006_MDX1_x86.cab
5,DEC2006_d3dx9_32_x86.cab
5,AUG2007_XACT_x64.cab
5,Apr2005_d3dx9_25_x64.cab
5,MDFSupport_mft.cab
5,AUG2007_d3dx10_35_x64.cab
5,Aug2009_XACT_x64.cab
5,Feb2005_d3dx9_24_x64.cab
5,OCT2006_d3dx9_31_x64.cab
5,Aug2009_D3DCompiler_42_x86.cab
5,DEC2006_d3dx10_00_x86.cab
5,APR2007_XACT_x64.cab
5,Feb2005_d3dx9_24_x86.cab
5,AUG2006_xinput_x64.cab
5,cbfs.cab
5,DynamicWebTWAINx64.cab
5,Jun2005_d3dx9_26_x86.cab
5,Feb2006_XACT_x86.cab
5,Apr2006_XACT_x64.cab
5,Apr2006_d3dx9_30_x86.cab
5,Aug2009_d3dcsx_42_x86.cab
5,FEB2007_XACT_x86.cab
5,Dec2005_d3dx9_28_x86.cab
5,APR2007_XACT_x86.cab
5,Apr2006_xinput_x86.cab
5,JUN2006_XACT_x64.cab
5,OCT2006_XACT_x64.cab
5,Dec2005_d3dx9_28_x64.cab
5,AUG2007_d3dx9_35_x64.cab
5,JUN2007_d3dx10_34_x86.cab
5,Aug2009_XACT_x86.cab
5,JUN2007_XACT_x86.cab
5,OCT2006_XACT_x86.cab
5,Apr2006_xinput_x64.cab
5,AUG2006_XACT_x86.cab
5,MetaUninstaller_mft.cab
5,Aug2009_D3DCompiler_42_x64.cab
5,Aug2005_d3dx9_27_x86.cab
5,Aug2009_d3dx10_42_x64.cab
5,OCT2006_d3dx9_31_x86.cab
5,JUN2006_XACT_x86.cab
5,JUN2007_d3dx9_34_x64.cab
5,Aug2009_d3dx10_42_x86.cab
5,JUN2007_XACT_x64.cab
5,BuildTools1.cab
5,JUN2007_d3dx9_34_x86.cab
5,Aug2009_XAudio_x86.cab
5,APR2007_d3dx9_33_x64.cab
4,Mar2008_X3DAudio_x64.cab
4,Mar2009_d3dx9_41_x64.cab
4,logos.cab
4,Allwinner.aw1689.bootloader.cab
4,Nov2008_XACT_x86.cab
4,Mar2009_XAudio_x86.cab
4,Feb2010_XACT_x64.cab
4,logos64.cab
4,JUN2008_XACT_x64.cab
4,logos_mft.cab
4,testArchive.cab
4,Feb2010_XACT_x86.cab
4,data.cab
4,Nov2007_d3dx9_36_x86.cab
4,Mar2008_d3dx9_37_x86.cab
4,LogosXT_mft.cab
4,Nov2008_d3dx9_40_x86.cab
4,niauth64.cab
4,NOV2007_XACT_x64.cab
4,Nov2007_d3dx10_36_x86.cab
4,JUN2008_XAudio_x64.cab
4,Allwinner.aw1689.DeviceInfo.cab
4,ni_ssl_mft.cab
4,JUN2008_d3dx9_38_x64.cab
4,JUN2008_X3DAudio_x64.cab
4,NOV2007_X3DAudio_x64.cab
4,Nov2008_XAudio_x64.cab
4,Nov2007_d3dx10_36_x64.cab
4,Allwinner.aw1689.uefi.cab
4,Nov2008_X3DAudio_x64.cab
4,niauth.cab
4,Allwinner.aw1689.DevicePlatform.cab
4,Mar2008_d3dx9_37_x64.cab
4,VC2008MSMs_x86_mft.cab
4,Feb2010_xact_x86.cab
4,Mar2009_X3DAudio_x86.cab
4,Nov2008_XAudio_x86.cab
4,JUN2008_d3dx10_38_x86.cab
4,Mar2008_XACT_x64.cab
4,niauth_mft.cab
4,Nov2008_XACT_x64.cab
4,ssl.cab
4,Allwinner.aw1689.DeviceLayout.cab
4,Feb2010_XAudio_x64.cab
4,mib200.cab
4,Mar2008_XAudio_x64.cab
4,Allwinner.aw1689.boot0.cab
4,JUN2008_d3dx9_38_x86.cab
4,LOGOS_XT.cab
4,Aug2008_d3dx9_39_x86.cab
4,Mar2008_X3DAudio_x86.cab
4,Mar2009_XACT_x64.cab
4,x-fmt-414-signature-id-449.cab
4,mkl_mft.cab
4,NOV2007_X3DAudio_x86.cab
4,Aug2008_XAudio_x86.cab
4,Mar2009_X3DAudio_x64.cab
4,Demo.cab
4,JUN2008_d3dx10_38_x64.cab
4,Aug2008_XACT_x64.cab
4,NITra00.cab
4,JUN2008_XAudio_x86.cab
4,Nov2008_X3DAudio_x86.cab
4,Nov2008_d3dx10_40_x64.cab
4,NITraceEngine_mft.cab
4,tdms64.cab
4,tdms.cab
4,install.cab
4,Mar2008_XAudio_x86.cab
4,Mar2008_d3dx10_37_x64.cab
4,LOGOS00.cab
4,Mar2009_XACT_x86.cab
4,JUN2008_X3DAudio_x86.cab
4,ssl64.cab
4,Nov2008_d3dx9_40_x64.cab
4,Aug2008_d3dx10_39_x64.cab
4,Aug2008_XACT_x86.cab
4,configure.cab
4,Mar2009_d3dx10_41_x64.cab
4,Nov2007_d3dx9_36_x64.cab
4,JUN2008_XACT_x86.cab
4,NOV2007_XACT_x86.cab
4,NITra01.cab
4,Nov2008_d3dx10_40_x86.cab
4,Aug2008_d3dx10_39_x86.cab
4,Mar2009_d3dx10_41_x86.cab
4,Mar2008_d3dx10_37_x86.cab
4,Aug2008_XAudio_x64.cab
4,Aug2008_d3dx9_39_x64.cab
4,Mar2008_XACT_x86.cab
4,Mar2009_XAudio_x64.cab
4,tdms_mft.cab
3,fixture.cab
3,sys_w01.cab
3,MDFSupport1.cab
3,palerri_mft.cab
3,palerr.cab
3,VC2005MSMs_x861.cab
3,nisvcloc_mft.cab
3,NISys00.cab
3,nipal64.cab
3,CVI_LowLevelDriverOriginal_mft.cab
3,ni_sysweb_base_mft.cab
3,jatoolsPrinter.cab
3,file_fake.cab
3,nipal.cab
3,svcloc.cab
3,palSetup_mft.cab
3,lldrvu.cab
3,NetVideoOCX.cab
3,EULADepo.cab
3,Xerce00.cab
3,WSUS.cab
3,test-documents.cab
3,cabinet.cab
3,MetaUninstallerR1.cab
3,nixerces27_win32_mft.cab
3,Xerce01.cab
3,lldrvo.cab
3,HHCtrl.cab
3,VC2005MSMs_x641.cab
3,securexmlapplet.cab
3,palerr64.cab
3,KillBit_mft.cab
3,file_ok.cab
3,VC2005MSMs_x86_mft.cab
2,MStudioCW3DGraph_mft.cab
2,wifi.cab
2,lzx-main-tree-no-lengths.cab
2,MDFSuppo.cab
2,compressed.cab
2,ni_gmp64.cab
2,activex_mft.cab
2,visasc32.cab
2,niorbi_mft.cab
2,niqpxi32_mft.cab
2,engine32.cab
2,swflash-1.cab
2,media.cab
2,NIWebServer_LVRTE_mft.cab
2,mxs_mft.cab
2,nidimi32.cab
2,datas00.cab
2,datas01.cab
2,lvrtenet.cab
2,nipxipferr32_mft.cab
2,etc.cab
2,multi-folder.cab
2,GraphViewCtl.cab
2,CC2Net.de-DL-Tool_setup.cab
2,ntkosigntool.cab
2,ni_gmp_mft.cab
2,cve-2014-9732-folders-segfault.cab
2,cve-2014-9556-qtm-infinite-loop.cab
2,Portable_Configuration1.cab
2,lzx-premature-matches.cab
2,Secur01.cab
2,nicurl64.cab
2,nidimi64.cab
2,UTF-8.cab
2,360sysresetxml_9.1.0.1001.cab
2,DataSocket_mft.cab
2,cve-2015-4471-lzx-under-read.cab
2,cve-2015-4470-mszip-over-read.cab
2,niroco64.cab
2,signing_mft.cab
2,NI_SysStatePub_mft.cab
2,niroco32.cab
2,activ64.cab
2,MPL.cab
2,ANSI 1252.cab
2,cve-2010-2800-mszip-infinite-loop.cab
2,dep_framework_mft.cab
2,infperl.cab
2,nicurl.cab
2,media64.cab
2,archive.cab
2,ni_gmp.cab
2,filename-read-violation-3.cab
2,EULADepot2_mft.cab
2,ddf-fixed.cab
2,mib100.cab
2,colorhug-als-3.0.2.cab
2,NIWebServer_LVRTE64_mft.cab
2,zz_ni_syswebsrvr_mft.cab
2,LV900runtime_mft.cab
2,MetaUnst.cab
2,activ32.cab
2,Split.cab
2,large-compressed.cab
2,VC2010RTEx86_mft.cab
2,Test0001.cab
2,WebOffice.cab
2,t.cab
2,common.cab
2,niqpxi32.cab
2,360sysresetxml_9.0.0.2001.cab
2,qtm-max-size-block.cab
2,Portable_Configuration_mft.cab
2,Secur00.cab
2,Canterbury.cab
2,NI_Sy00.cab
2,dimSetup_mft.cab
2,mxs1.cab
2,niorb64.cab
2,niqpxi64.cab
2,EULADep2.cab
2,nicurl_mft.cab
2,simple.cab
2,flash.cab
2,NIVISAruntime_mft.cab
2,lvrte.cab
2,pxierr.cab
2,visasc64.cab
2,NI_De00.cab
2,NISys01.cab
2,chiron-0.2.cab
2,MSIProperties_mft.cab
2,nirocoerri32_mft.cab
2,multi-folder-compressed.cab
2,MKL2000.cab
2,downloader.cab
2,flip.tv.cab
2,filename-read-violation-2.cab
2,LVRT_00.cab
2,LocalGroupMembers.cab
2,LVRT_NBFifo_90_mft.cab
2,filename-read-violation-4.cab
2,filename-read-violation-1.cab
2,large.cab
2,EPS.cab
2,msi_with_external_cab.cab
2,NI_Sy01.cab
2,utf8.cab
2,nisysapi_x86_mft.cab
2,pxierr64.cab
2,niorb.cab
2,LabVI00.cab
1,Allwinner.aw1689.Codec.cab
1,BambaPlayer.cab
1,niDAQmxCorei.cab
1,MKL2014.cab
1,LVCINT.cab
1,NetONEX32.v1.4.1.0.cab
1,NetONEX64.v1.4.8.8.cab
1,CVE-2015-4471.cab
1,XTunnel.cab
1,ImageUploader7_x64.cab
1,NiRio_USBLAN64.cab
1,niapxipm2i_mft.cab
1,brd32.cab
1,pciBrdI32_mft.cab
1,ni653x64.cab
1,nimrui64.cab
1,NetONEX64.v1.4.8.9.cab
1,NetONEX32.v1.3.4.0.cab
1,VolanoChat.cab
1,WebIEApplets.cab
1,vsatulip.cab
1,Allwinner.OemTools.InstallTools.cab
1,CCMCACHE Cleanup.cab
1,Check Windows Firewall Status.cab
1,WS1 Enrollment Baseline.cab
1,nixltr64.cab
1,sysmon64.cab
1,NetONEX32.v1.4.8.8.cab
1,cajon.cab
1,vsapxi.cab
1,Allwinner.Custom.Cmd.cab
1,Allwinner.aw1689.Ft5x.cab
1,WebServicesRTE_mft.cab
1,LegoMindstormsNXTdriver64_mft.cab
1,iot_scripts.cab
1,mxi32.cab
1,MStudioCW3DGraph.cab
1,nimxRemoteServicei_mft.cab
1,sys_a01.cab
1,NetONEX64.v1.3.6.2.cab
1,MyVolanoChat.cab
1,VisaSharedComponentsWrapperCore_mft.cab
1,vsaser64.cab
1,Allwinner.aw1689.rtwlans.cab
1,sulv2009.cab
1,NetONEX64.v1.4.5.0.cab
1,koax5j_d.cab
1,AXEngineApp.cab
1,ssl_LVRTEsupp_mft.cab
1,iWebOffice2015.cab
1,Allwinner.aw1689.Ethmini.cab
1,Allwinner.aw1689.VirtualI2S.cab
1,utility64.cab
1,NILaunch.cab
1,iot_prerequisites.cab
1,nimxlci64_mft.cab
1,nipxipfi.cab
1,nicdigi64.cab
1,nimdbgi_mft.cab
1,sysmon.cab
1,nipxipfi_mft.cab
1,DAQmxSwitchi.cab
1,NetONEX64.v1.4.8.5.cab
1,NetONEX32.v1.3.6.0.cab
1,NetONEX64.v1.4.2.0.cab
1,FRC_DriverStation_mft.cab
1,broadcastclient2.cab
1,HttpUploader.cab
1,nimioi.cab
1,koax5j_c.cab
1,test-mszip.cab
1,CVE-2014-9556.cab
1,BlueSo~1.cab
1,000.cab
1,NISysLogUtils_mft.cab
1,mfc42.cab
1,test_cab.cab
1,iot_open_source.cab
1,cntdrv.cab
1,NetONEX64.v1.4.6.1.cab
1,NetONEX64.v1.4.4.0.cab
1,NetONEX32.v1.5.0.2.cab
1,NetONEX64.v1.4.9.2.cab
1,vcredis1.cab
1,Harmonia1.cab
1,qtplugin.cab
1,lvrteres.cab
1,VisaInstallerJpnResDll.cab
1,MxPEG_ActiveX.cab
1,iot_upgrade_layer.cab
1,nistci.cab
1,DAQmxSwitch64.cab
1,NiRio_USBLAN_mft.cab
1,cntdrv64.cab
1,NetONEX32.v1.3.8.1.cab
1,XTSAC.cab
1,vm.cab
1,aoupload.cab
1,cab_001_win95_mini.cab
1,ni_error.cab
1,Allwinner.Registry.ConfigSettings.cab
1,Allwinner.aw1689.sunxisdhc.cab
1,Allwinner.Registry.Version.cab
1,IVS_OCX.cab
1,nimxdf64.cab
1,MXLC.cab
1,controllerDriver_mft.cab
1,NetONEX64.v1.3.8.1.cab
1,test-signed.cab
1,Install.cab
1,PrintCtrl.cab
1,visccor.cab
1,Allwinner.aw1689.kd_8003_000b.cab
1,Allwinner.Provisioning.Auto.cab
1,SyncServices.wm.cab
1,nimxefi.cab
1,nimxdfi_mft.cab
1,nicdigi.cab
1,nixltr32.cab
1,NetONEX32.v1.4.6.1.cab
1,NetONEX32.v1.4.4.0.cab
1,NetONEX64.v1.3.9.0.cab
1,weboffice_V6.0.4.6.cab
1,NIVISASysAPI_mft.cab
1,Allwinner.aw1689.sunxii2c.cab
1,Windows Activation License.cab
1,BDAXP.cab
1,nifsl64.cab
1,niRTSIpali64.cab
1,niRTSIpali.cab
1,NetONEX64.v1.4.7.0.cab
1,NetONEX64.v1.3.8.0.cab
1,NetONEX32.v1.3.8.2.cab
1,vsaenet.cab
1,NIVISAruntime641.cab
1,NXT_D02.cab
1,LegoMindstormsNXTdriver32_mft.cab
1,nimrui32.cab
1,mxlcco64.cab
1,ssl64RTE.cab
1,nimxefi64.cab
1,nimxlci_mft.cab
1,NetONEX64.v1.3.8.2.cab
1,NetONEX64.v1.5.0.2.cab
1,test-ncbytes-overflow.cab
1,trans.cab
1,Allwinner.aw1689.sunxigpio.cab
1,Allwinner.aw1689.sunxicir.cab
1,niRTSIcorei.cab
1,nipxi64.cab
1,nipxi.cab
1,mxi64.cab
1,nitimingi.cab
1,NetONEX64.v1.3.8.3.cab
1,NetONEX32.v1.4.8.5.cab
1,CVE-2015-4470.cab
1,ni_error_report_mft.cab
1,NIVISAPXIPassport_mft.cab
1,RASPBERRYPI.RPi.Wifi.bcmdhd63.cab
1,Allwinner.aw1689.Silead.cab
1,SecureXML.cab
1,nimdbg64.cab
1,nifsl.cab
1,nixlatori32_mft.cab
1,ni_sysappsrvr_mft.cab
1,Extendable M3D 1.8.5c.cab
1,glmame.cab
1,NIVISATulipPassport_mft.cab
1,vsaerr.cab
1,ntkooledocall64.cab
1,ofctnewclsid.cab
1,WebServicesRTE64_mft.cab
1,brd64.cab
1,mxrs.cab
1,niscxi64.cab
1,nimrui_mft.cab
1,NetONEX32.v1.4.8.9.cab
1,x3txt02T.cab
1,sample.cab
1,eicar.cab
1,Allwinner.aw1689.vhfhid.cab
1,VisaInstallerEngResDll.cab
1,ImageUploader7.cab
1,mxlcco32.cab
1,niedei64.cab
1,ni653x.cab
1,NetONEX64.v1.4.8.2.cab
1,axlittleshootTest.cab
1,niresjpn.cab
1,hh_dex.cab
1,sslLVRTE.cab
1,Allwinner.aw1689.gt82x.cab
1,NILauncher_mft.cab
1,normal_2files_2folders.cab
1,ssl_LV64RTEsupp_mft.cab
1,niRTSIcorei64.cab
1,KOAX5J__.cab
1,WebInst.cab
1,FRC_D00.cab
1,HWPostil_V3074.cab
1,vsarem.cab
1,NIVISAUSBPassport_mft.cab
1,MKL2017.cab
1,vsausb.cab
1,ntkooledocall.cab
1,Allwinner.aw1689.Gt9xx.cab
1,Allwinner.aw1689.AwDma.cab
1,HttpUploader64.cab
1,HWPostil.cab
1,ni_err64.cab
1,nistci64.cab
1,dsai64.cab
1,nimxdf32.cab
1,NetONEX32.v1.4.0.0.cab
1,x3UNIV02T.cab
1,MenloLSP.cab
1,RealArcadeRdxIE.cab
1,ntkosigntoolv3.cab
1,vsrem64.cab
1,NIVISAENETASRLPassport_mft.cab
1,hys.cab
1,Allwinner.Device.SystemInformation.cab
1,niRTSIcorei_mft.cab
1,LVRT_NBFifo_2014_mft.cab
1,mxrs64.cab
1,MLWebCacheCleaner.cab
1,pinrulesstl.cab
1,VSASYS64.cab
1,NIVISAruntime1.cab
1,nimxlccore_mft.cab
1,NetONEX64.v1.4.3.0.cab
1,NetONEX64.v1.3.6.0.cab
1,x3JAR02T.cab
1,visor.cab
1,Data1.cab
1,AudioRecorder.cab
1,MSCW3DG.cab
1,NIVISAENETPassport_mft.cab
1,nimioi64.cab
1,nipiei.cab
1,nippfi64.cab
1,WebXContextlets.cab
1,ENDLESSINSTALL.cab
1,tdPass_x86.cab
1,cab_002_3_files.cab
1,vspxi64.cab
1,NIVISARemotePassport_mft.cab
1,vsgpib64.cab
1,windows6.1-kb2753842-v2-x86.cab
1,NXT_D01.cab
1,pset_user_stat.cab
1,cabtest.cab
1,sys_a00.cab
1,NiRio_USBLAN.cab
1,WebVolanoChat.cab
1,uninstall.cab
1,VPInstall.cab
1,RealArcadeRdxIE_old.cab
1,LVRT_NBFifo_2017_mft.cab
1,vsaerr64.cab
1,VSARUN64.cab
1,Desktop Experience Status.cab
1,template.cab
1,LegacyGPIBVXI1.cab
1,grbsctl6.cab
1,ni_error_report64_mft.cab
1,niRTSIpali_mft.cab
1,pxiPlatformRuntime_mft.cab
1,LVCInterface_mft.cab
1,koax5j_r.cab
1,koax5j_m.cab
1,test-none.cab
1,LV2017runtime_mft.cab
1,system_data.cab
1,NETCFv35.Messages.EN.wm.cab
1,ImageUploader.cab
1,NetONEX32.v1.4.8.2.cab
1,XTunnel6.cab
1,NETCFv35.wce.armv4.cab
1,IntelliTraceCollection.cab
1,NIVISAHeaders_mft.cab
1,NIVISAGPIBPassport_mft.cab
1,Packed Container File.cab
1,axlittleshoot.cab
1,ni_syswebsrvr_mft.cab
1,LV2014runtime_mft.cab
1,vsagpib.cab
1,NBioBSPCOM.cab
1,MXLC64.cab
1,NetONEX32.v1.3.9.0.cab
1,NetONEX32.v1.5.0.1.cab
1,NetONEX32.v1.4.3.0.cab
1,NetONEX64.v1.5.0.1.cab
1,NetONEX64.v1.3.5.0.cab
1,WorldClock.cab
1,glmamejau.cab
1,VSASYS32.cab
1,VC2008RTEx86_mft.cab
1,NIVISAErrors_mft.cab
1,LV2017rteres_mft.cab
1,Allwinner.Appx.IoTCoreDefaultApp.cab
1,dxnt.cab
1,niedei_mft.cab
1,NetONEX64.v1.4.1.0.cab
1,NetONEX32.v1.4.2.0.cab
1,NetONEX64.v1.3.4.0.cab
1,KOAX8J__.cab
1,CoolRun.cab
1,vs_shell.cab
1,vsaenas.cab
1,sample2-disk2.cab
1,BDANT.cab
1,iot_offline_install.cab
1,mszip_lzx_qtm.cab
1,niDAQmxCorei_mft.cab
1,niappm2i.cab
1,nipximxe.cab
1,dsai.cab
1,NetONEX32.v1.3.6.2.cab
1,koax5j_l.cab
1,authrootstl.cab
1,NIVISASerialPassport_mft.cab
1,vsaser.cab
1,Allwinner.aw1689.adcbutton.cab
1,pxiPlatformExpert_mft.cab
1,redcanary.cab
1,Allwinner.aw1689.AudioAdapter.cab
1,sample2-disk1.cab
1,sample1.cab
1,NETCFv35.wm.armv4i.cab
1,iot_options.cab
1,niscxi.cab
1,niedei.cab
1,nimdbg32.cab
1,nitimingi64.cab
1,nipiei64.cab
1,NetONEX32.v1.4.9.2.cab
1,NetONEX32.v1.3.5.0.cab
1,NetONEX64.v1.4.0.0.cab
1,NetONEX32.v1.3.8.0.cab
1,tdPass_x64.cab
1,disallowedcertstl.cab
1,VSARUN32.cab
1,vsenas64.cab
1,visahdrs.cab
1,visahd64.cab
1,mxiManager32_mft.cab
1,nipiei_mft.cab
1,NetONEX32.v1.3.8.3.cab
1,NetONEX32.v1.4.5.0.cab
1,NetONEX32.v1.4.7.0.cab
1,CVE-2014-9732.cab
1,mindterm_ie.cab
1,RealArcadeRdxIE_test.cab
1,EIDCard.cab
1,vsenet64.cab
1,vsusb64.cab
