1371,myCA.cer
1365,mycertvalid.cer
896,oracle-cert.cer
474,adn.cer
442,mfp.cer
415,httpbin_2.cer
415,httpbin_1.cer
415,adn_2.cer
415,httpbin_0.cer
415,adn_1.cer
415,adn_0.cer
407,expired.cer
400,valid-dns-name.cer
400,signed-by-ca1.cer
400,alamofire-signing-ca1.cer
400,multiple-dns-names.cer
400,missing-dns-name-and-uri.cer
400,valid-uri.cer
400,test.alamofire.org.cer
400,alamofire-signing-ca2.cer
400,foobar.com.cer
400,NoDomains.cer
400,alamofire-root-ca.cer
400,signed-by-ca2.cer
399,AltName.cer
396,root_ca.cer
393,digicert_ca_3.cer
363,server.cer
360,ca.cer
358,httpbin_3.cer
351,AddTrust_External_CA_Root.cer
351,COMODO_RSA_Certification_Authority.cer
330,wildcard.alamofire.org.cer
316,httpbinorg_01162016.cer
309,intermediate-ca-disig.cer
309,testssl-expire.disig.sk.cer
309,root-ca-disig.cer
291,aps_development.cer
262,anchor.cer
244,root.cer
239,certDER.cer
239,certPEM.cer
207,sun.cer
202,ourdomain.cer
190,client.cer
183,cybervillainsCA.cer
174,axTLS.x509_1024.cer
174,axTLS.x509_4096.cer
174,axTLS.x509_2048.cer
174,axTLS.ca_x509.cer
172,ms_iis.cer
172,axTLS.x509_device.cer
172,socgen.cer
172,gnutls.cer
172,axTLS.x509_512.cer
138,sun2labs2.cer
138,labs2isrg2.cer
135,ee.cer
126,verify_sign_acp.cer
124,firmware_key.cer
118,UpopRsaCert.cer
118,googlecom_0.cer
118,googlecom_1.cer
118,rest.cer
112,SelfSigned.cer
110,test.cer
102,localhost.cer
96,ExpiredCert.cer
96,AuthorityCert.cer
96,DifferentHash.cer
96,OtherAuthorityCert.cer
96,NotGoogleCert.cer
96,ValidCert.cer
95,rod.cer
92,E7P4EE896K.cer
90,expired.badssl.com-leaf.cer
90,expired.badssl.com-root-ca.cer
86,management.cer
84,signed.cer
81,signature_util_test.cer
79,apple.cer
79,cert.cer
72,mitmproxy-ca-cert.cer
70,*.alamofire.org.cer
70,sdkcli.cer
69,jane2steve.cer
69,246810.cer
69,sun2labs1.cer
69,jane2jane.cer
69,steve2tom.cer
68,certificate-without-private-key.cer
68,ApplicationGatewayAuthCert.cer
67,OmahaTestCert.cer
67,ios_distribution.cer
66,aps_production.cer
63,SampleApplicationCredential.cer
61,srca.cer
61,google.com.cer
60,GoogleInternetAuthorityG2.cer
59,GeoTrust_Global_CA-cross.cer
59,GeoTrust_Global_CA_Root.cer
59,googlecom_2.cer
59,invalid.cer
59,IntegrationAccountCertificate.cer
58,emrcert.cer
57,javarp.cer
55,tomcat.cer
51,root_certificate.cer
51,AppleIncRootCertificate.cer
49,rodatexampledotcom.cer
46,rice.cer
46,idsrv3test.cer
44,DevRoot.cer
43,essential-ssl.cer
43,scummvm.cer
43,cacert-org.cer
41,httpbinorg_11212014.cer
41,Geotrust_Root_CA.cer
41,zhy_server.cer
41,Rapid_SSL_CA.cer
40,service.cer
40,gateway.cer
37,Kentor.AuthServices.StubIdp.cer
36,unrelated.cer
35,ECRaizEstado.cer
35,httpbinorg_01192017.cer
34,idp.cer
34,ApkSign.cer
32,BobRSASignByCarl.cer
32,wso2carbon.cer
32,CarlDSSSelf.cer
32,encrypt.cer
32,DianeRSASignByCarl.cer
32,CarlRSASelf.cer
32,AliceRSASignByCarl.cer
32,DianeDSSSignByCarlInherit.cer
32,BatchTestCert01.cer
32,AliceDSSSignByCarlNoInherit.cer
32,aaa.cer
31,servername.cer
30,der-cert1.cer
30,base64-cert2.cer
30,test-cert.cer
30,RSA2048_PROD_index_22.cer
27,hyts_badpem.cer
25,AppleWWDRCA.cer
25,gpac.cer
24,testcert.cer
22,MD5CollisionCA.cer
22,TargetCollidingCertificate2.cer
22,client1.cer
22,TargetCollidingCertificate1.cer
22,batchtest.cer
22,cacert.cer
21,selfsigned.cer
21,CC001.cer
21,ECQualifSigCC002.cer
21,ThawteSGCCA.cer
20,serverPublicKey.cer
20,link_SHA256.cer
20,root2_SHA256.cer
20,clientPublicKey.cer
19,myTest.cer
19,sp.cer
19,Interm.cer
18,TestDevCertificate.cer
18,certificate.cer
18,After_10-10-10_MSCV-VSClass3.cer
18,mergecer01.cer
18,ca-certificate-rsa.cer
18,gateway2.cer
18,ca-certificate-ec.cer
18,oracle.cer
18,Symantec.cer
17,cvc_chain_dvca_cert1.cer
17,cvc_chain_dvca_req2b.cer
17,cvc_chain_is_req.cer
17,cvc_chain_dvca_req2.cer
17,cvc_chain_is_cert.cer
17,oracle-vbox.cer
17,ios_development.cer
17,Lidia.cer
17,cvc_chain_dvca_ado2.cer
17,cvc_chain_dvca_req.cer
17,root1_SHA256.cer
17,cvc_chain_link12.cer
17,cvc_chain_cvca.cer
16,dist.cer
16,warmcat.com.cer
16,sthpw.cer
15,othertest.cer
15,base64_test.cer
15,fedicteidtest.cer
14,INTER_CA_SHA256-ROOT_CA_SHA1.cer
14,ROOT_CA_SHA1.cer
14,INTER_CA_SHA1-ROOT_CA_SHA1.cer
14,ROOT_CA_SHA256.cer
14,EasyHookTestCert.cer
14,TestCA.cer
14,cacheserver.cer
14,INTER_CA_SHA1-ROOT_CA_SHA256.cer
14,INTER_CA_SHA256-ROOT_CA_SHA256.cer
13,be_tlso.cer
13,ECQualifSigCC0001.cer
13,publickey.cer
13,ECAuthCC0003.cer
13,sf-class2-root.cer
13,ECQualifSigCC0004.cer
13,ECAuthCC0001.cer
13,ECQualifSigCC0003.cer
13,LG.cer
13,luvit.io-ca.cer
13,ECAuthCC002.cer
13,sks-keyservers.netCA.cer
13,ECAuthCC0004.cer
13,selfSigned.cer
12,RemoteDesktop.cer
12,libwebsockets.org.cer
12,CSD01_AAA010101AAA.cer
12,servertestcer.cer
12,rootgva.cer
12,jbcp_clientauth.cer
12,CA-samba.example.com-cert.cer
12,acp_test_enc.cer
12,edipi.cer
11,Thawte Server CA.cer
11,ideal.cer
11,client2.cer
11,MartinCertificate.cer
11,Thawte Premium Server CA.cer
10,GlobalSign.cer
10,collabora-ca.cer
10,dhansak-collabora.cer
10,amazon_v3.100.cer
10,chat.facebook.com.cer
10,example.cer
10,citizen_ca.cer
10,TestCertificate.cer
10,osx.cer
10,https.cer
10,test-auth0.cer
10,linkchecker.cer
10,talk.google.com.cer
9,test2.cer
9,Certificate.cer
9,merchantprivatecert.cer
9,crlf.cer
9,serpensRemoteAgentCertificate.cer
9,DST Root CA X3.cer
9,certfile.cer
9,pydev_certificate.cer
9,server1.cer
8,invalid_cert.cer
8,valid_cert.cer
8,emisor.cer
8,GeoTrust.cer
8,BatchTestCert02.cer
8,ECCE.cer
8,httpbinorg_10242013.cer
8,VeriSign Class 3 Public Primary CA.cer
8,ec.europa.eu.5.cer
8,mycert.cer
8,VeriSign Trust Network.cer
8,ACRaizBrasileira_v2.cer
8,ACCertisignG6_v2.cer
8,Let's Encrypt Authority X3.cer
8,mosquitto.org.cer
8,IAIKtsaCert.cer
8,kcanbusr3_der.cer
8,OCIcert.cer
8,textsecure.cer
8,GTE CyberTrust Global Root.cer
8,gooduser.cer
8,public.cer
8,ec.europa.eu.4.cer
8,BatchTestCert03.cer
8,hdm.bither.net.cer
8,dev.cer
8,Entrust.cer
8,baduser.cer
8,ACCertisignMultiplaG5.cer
8,ec.europa.eu.6.cer
8,ec.europa.eu.3.cer
8,testkey_rsa.cer
8,encryptionCert.cer
7,apple-certificate.cer
7,Amazon Root CA 1.cer
7,VirtIOTestCert.cer
7,ec.europa.eu.1.cer
7,ftpclient.cer
7,sysprogs.cer
7,acp_test_middle.cer
7,acp_prod_enc.cer
7,MainAppx_1.0.2.0_arm.cer
7,MainAppx_1.0.0.0_x86.cer
7,MainAppx_1.0.0.0_arm.cer
7,Amazon.cer
7,MSRA.cer
7,acp_test_root.cer
7,cert_with_ec_pk.cer
7,localhost-client.cer
7,Thawte Root Certificate.cer
7,adfs-signing.cer
7,ftpserver.cer
7,DokanCA.cer
7,MainAppx_1.0.2.0_x86.cer
7,ecdsa.cer
7,DokanSign.cer
7,CA.cer
7,entrust_2048_ca.cer
7,ec.europa.eu.2.cer
7,apple-intermediate.cer
7,uidai_auth_stage.cer
7,TSL_OPERATOR.cer
6,LabRoot.cer
6,acp_test_verify_sign.cer
6,revoked.cer
6,root.CyberTrust.cer
6,test-certificate-1.cer
6,LabClient.cer
6,root.be_tlso.cer
6,root.BaltimoreCyberTrust.cer
6,GeoTrust Global CA.cer
6,BPClass3RootCA.cer
6,rootCA.cer
6,root.DigitPA.cer
6,FeRemote.cer
6,key.cer
6,BPClass3CA3.cer
6,RootCert.cer
6,WssIP.cer
6,certificate-authority.cer
6,server2.cer
6,test-certificate-2.cer
6,SigQualifCC0004.cer
6,Alice.cer
6,testca.cer
6,hkps.pool.sks-keyservers.net.CA.cer
6,root.gva.cer
6,cc001.cer
6,server_key.cer
6,root.TestCA.cer
6,refkit-db.cer
6,whisperFake.cer
6,root.IAIKtsaCert.cer
6,ClientCredsAddin.cer
6,server-cert.cer
6,testclient.cer
6,Bob.cer
6,Buypass_Class_3_Test4_Root_CA.cer
6,testss.cer
6,MyServerCert.cer
6,Client.cer
6,server-public-key.cer
6,WSETEST.cer
6,myTest2.cer
6,foo.cer
6,root.cybertrust.cer
6,Buypass_Class_3_Test4_CA_3.cer
5,wss40_server.cer
5,tizen-distributor-ca.cer
5,SK_OCSP_RESPONDER_2011.pem.cer
5,fota.cer
5,trust.cer
5,issuer.cer
5,aps.cer
5,moufiltr.cer
5,pgp.mit.edu.cer
5,ca-bundle.cer
5,httpbinorg_02182021.cer
5,MSCV-VSClass3.cer
5,keybank_v3.100.cer
5,google.co.uk.cer
5,CSD09_AAA010101AAA.cer
5,digicert.cer
5,KdExploitMe.cer
5,aaa010101aaa_csd_01.cer
5,github.cer
5,keybank_v3.101.cer
5,RSAESCryptorTest.cer
5,realm.cer
5,package.cer
5,Thawte_Personal_Premium_CA.cer
5,wss40rev.cer
5,api.keybase.io.CA.cer
5,peru_CA.cer
5,AppCert1.cer
5,digicert-sha2.cer
5,tizen-developer-ca.cer
5,Google Internet Authority G2.cer
5,sk_ca.cer
5,TempCA.cer
5,peru_client.cer
5,test-certificate.cer
4,myx509n.cer
4,CSD02_AAA010101AAA.cer
4,aaa010101aaa__csd_08.cer
4,aaa010101aaa__csd_07.cer
4,CSD03_AAA010101AAA.cer
4,Verisign.cer
4,good-user.cer
4,server-public.cer
4,www.google.co.uk.cer
4,aaa010101aaa__csd_05.cer
4,selfsignedcert_b.cer
4,nml.cer
4,demo.cer
4,stubidp.sustainsys.com.cer
4,citrixsha1.cer
4,Saffre-Rumma.cer
4,mykey.cer
4,signCert.cer
4,good-ca.cer
4,acp_prod_verify_sign.cer
4,1.cer
4,ServerPublic.cer
4,default-key.cer
4,Custom Level 2 CA.cer
4,TSA_BE.cer
4,test-root-cert.cer
4,selfsignedcert_xml_a.cer
4,CSD07_AAA010101AAA.cer
4,client3.cer
4,bar.cer
4,www.apple.com.cer
4,Custom Level 3 CA.cer
4,citrixsha256.cer
4,devid_app.cer
4,aaa010101aaa__csd_01.cer
4,SecCertMS070714.cer
4,myTest3.cer
4,something_expired.cer
4,ClientPublic.cer
4,Final Level 4 Issuing CA.cer
4,httpbin.org.cer
4,NetKVMTemporaryCert.cer
4,RootCATest.cer
4,Counterparty_SignatureInvalidStart.cer
4,pac.cer
4,SignedByCA.cer
4,CSD06_AAA010101AAA.cer
4,CSD08_AAA010101AAA.cer
4,sk_user.cer
4,consul-agent1.leankit.com.cer
4,identityserver_testing.cer
4,der-certificate-dsa.cer
4,redphone.cer
4,ourdomain_server.cer
4,aaa010101aaa__csd_10.cer
4,123Public.cer
4,selfsignedcert_a.cer
4,Symantec Class 3 EV SSL CA - G3.cer
4,keybank_v3.102.cer
4,Certum-Code-Signing-CA-SHA2.cer
4,pstestcert.cer
4,aaa010101aaa__csd_04.cer
4,CSD05_AAA010101AAA.cer
4,CSD04_AAA010101AAA.cer
4,MyKey.cer
4,Custom Root CA.cer
4,CZ.cer
4,aaa010101aaa__csd_06.cer
4,canboxuly2.cps@gmail.com.cer
4,Counterparty_SignatureInvalidEnd.cer
4,aaa010101aaa.cer
4,sml1536.cer
4,idefav.cer
4,client-public.cer
4,devid_install.cer
4,myx509p.cer
4,axTLS.x509_1042.cer
4,Counterparty_Signature.cer
4,intca2.cer
4,test keypair 1 certificate.cer
4,MerchantPublic.cer
4,CSD010_AAA010101AAA.cer
4,wss40exp.cer
4,aaa010101aaa__csd_03.cer
4,consul-server1.leankit.com.cer
4,HOST1.cer
4,engineblock-dummy-idp.cer
4,aaa010101aaa__csd_02.cer
4,aaa010101aaa__csd_09.cer
4,rfc3280bis_cert1.cer
4,gpxsee.cer
4,client-public-key.cer
4,siths_ca_version_3.cer
4,paytest.cer
3,acp_prod_middle.cer
3,CordovaApp_0.0.1.0_AnyCPU_Debug.cer
3,Titanium_Proxy_Test_Root.cer
3,WMUsedRootCAs.cer
3,intermediate.cer
3,cduniverse_v3.100.cer
3,bob.cer
3,webserver.cer
3,TestRoot.cer
3,99bill.cert.rsa.20340630.cer
3,pjones.cer
3,commfides_test_ca.cer
3,cacert.org.cer
3,CarbonTestCertificate.cer
3,valid.cer
3,google.cer
3,qz-free.cer
3,adobelogin.com.cer
3,BigsbyClientCert.cer
3,Client1.cer
3,mtgox4.com.cer
3,commaaicert.cer
3,CSD_Prueba_CFDI_LAN8507268IA.cer
3,DaniateCert.cer
3,ec-prime256v1.cer
3,count.ly.cer
3,mtgox2.com.cer
3,sapi_cert.cer
3,apple_root_ca.cer
3,FiddlerRoot.cer
3,amazon_v3.101.cer
3,auto-generated.cer
3,GSTN_public.cer
3,crlTestLeaf.cer
3,AcrConnect.cer
3,development_publickey.cer
3,client_key.cer
3,RapidSSL SHA256 CA - G3.cer
3,rsa-3072.cer
3,good.cer
3,server3.cer
3,ec-secp384r1.cer
3,crlTestRoot.cer
3,2SRootCAv1.cer
3,mtgox.com.cer
3,gsorganizationvalg2.cer
3,CSD_XIA190128J61.cer
3,TestCertificateFile.cer
3,Auth_Staging.cer
3,cert_1.cer
3,baidu.cer
3,Helsenorge_Signature.cer
3,taeyoon.cert.cer
3,dosage.cer
3,self-signed.cer
3,rs256-cert.cer
3,data.mtgox.com.cer
3,leaf.cer
3,abc-root.cer
3,difi-enhetstester.cer
3,vigicrues.cer
3,12306.cer
3,mtgox3.com.cer
3,Trust Anchor CP.01.01.cer
3,www.google.com.cer
3,ca_certificate_bundle.cer
3,alice.cer
3,web.local.cer
3,test_neg_serial.cer
3,rsa-2048.cer
3,BranchMonitor.cer
3,rootcert.cer
3,data.mtgox2.com.cer
3,acp_prod_root.cer
3,Counterparty_Encryption.cer
3,esx_thumb_print.cer
3,servidor.cer
3,sample_nopurposes.cer
3,rsa-4096.cer
3,app.cer
3,Themes.cer
3,TestRootCA.cer
3,ingbank.cer
3,knownGoodCert.cer
3,ec-secp521r1.cer
3,data.mtgox.com3.cer
3,abc-test.cer
3,Fake-ACRoot-Certificate.cer
3,shenanigans.cer
3,pkpub.cer
3,AAA010101AAA.cer
3,onlyoffice.cer
3,*.foursquare.com.cer
2,weather-base64.cer
2,DO_NOT_TRUST Testing2.cer
2,minifilter.cer
2,sunat.cer
2,CarbonTestPublicKey.cer
2,entrust_v3.101.cer
2,xero-private.cer
2,300.cer
2,Test_rsa.cer
2,cert2.cer
2,2.cer
2,abc-apps.cer
2,base64_encoded.cer
2,DBself.cer
2,xdss_v3.100.cer
2,WcfBridge_localhost.cer
2,oauth2-dev.cer
2,AzureManagementCert.cer
2,ValidSelfSignedBringAs.cer
2,KLASS3-SK OSCP RESPONDER 2006.PEM.cer
2,wellsfargo_v3.101.cer
2,kg.cer
2,muzo.signing_prod.cer
2,example01.cer
2,GlobalSign_r3.cer
2,endpoint.cer
2,certificate-valid-01.cer
2,SSL2.cer
2,saltedge.com.cer
2,EbppRsaCert.cer
2,ca.ssl.cer
2,TEST-SK OCSP RESPONDER.pem.cer
2,EID-SK OCSP RESPONDER 2006.PEM.cer
2,UserCert.cer
2,csCA.cer
2,rhodes_cert.cer
2,Cowboy.cer
2,IssuingCA.cer
2,Onchain Certification Authority.cer
2,gatewayalias.cer
2,commfides_test_root_ca.cer
2,WinAppDriver.cer
2,SensorTagReader_1.0.0.0_x64_Debug.cer
2,Sha2OmahaTestCert.cer
2,TEST ESTEID-SK 2011.cer
2,ESTEID-SK OCSP RESPONDER.PEM.cer
2,kehtiv.pem.cer
2,authocsp2010.cer
2,verisign_v3.101.cer
2,SecCertHX080714.cer
2,hrinyorg-prod-public64.cer
2,sb.production.cer
2,DvtSelfSigned.cer
2,id_rsa.cer
2,OXxlRDVcWqdPEvFm.cer
2,TrustPay.cer
2,ESTEID-SK.PEM.cer
2,TEST SK OCSP RESPONDER 2011.cer
2,ESTEID-SK 2007.PEM.cer
2,KLASS3-SK OSCP RESPONDER.pem.cer
2,EID-SK 2007 OCSP RESPONDER.PEM.cer
2,CyberTrust.cer
2,self-signed.badssl.com.cer
2,vpn-gateway.vpntrial.com.cer
2,sesame.cer
2,360.cer
2,rsa-2048-sha1.cer
2,sgomecloud.cer
2,fedora-ca.cer
2,DO_NOT_TRUST Testing.cer
2,SensorTagReader_1.0.0.0_ARM_Debug.cer
2,PKself.cer
2,TEST_EECCRCA.cer
2,vasquez-validator.cer
2,SutSelfSigned.cer
2,judopay-sandbox.com.cer
2,jabber-server.cer
2,DO_NOT_TRUST Testing2_asBytes.cer
2,verisign_v3.102.cer
2,xdss_v3.101.cer
2,D-TRUST_CA_3-1_2016.cer
2,pe-signing-cert.cer
2,CA-Justice-ECDSA-261217.cer
2,DigiCertHighAssurance.cer
2,api_server.cer
2,rootCA-der.cer
2,EvoAppAzureManagementCertificate.cer
2,ExpiredSelfSignedBringAs.cer
2,ecommerce.cielo.com.br.cer
2,TEST-SK.PEM.cer
2,tib-dev.cer
2,BNetzA-CA.cer
2,30001000000400002330.cer
2,jon.cer
2,RetMonitorPackage.cer
2,Adobe Root Certificate.cer
2,DEMOISELLE_AC.cer
2,GostECDsa512.cer
2,KEKself.cer
2,EID-SK 2007.PEM.cer
2,spring_config_server_cert.cer
2,SSL1.cer
2,349.cer
2,apptest.cer
2,fsc_server.cer
2,Cloudbase_signing.cer
2,msvc.cer
2,applestore_v3.100.cer
2,GlobalSign_r1.cer
2,mc_uatsaml_pub.cer
2,ecdsa-p256-sha256.cer
2,private.cer
2,DigiCertHighAssuranceCA-3.cer
2,verisign_v3.100.cer
2,csLeafShortPath.cer
2,vault.cer
2,ca_cert.cer
2,commfides_ca.cer
2,tests_1.0.0.0_x86_Debug.cer
2,refind.cer
2,BPCl3CaG2STBS.cer
2,SanitelCF.cer
2,githubusercontent.cer
2,GSTN_PublicKey.cer
2,DigiCertGlobalRootG2.cer
2,BehanceSSLCAG2.cer
2,SimpleNIOServer.cer
2,Terry.cer
2,unused.example.com.cer
2,jubaopay.cer
2,35D6SWP6U4.cer
2,nopolicy.cer
2,bitstamp.net.cer
2,appveyor-tockler.cer
2,SensorTagReader_1.1.103.0_ARM_Debug.cer
2,cduniverse_v3.101.cer
2,proxyroot.cer
2,cloudfront.net.cer
2,Fortinet_CA_SSLProxy.cer
2,YPES_Ministry_Interior_CA.cer
2,cas.cer
2,C_DocSigner.cer
2,D3G266C6BG.cer
2,abcsign.cer
2,mycompany.cer
2,tnLabs.cer
2,developer_identity.cer
2,encryptpub.cer
2,test115.cer
2,signing.cer
2,casetree.cer
2,com_taobao_tae_sdk_root.cer
2,TEST-SK OCSP RESPONDER 2005.PEM.cer
2,37807256017_sign.cer
2,JUUR-SK.PEM.cer
2,GeoTrust_Global_CA.cer
2,mathnet_public.cer
2,CertBase.cer
2,Server.cer
2,btc-e.com.cer
2,GostECDsa256.cer
2,20001000000200000192.cer
2,WindowsPtDriver.cer
2,fsa_server.cer
2,file.cer
2,WcfBridge_RootCA.cer
2,mule.cer
2,SSL2-der.cer
2,SSL1-der.cer
2,SSL3.cer
2,muniCourt.cer
2,sb.testmode.cer
2,startcom.cer
2,IntermediateCA.cer
2,kehtetu.pem.cer
2,muzo.signing_test.cer
2,adobe.io.cer
2,cert_devnet_ca.cer
2,startcom-intermediate.cer
2,Sha1OmahaTestCert.cer
2,EID-SK OCSP RESPONDER.PEM.cer
2,mir-cdn.behance.net.cer
2,mlb.cer
2,AAD990814BP7.cer
2,IssuingCA-der.cer
2,Tencent.cer
2,httpbinorg_12092018.cer
2,ca_https.cer
2,abnamro.cer
2,Raiz.cer
2,dotnet_personal_test.cer
2,proteron_v3.100.cer
2,apple_v3.100.cer
2,iproj_v3.102.cer
2,ThawteSSLCA.cer
2,SecCertUS071514.cer
2,EncryptionTest.cer
2,commfides_root_ca.cer
2,dave.cer
2,openSUSE-UEFI-CA-Certificate.cer
2,scytales_root_ca.cer
2,wilma.cer
2,zhihu.cer
2,Helsenorge_InvalidEncryption.cer
2,github.com.cer
2,SensorTagReader_1.1.103.0_x64_Debug.cer
2,keys.cer
2,hab-uart.cer
2,CarbonTestCertificateWithPassword.cer
2,TEST EID-SK 2011_crt.cer
2,DSTRootCAX3.cer
2,testcert-gkr.cer
2,duke.cer
2,gps.cer
2,gccmd3.cer
2,clientcert.cer
2,ESTEID-SK OCSP RESPONDER 2005.PEM.cer
2,apple_v3.101.cer
2,csLeaf.cer
2,ec.europa.eu.7.cer
2,httpbinorg_08132017.cer
2,DOOR3_LWPROD_SSO.cer
2,ssl.test.cer
2,500px.cer
2,ios_certificate.cer
2,todosample.cer
2,SecureServer.509.cer
2,RootCowboy.cer
2,100.cer
2,UKSFPK.cer
2,startcom-ca.cer
2,sChat.cer
2,BPCl3CaG2HTBS.cer
2,BPCl3RootCaG2HT.cer
2,koalaJmx.cer
2,SensorTagReader_1.1.103.0_x86_Debug.cer
2,ESTEID-SK 2007 RESPONDER.pem.cer
2,EID-SK.PEM.cer
2,VPNTrialCA.cer
2,httpbinorg_06102018.cer
2,certificado_servidor.cer
2,certificate-valid-02.cer
2,rsa-2048-sha256.cer
2,com0com.cer
2,mitmsocks4j.cer
2,test105.cer
2,servercert.cer
2,Helsenorge_Encryption.cer
2,digitrustroot.cer
2,sk_proxy_ocsp2009.cer
2,SK PROXY OCSP RESPONDER 2008.PEM.cer
2,entrust_l1c.cer
2,AppleDEVID.cer
2,Example.cer
2,BNetzA-CRL.cer
2,Test_ec.cer
2,thawte Primary Root CA.cer
2,Certificates.cer
2,testCert.cer
2,rabobank.cer
2,DO_NOT_TRUST Testing_asBytes.cer
2,SensorTagReader_1.0.0.0_x86_Debug.cer
2,KLASS3-SK.PEM.cer
2,secauth_v3.100.cer
2,ec.europa.eu.8.cer
2,SVRSecureG3.cer
2,99bill[1].cert.rsa.20140803.cer
2,symantec.cer
2,lvwenhancom.cer
2,rehabilitationappca.cer
2,fsm_server.cer
2,TEST.pem.cer
2,SK OCSP RESPONDER 2011.pem.cer
2,cliente.cer
2,wellsfargo_v3.100.cer
2,hrinyorg-prod-public.cer
2,thumbprint.example.com.cer
2,httpbinorg_03172020.cer
2,exampleCA.cer
2,Intermediaria.cer
2,aaa010101aaa_CSD_10.cer
2,digidocservice.sk.ee.pem.cer
2,self_signed_certificate.cer
2,entrust_v3.100.cer
2,behance.net.cer
2,singular.cer
2,Baidu Software Center.cer
2,localhost-other.cer
2,godaddy_g2_root.cer
2,www.example.com.cer
2,RetMonitor.cer
2,ev-cert.cer
2,WinRTApp_1.0.0.0_AnyCPU_Debug.cer
2,GeneralRootCA.cer
2,MapPack.cer
2,netkvmtemporarycert.cer
2,dotnet_root.cer
2,SK_TIMESTAMPING_AUTHORITY.pem.cer
2,applestore_v3.101.cer
2,certificate-valid.cer
2,valid.example.com.cer
2,GeoTrust_EV_SSL_CA_-_G4.cer
2,lighttpd.cer
2,sherlockClient.cer
2,nimbuzz.cer
2,MOKself.cer
2,KLASS3-SK OCSP RESPONDER 2009.PEM.cer
2,gipCps0.cer
2,secauth_v3.101.cer
2,Baidu.cer
2,ssl.cer
2,misfit-press-xero.cer
2,data.mtgox3.com.cer
2,google_reader_ca.cer
2,MSCV-GlobalSign.cer
2,equifaxsecureca.cer
2,SusanJones.cer
2,csRoot.cer
2,expired.example.com.cer
2,jan.newmarch.name.cer
2,RootMedCA.cer
2,icoe1.cer
2,fabricam_ssl.cer
2,frieslandbank.cer
2,canboxuly2.cps@gmail.com2.cer
2,as.cer
2,littleproxy.cer
2,ESTEID-SK 2011.pem.cer
2,37807256017_auth.cer
2,tlstestapp-root.cer
2,mycert1.cer
2,caddy.ca.cer
2,SLES-UEFI-CA-Certificate.cer
2,simulator.cer
2,mycertificate2.cer
2,gw1.judopay.com.cer
2,BPCl3RootCaG2ST.cer
2,NotActivatedSelfSignedBringAs.cer
2,TEST-SK_2009.pem.cer
2,EECCRCA.pem.cer
2,DigitPA.cer
2,mc_prodsaml_pub.cer
2,opensystem-dev.cer
2,not-localhost.cer
2,TestIntermediateCA.cer
2,chromium-test-ct.cer
2,facebook.cer
2,altlinux.cer
2,xpfurandom_win_mwe.cer
2,weather-der.cer
2,devserver.cer
2,policyEngine.cer
2,EID-SK 2011.pem.cer
2,TEST-SK_TIMESTAMPING_AUTHORITY.pem.cer
2,uidai_auth_prod.cer
2,nick.cer
2,endpoint2.cer
2,testLSD.cer
2,SSL3-der.cer
2,BNetzA-OCSP.cer
2,icoe9.cer
2,springWsKeyStore.cer
2,cab2bcert.cer
1,DO_NOT_TRUST_FiddlerRoot.cer
1,repo.cer
1,pcburnout08.cer
1,signing_certificate.cer
1,ad.cer
1,l.cer
1,myservice.cer
1,noEKU.cer
1,KeychainAccessSystemRoot.cer
1,DODEMAILCA_24.cer
1,Izenpe.com.cer
1,resourceSignLeaf.cer
1,KeychainAccessUserRoot.cer
1,Comodo_AAA_Certificate_Services.cer
1,secp521r1server-secp521r1ca.cer
1,dmitchtread.cer
1,RootP256.cer
1,ws.imap.org.br.cer
1,Dastan.Windows_1.1.0.4_AnyCPU.cer
1,primaryca.cer
1,Computator.NET_TemporaryKey.cer
1,Octopus.Windows_1.1.0.0_AnyCPU.cer
1,DevRootCA.pfx.cer
1,DigiCert_EV_Root.cer
1,eku9003173c9.cer
1,mobiletestic3com.cer
1,benedikt.frenzel-icloud.com.cer
1,Equifax Secure eBusiness CA-2 .cer
1,httpbinorg_04082019.cer
1,marketwatch.cer
1,hongan.cer
1,BarbaTunnel.cer
1,TA.cer
1,11.cer
1,ios_distribution(1).cer
1,vanthu.svh.cer
1,bhisscert64.cer
1,flynn-ca.cer
1,exporter.cer
1,DigipostCert.cer
1,IdentityProviderCertificate.cer
1,99bill.cert.rsa.20140803.cer
1,mf.dev.mati.io.cer
1,Win81App_4.1.45.10_x86_x64_arm.cer
1,bbcmain.cer
1,iisexpresstestlocal.cer
1,serpay.cer
1,00001000000202736379.cer
1,iaik-ca.cer
1,mio-server.cer
1,DigiCertGlobalRootCA.cer
1,RootCert.Cert.cer
1,T-TeleSec GlobalRoot Class 2.cer
1,ValiCertClass3PVA.cer
1,DODCA_19.cer
1,ECCp256.cer
1,MPHPT_CA.cer
1,stone.tees_v3.100.cer
1,luottokunta_v3.100.cer
1,Persian News_1.1.0.2_AnyCPU.cer
1,user2.cer
1,gauthify2.cer
1,PypestreamCert.cer
1,30001000000400002332.cer
1,TaxCATest.cer
1,rsa_sign.cer
1,ShippingAPI_V2_0_8.cer
1,webproxy.nav.no.cer
1,badssl.cer
1,digicertassuredidrootca.cer
1,00001000000301246267.cer
1,29.cer
1,GeoTrust Universal CA 2.cer
1,thawte_Primary_Root_CA.cer
1,localhostadmin.cer
1,noSignKeyUsage.cer
1,developer.cer
1,Gesperrt.cer
1,EE.cer
1,MochiSketchDemo_1.0.0.0_x86_x64_arm.cer
1,FlightTracker.cer
1,Push.cer
1,SpartaHack_1.1.4.0_x86.cer
1,NfcClipboard_1.0.0.2_AnyCPU.cer
1,Let's Encrypt Authority X1.cer
1,forpda_to.cer
1,maXboxCertAuth3.cer
1,mykey-cliente.cer
1,broker_certificate.cer
1,apple-wwdcrca.cer
1,eff.cer
1,sertick.cer
1,wx.qq.com.cer
1,FIEL_AAA010101AAA.cer
1,o.cer
1,u.cer
1,TLCert-test.cer
1,root ca - seg-social.cer
1,serverCA.cer
1,qpsa_rootca.cer
1,debugRoot.cer
1,DODCA_27.cer
1,UCARoot.cer
1,CA Disig Root R1.cer
1,DODCA_18.cer
1,Swisscom Root EV CA 2.cer
1,Swisscom Root CA 2.cer
1,acClasse4.cer
1,thawte_v3.100.cer
1,DODCA_17.cer
1,luottokunta_v3.101.cer
1,CA04.cer
1,CLA.cer
1,acp20151027.cer
1,cryptoregistry.com-selfsigned.cer
1,root1.cer
1,Q97R4F6PJT.cer
1,nl4.cer
1,MarlinClient.cer
1,iia040805dz4.cer
1,StoreKitTestCertificate.cer
1,ckplayer.cer
1,thawte Primary Root CA - G3_SHA256.cer
1,Equifax Secure eBusiness CA-1.cer
1,Thawte Personal Freemail CA.cer
1,appletsigningkey.cer
1,MotoAid_1.0.0.18_AnyCPU.cer
1,sd2.cer
1,GTEGlobalRoot.cer
1,App1_1.0.0.0_AnyCPU_Debug.cer
1,Cert1.cer
1,aad990814bp7_1210261233s.cer
1,sylvan.apple.com.cer
1,FedICT-BE0367302178.cer
1,SpartaHack_1.1.1.0_ARM.cer
1,fullchain.cer
1,pazure.cer
1,ExpiredTestCertificate.cer
1,ucdenver.cer
1,trainmonitor.cer
1,keystore_api-2.cer
1,Spark.cer
1,mf.dev.device.signal.cer
1,uvacert.cer
1,webapp.cer
1,localhost_cas.cer
1,TestCertQSeCard.cer
1,selfSignedNoEkuCertificateExpired.cer
1,Arkanoid_1.1.0.0_x86_x64_arm.cer
1,cps.cer
1,goya780416gm0.cer
1,uoatselfsigned.cer
1,TestIssuerCert.cer
1,CertificateAuthority.cer
1,DOD CA-22.cer
1,www.uit.hpc.mil.cer
1,DOD_CLASS_3_CA-5.cer
1,ECCCA.cer
1,DianeDHEncryptByCarl.cer
1,JCSSecureSignRootCA11.cer
1,csLeafBadEKU.cer
1,IDENTRUSTECA3.cer
1,DODCA_28.cer
1,Thawte_Timestamping_CA.cer
1,BuypassClass3CA1.cer
1,Persian News_1.1.0.4_AnyCPU.cer
1,MyDataConnectorCert.cer
1,Telekom_root_cert_eduroam.cer
1,99bill.cert.rsa.20140728.cer
1,nl_eDL1.cer
1,nl_eDL_specimen.cer
1,server-auth.cer
1,ixs7607092r5.cer
1,30001000000400002436.cer
1,30001000000400002333.cer
1,eapcitrix.cer
1,PersoSim_Root_CA.cer
1,tpm_ek_root_1.cer
1,GettingData_0.2.11.0_x86_Debug.cer
1,MotoAid_1.0.0.15_AnyCPU.cer
1,my.cer
1,MadMinute!_1.0.0.0_AnyCPU_Debug.cer
1,ias-root.cer
1,SpartaHack_1.1.0.0_ARM.cer
1,apple_iaca.cer
1,cert-client-ec.cer
1,servvv.cer
1,baidu.com.cer
1,ab-server.cer
1,App8.Windows_1.0.0.7_x86.cer
1,validSelfSignedNoEkuCertificate.cer
1,klLicenseKeyGenBase.cer
1,test1.cer
1,z.cer
1,Intel_pc4.cer
1,runner.cer
1,Digicert.cer
1,clientSSL.cer
1,IPToolWP.Windows_1.1.0.9_AnyCPU.cer
1,hermes.chain.cer
1,DoDCA23.cer
1,DOD_CLASS_3_EMAIL_CA-9.cer
1,DOD_CLASS_3_EMAIL_CA-8.cer
1,csCaNoPLC.cer
1,ECCp192.cer
1,DigiNotarServices1024CA.cer
1,DOD_CLASS_3_EMAIL_CA-5.cer
1,verisignCA.cer
1,DODEMAILCA_14.cer
1,DODEMAILCA_28.cer
1,End_P256_combined_SHA512.cer
1,Thawte_Personal_Freemail_CA.cer
1,pcap-ndis6.cer
1,AUSCert.cer
1,Warsaw.cer
1,45E2S7RHB5.cer
1,anti-360-2.cer
1,anti-115-1.cer
1,keyper.io.cer
1,DebugLogging.cer
1,kij0906199r1.cer
1,rsa_auth_cert.cer
1,entrust.cer
1,beacon.cer
1,www.example.com-CA.cer
1,MotoAid_1.0.0.6_AnyCPU_Debug.cer
1,sd3.cer
1,cert_0.cer
1,ec256.cer
1,wfkqereq.cer
1,zerotier_cert.cer
1,der.cer
1,Unknown6656.cer
1,SpartaHack_1.1.2.0_ARM.cer
1,SpartaHack_1.1.3.0_x64.cer
1,mdl_iaca_thales_multicert.cer
1,vanthu.cer
1,is-user-valid.cer
1,realms.cer
1,client_a.cer
1,brown.cer
1,macbeta.b12x.org.cer
1,cer1.cer
1,dev.easysoftware.am.cer
1,www_agrhub_com.cer
1,Deep Thought.cer
1,an.cer
1,g.cer
1,ao.cer
1,specimenCa.cer
1,Intel_pc5.cer
1,fake.cer
1,CarbonTestDsaKey.cer
1,ScottBrady91.cer
1,CSCA-FRANCE-2015.cer
1,LocalSSL.cer
1,eAPP610.cer
1,DoDCA21.cer
1,csLeafNoPLCinInt.cer
1,ORC_ECA.cer
1,acClasse1_0.cer
1,staatdernederlandenrootca.cer
1,SMIME_UserRoot.cer
1,cnnicroot.cer
1,thawte_Primary_Root_CA_G2_ECC.cer
1,jxero.oauth.public.cer
1,Dastan.Windows_1.1.0.1_AnyCPU.cer
1,CA_template.cer
1,DigiCert_Assured_ID_Code_Signing_CA.cer
1,E4LD6N5656.cer
1,bestandsnaam.cer
1,taobao.keystore.cer
1,comodo.sha384.cer
1,validCACert.cer
1,s&s051221se2.cer
1,rootCaCert.cer
1,24.cer
1,authority.cer
1,TempCert.cer
1,fedict_codesiging.cer
1,SpartaHack_1.1.4.0_x64.cer
1,SpartaHack_1.1.2.0_x64.cer
1,.ckver.cer
1,mac_app_development.cer
1,redhat2.cer
1,devclient1.cer
1,devca.cer
1,test3.cer
1,halmer.cer
1,n.cer
1,i.cer
1,x.cer
1,h.cer
1,JulianLoehrCA.cer
1,Intel_pc1.cer
1,JulioCesarTorres.cer
1,sms_virtual_dir_driver_Win32_8.cer
1,DODEMAILCA_19.cer
1,thawte Primary Root CA - G3.cer
1,turktrust-root1.cer
1,Certigna.cer
1,DOD_CLASS_3_CA-10.cer
1,miscPoliciesRoot.cer
1,cmsRoot.cer
1,End_P384_Specified_SHA256.cer
1,End_P256_combined_SHA256.cer
1,mc-idreg-cert.cer
1,user3.cer
1,StanSmith.cer
1,certificate-expired.cer
1,_.ans.gov.br.cer
1,KeymanTest-sha256.cer
1,website_public.cer
1,invalidSelfSignedCert.cer
1,qs_server.cer
1,jes900109q90.cer
1,kicr630120nx3.cer
1,aps (1).cer
1,geotrustglobalca.cer
1,20001000000300022779.cer
1,GeoTrustGlobalCA.cer
1,BmorpgCA.cer
1,metl.cer
1,pineconesslcader.cer
1,icytown.com.cer
1,nist_readerauth_rootcert.cer
1,app.kangzubin.com.cer
1,cmsw.cer
1,mf.staging.mati.io.cer
1,Wrecking-Balls_0.1.0.0_x86_Master.cer
1,q.cer
1,ak.cer
1,37101010021_ec.cer
1,CountDown_1.0.0.0_AnyCPU.cer
1,IntelSigningKey_20April2017.cer
1,sms_virtual_dir_driver_Win32_7.cer
1,DODJITCCA_31.cer
1,nfg_production.cer
1,johnnie.cer
1,DoD Interoperability Root CA 1.cer
1,tc_class_4_ii.cer
1,ThawteRoot.cer
1,acClasse2_1.cer
1,hostNameDotSubjAltName.cer
1,csLeafNoEKU.cer
1,DOD_CLASS_3_CA-6.cer
1,acClasse2_0.cer
1,DigiNotarRootCA2.cer
1,ecExpiredCA.cer
1,DOD_CLASS_3_EMAIL_CA-6.cer
1,End_P384_combined_SHA1.cer
1,CA01.cer
1,end_template.cer
1,pub.eoskey.cer
1,._muzo.signing_test.cer
1,cs.rice.edu.cer
1,MyService.cer
1,sitest-ca.cer
1,bitlogin.cer
1,restServer.cer
1,utn.cer
1,30001000000400002495.cer
1,AmazonRootCA1.cer
1,adorApp.cer
1,GeoTrust Global CA 2.cer
1,GeoTrust CA for Adobe.cer
1,GuiaCiudad.W8_1.0.0.0_AnyCPU_Debug.cer
1,DigiCertHighAssuranceEVRootCA.cer
1,www.example.com-Expired.cer
1,MotoAid_1.0.0.3_AnyCPU_Debug.cer
1,hpca2ssG2_ie.cer
1,seycon_2019.cer
1,FATCA_Public_Cert.cer
1,client.key.cer
1,canboxuly2.cps.cer
1,ios_development-2.cer
1,demo1-certs.cer
1,slartus_ru.cer
1,symantec2g6.cer
1,PNet.cer
1,KDXHttps.cer
1,9J5X3YSWG9.cer
1,csca-germany_013_self_signed_cer.cer
1,DEMOPC05.cer
1,unionpay_verify_dev.cer
1,mf.mati.io.cer
1,CA SINPE - PERSONA FISICA.cer
1,khipu.pem.cer
1,bvto.cer
1,distribution.cer
1,Middleman.Server.Web.cer
1,lab-insurance.cer
1,ariadna.cer
1,c.cer
1,BaltimoreCybertrustRoot.cer
1,SHA-1 Federal Root CA.cer
1,DOD_EMAIL_CA-12.cer
1,UTN_DATACorp_SGC.cer
1,EricaDHEncryptByCarl.cer
1,DODCA_20.cer
1,BadCodeSignLeaf.cer
1,NoEKULeaf.cer
1,CA Disig Root R2.cer
1,CodeSignLeaf.cer
1,FBCA-commonpolicy2.cer
1,idp.ssocircle.com.cer
1,staging.appfab.io.cer
1,SampleApp_1.0.0.0_x64.cer
1,sample_nopurposes_1.cer
1,certificate2.cer
1,FakeCA.cer
1,l&o950913msa.cer
1,mobileic3com.cer
1,securetrustca.cer
1,TUMG620310R95_1210241209S.cer
1,test-vpn-client-package-root-cert.cer
1,cert_2.cer
1,cacerts.cer
1,PushTest.cer
1,boss-test-client.cer
1,vuquangkhoi.ct.cer
1,atos.cer
1,MBPVM.cer
1,DGITA.cer
1,certTest.cer
1,00001000000409583489.cer
1,SelfSigned2048_SHA256_Public.cer
1,unionpay_verify_prod.cer
1,caroot.cer
1,suwoncert.cer
1,wss40.cer
1,abnamro.integrated.cer
1,ar.cer
1,m.cer
1,specimenCitizenCa.cer
1,SoundSwitch.cer
1,fakeCA.cer
1,echo-api-cert-10.cer
1,mds-v1-1.cer
1,development.cer
1,mponce.cer
1,nfg_qa_secondary.cer
1,RSACert.cer
1,Global.cer
1,csCaBadEKU.cer
1,SECOM-EVRoot1ca.cer
1,*.mail.me.com.cer
1,ecExpiredRoot.cer
1,DODINTERMEDIATECA_1.cer
1,acClasse0_1.cer
1,DODEMAILCA_21.cer
1,DOD_CA-12.cer
1,GTE_SGC.cer
1,noBC.cer
1,DigiNotar092706.cer
1,ORCECAFOREIGNNATIONALSCA1.cer
1,cert_extract_private.cer
1,hazelcast-jet.cer
1,ApiServer.cer
1,le.ca.cer
1,CAcert_Root.cer
1,anti-haoya(2345)-1.cer
1,GSTN_G2B_SANDBOX_UAT_public.cer
1,cer.cer
1,MyClient.cer
1,GeoTrust_Global_CA2.pem.txt.cer
1,1-server.cer
1,hostmaster-bfritc.net.cer
1,secureboot.cer
1,testrsa.cer
1,exp-server.cer
1,MotoAid_1.0.0.14_AnyCPU.cer
1,MotoAid_1.0.0.5_AnyCPU_Debug.cer
1,MotoAid_1.0.0.19_AnyCPU.cer
1,NetworkTestCertificate1.cer
1,MadMinute!_1.0.0.1_AnyCPU_Debug.cer
1,mds-2014.cer
1,AixuebangDisTest.cer
1,ca_template.cer
1,test.esl.cert.addition.cert.cer
1,*.carlipa.io.cer
1,cbn_iaca_ky.cer
1,speedlight-irc.cer
1,SR_test.cer
1,bitgo.com.cer
1,QuantLibXLA.cer
1,CordovaApp_0.2.0.0_AnyCPU_Debug.cer
1,Media_Test_1.0.0.0_AnyCPU_Debug.cer
1,intermediateCA.cer
1,cChat.cer
1,OpenVideoHub.cer
1,validSelfSignedServerEkuCertificate.cer
1,pending-spideroak.com.cer
1,devserver_valid.cer
1,toughradius.cer
1,signed.certificate.cer
1,Intel_pc3.cer
1,aad990814bp7.cer
1,IPToolWP.Windows_1.1.0.7_AnyCPU.cer
1,TestSiteIntermediate.Cert.cer
1,nfg_qa.cer
1,hostNameDotSubjAltNameDot.cer
1,stone.tees_v3.101.cer
1,DODEMAILCA_23.cer
1,certum_v3.100.cer
1,DigiNotar Services 1024 CA.cer
1,GeoTrust_True_Credentials_CA_2.cer
1,ecExpiredLeaf.cer
1,BTCTRT.cer
1,SCRoot1ca.cer
1,UCAGlobalRoot.cer
1,DODCA_16.cer
1,mc-smart-cert.cer
1,keystore.cer
1,innovatcert.cer
1,anti-sougou-2.cer
1,anti-kugou-1.cer
1,xiqb891116qe4.cer
1,iOS.cer
1,WordSearch_1.0.0.4_AnyCPU.cer
1,Thawte Personal Premium CA.cer
1,Development.cer
1,rodreq.cer
1,bankid-production.cer
1,wso2.cer
1,CS_MailCount_Plugin.cer
1,SpartaHack_1.1.2.0_x86.cer
1,SpartaHack_1.1.3.0_ARM.cer
1,wl122_cc_ntu_edu_tw.cer
1,metadata-root-ca.cer
1,-Dcw_Tkbb492_vMXbtufxvVUHkA.cer
1,*.dabay.cn.cer
1,OtherTestClientCer.cer
1,saliencescert2008dsa.cer
1,provider.cer
1,zhengshu.cer
1,devclient4.cer
1,SAML2.Decryping.cer
1,inStore.cer
1,CA2.cer
1,kkbca.cer
1,Intel_pc2.cer
1,junitproxy.cer
1,88NDPFHP6U.cer
1,TRUST2408 OCES Primary CA.cer
1,netfile.state.co_v3.101.cer
1,GlobalSignRoot-R5.cer
1,GlobalSignRoot-R4.cer
1,Visa eCommerce Root.cer
1,ICA3.cer
1,csLeafBadPLCinInt.cer
1,Certum Trusted Network CA 2.cer
1,Apple Root CA - G3.cer
1,TDC_rootca.cer
1,firstamlink_v3.100.cer
1,VerisignSHA1_1024_PCA3_G1.cer
1,End_P256_Specified_SHA256.cer
1,Dastan.Windows_1.2.0.1_AnyCPU.cer
1,canoo.cer
1,ACMC.cer
1,MikeRuby.cer
1,appcenter.cer
1,anti-mx-1.cer
1,www.clickenergy.com.au.cer
1,kaho641101b39.cer
1,api.bailitop.com.cer
1,MSCV-GlobalSign Root CA.cer
1,codesign.cer
1,custom-cert-expired.cer
1,WordSearch_1.0.0.3_AnyCPU.cer
1,macos-headset.cer
1,Rasta Updater_3.0.0.0_AnyCPU_Debug.cer
1,mysslcert.cer
1,xmatrix.studio.cer
1,root.pem.cer
1,CSMailCountCertificate.cer
1,MarsMediaCA.cer
1,NfcClipboard_1.0.0.1_AnyCPU.cer
1,super.cer
1,pmserver.cer
1,ios_development (2).cer
1,OtherTestRootCA.cer
1,dolarpy.cer
1,ski-47E20C8BF6538852.cer
1,CommfidesRootCA-G3.cer
1,code-signing.cer
1,y.cer
1,b.cer
1,37101010021_rsa.cer
1,Intel_nuc_pc.cer
1,aaqm610917qja.cer
1,public.x509.cer
1,ClientServerAuthentication-CngRsa.cer
1,sign.cer
1,lick.cer
1,UnaMesa.old.cer
1,appConnecter.cer
1,K6RB4AG7KC.cer
1,mypage.apple_v3.100.cer
1,thawteCA.cer
1,DODEMAILCA_27.cer
1,Microsec e-Szigno Root CA 2009.cer
1,ThawteCA.cer
1,A-Trust-Qual-01.cer
1,DODCA_15.cer
1,secp384r1ca.cer
1,tc_Universal_CA-I.cer
1,DOD_CLASS_3_EMAIL_CA-10.cer
1,End_P521_combined_SHA512.cer
1,sp - Copy.cer
1,AWDRCA.cer
1,KeymanTestCA-sha256.cer
1,apple1.cer
1,localDevCA.cer
1,hostmaster-herrbenedikt.de.cer
1,swisssigngoldca.cer
1,godaddyrootcertificateauthority.cer
1,WordSearch_1.0.0.1_AnyCPU.cer
1,pineconeder.cer
1,MotoAid_1.0.0.13_AnyCPU.cer
1,sd1.cer
1,ios_development-4.cer
1,tutum-azure.cer
1,payway_ca.cer
1,Baltimore CyberTrust Root.cer
1,sbrandt-vbox-ca.cer
1,client_x.cer
1,RedHat.cer
1,ReaderCert.cer
1,B7QHA86SSV.cer
1,another.cer
1,CommfidesRootCA-G3-TEST.cer
1,THCode.cer
1,aps_development(2).cer
1,TestCert1.PublicKeyOnly.cer
1,spideroak.com.cer
1,tidepool.cer
1,mds-v2.cer
1,file1.cer
1,BobDHEncryptByCarl.cer
1,certum_v3.101.cer
1,"Trustwave Organization Issuing CA, Level 2 2.cer"
1,joe2.encrypt.cer
1,netlockQA-01-minositett.cer
1,TubitakSurum3.cer
1,RoleClaims.cer
1,CFCA_Root_CA.cer
1,OpenVPN_Install.cer
1,core.example.com.pfx.cer
1,nagios_cert.cer
1,anti-sougou-1.cer
1,.cer
1,"iPhone Distribution: AKI KANKO, Y.K. (A23RYM9KEG).cer"
1,onecloud_DST_cert.cer
1,EKU9003173C9.cer
1,00001000000504465028.cer
1,00Mountain_1.0.0.1_x86.cer
1,MotoAid_1.0.0.7_AnyCPU_Debug.cer
1,MotoAid_1.0.0.16_AnyCPU.cer
1,trailers.cer
1,icloud.cer
1,certiipost-e-trust-primary.cer
1,test.8.cert.cer
1,ublog.cer
1,DigiCert SHA2 Secure Server CA.cer
1,VeriSignG5.cer
1,certnew.cer
1,MW5NPQ5M89.cer
1,WuJunNote.cer
1,hawaii.cer
1,RSAEncrypt.cer
1,Authenticode-MatthewSDippel.cer
1,simulator-2048.cer
1,pristec.cer
1,al.cer
1,plat_cert1.cer
1,sms_virtual_dir_driver_x64_8.1.cer
1,NoKeyUsage-CapiRsa.cer
1,metavrse.cer
1,111.cer
1,NetLockAranyClassGoldF.cer
1,DigiNotar_PKIoverheid_CA.cer
1,acClasse5.cer
1,DigiNotar Public CA 2025.cer
1,DigiNotar Extended Validation CA.cer
1,DODEMAILCA_20.cer
1,Estonia-Juur-SK.cer
1,emptyCert.cer
1,DODEMAILCA_18.cer
1,puretec_v3.100.cer
1,Buypass Class 2 Root CA.cer
1,expressz.cer
1,DigiNotarRootCA1.cer
1,letsEncryptCert.cer
1,supercard.cer
1,letsencrypt.cer
1,curl-test-invalid.cer
1,anti-jinshan-1.cer
1,._muzo.signing_prod.cer
1,nl3.cer
1,sh1.cer
1,aps (2).cer
1,quovadisrootca2.cer
1,deutschetelekomrootca2.cer
1,sample.cer
1,android.cer
1,secure.123.co.th.cer
1,MotoAid_1.0.0.11_AnyCPU.cer
1,ElaborateBytesAG.cer
1,ITCCTestSignedByCA.cer
1,Dinmore.Uwp_0.2.0.0_arm.cer
1,c.milkoutlet.cer
1,Test.cer
1,WilmaTestServer.cer
1,khuongtheduy.pct.cer
1,cp.cer
1,MSP.pem.cer
1,gpsp.cer
1,termie.cer
1,CSD_JMA880101MB2_20171106_114721.cer
1,CSD_DA_SMR8407159IA_20160711_125940.cer
1,X2B9B48A6K.cer
1,InnoTecheLearning.UWP_0.10.0.0_x86.cer
1,35da273d5d0e4f05c254d06cfaf032bd.cer
1,123.cer
1,psbc_verify_prod.cer
1,JK7Y6R5E7K.cer
1,SSLCertificate.cer
1,cdnDump.cer
1,ah.cer
1,xmlsig.cer
1,O365AppOnly.cer
1,UnaMesa-2.cer
1,miniorange_sp_cert.cer
1,DoDCLASS3RootCA.cer
1,DODCA_30.cer
1,SSL_UserRoot.cer
1,joe2.ID.cer
1,DODEMAILCA_16.cer
1,firstamlink.cer
1,ORCECA2.cer
1,DODEMAILCA_30.cer
1,DST Root CA X4.cer
1,BuypassClass2CA1.cer
1,mc-root-cert.cer
1,tlstestapp-root_fake_ca_for_test.cer
1,nab2.cer
1,moco-cert.cer
1,ubuntuthriottesthost.cer
1,nl1.cer
1,h&e951128469.cer
1,GeoTrust_Universal_CA2.pem.txt.cer
1,localhostDev.cer
1,googleapis.cer
1,vbcable.cer
1,WordSearch_1.0.0.6_AnyCPU.cer
1,Uidai.cer
1,Thawte Timestamping CA.cer
1,Verizon Global Root CA.cer
1,app_debug.cer
1,SafeCreative_TSA.cer
1,AppleRootCA-G3.cer
1,infrastructure-mock.cer
1,IdentitySrvCAROOT.cer
1,ul_micov_testset.cer
1,squidex-dev.cer
1,zumi7607229da.cer
1,symantec1g4.cer
1,OtherTestServerCer.cer
1,cert_file_pem_format.cer
1,TCTrustCenter.cer
1,ab.cer
1,public_key.cer
1,aad990814bp7asdf.cer
1,dt.cer
1,apps.cer
1,ServerAuthentication-CngEcdsa.cer
1,hermes.ca.cer
1,T-TeleSec GlobalRoot Class 3.cer
1,tc_class_2_ii.cer
1,alandsbanken_v3.101.cer
1,DODCA_14.cer
1,ORCECAHW4.cer
1,certSIGN ROOT CA.cer
1,DigiNotar092006.cer
1,CA03.cer
1,MZHVGCCJ96.cer
1,AAQM610917QJA.cer
1,jim.speaker.cer
1,testx64certMidas.cer
1,siebelkeystoreCASigned.cer
1,GeoTrust_Global_CA.pem.txt.cer
1,Localhost.cer
1,testLH.cer
1,goodssl.cer
1,companion.amuletxheart.com.cer
1,output2.cer
1,thawte Primary Root CA - G2_ECC.cer
1,995WZL8U6F.cer
1,fog-ca.cer
1,stubPeer.cer
1,qvbecag1.cer
1,jrmf.cer
1,CSCA NL eVRD 01.cer
1,SpartaHack_1.1.0.0_x64.cer
1,httpbin.cer
1,ACSERPROACFv3Homologacao.cer
1,icpbrasilv2.cer
1,symantec3g4.cer
1,mykey-servidor.cer
1,wrong.host.cer
1,localhost3.cer
1,mobbler.cer
1,signedBySubIntermediate.cer
1,ski-4AA0AA5884D35E3C.cer
1,pp.cer
1,App1_1.0.0.0_AnyCPU.cer
1,Buddycloud.cer
1,rsa-security-2048-v3.cer
1,*.badssl.com.cer
1,alipayCertPublicKey_RSA2.cer
1,CoverMyMeds.cer
1,X509_certificate.cer
1,app.jingyingheika.com.cer
1,DoD Root CA 2.cer
1,centos.cer
1,GTEGB18.cer
1,ORCECASW3.cer
1,acClasse3_1.cer
1,DigiNotarRootCAG2.cer
1,csLeafNoEKUinInt.cer
1,Equifax_Secure_eBusiness_CA-2.cer
1,FederalCommonPolicyCA.cer
1,DODEMAILCA_17.cer
1,ghoo.cer
1,DigiNotar100406.cer
1,sndr.cer
1,GlobalSign_SHA256_EV_CodeSigning_CA.cer
1,identity.com.cer
1,LRMail.cer
1,KeymanTest-sha1.cer
1,Test_Digipost.cer
1,werx631016s30.cer
1,SK-OCSP-RESPONDER-2011_test.cer
1,jetty-ssl.keystore.cer
1,quovadisrootcertificationauthority.cer
1,exp-client.cer
1,Gardenoid.cer
1,Cert3.cer
1,PositiveSSLCA.cer
1,2_api.cer
1,PSODPackage.cer
1,invalidCert.cer
1,third.cer
1,lanhdaocuc.ct.cer
1,bhisshomologaX509.cer
1,charlie.cer
1,mholtrop.cer
1,Ext_Certificate.cer
1,psbc_verify_dev.cer
1,TestClientCer.cer
1,Win81App_4.1.45.1_x86_x64_arm.cer
1,sfbwm.cer
1,ideal_v3.cer
1,cert_file_der_format.cer
1,CommfidesLegalPersonCA-G3.cer
1,*.bqjr.cn.cer
1,e.cer
1,lets-encrypt.cer
1,IUFT6111159L3.cer
1,sms_virtual_dir_driver_x64_8.cer
1,DODJITCIDCA_41.cer
1,UnaMesa-3.cer
1,CNTMTT68S21G224G.cer
1,DOD_CLASS_3_CA-8.cer
1,thawte_v3.101.cer
1,D-TRUST_Root_Class_3_CA_2_EV_2009.cer
1,IDENTRUSTECA1.cer
1,Unizeto-CertumCA.cer
1,secp384r1server-secp384r1ca.cer
1,2048CA.cer
1,secp256r1server-secp256r1ca.cer
1,Thawte_Server_CA.cer
1,mips_iplatebnibrana.csob.cz.cer
1,anti-kuwo-1.cer
1,GSTN_G2A_SANDBOX_UAT_public.cer
1,apricot.cer
1,KeymanTestCA-sha1.cer
1,public-rsa.cer
1,DevCARoot.cer
1,MarlinClient_txt2.cer
1,misc491214b86.cer
1,ClientCertificate.cer
1,nfsn_ca.cer
1,eapcodesign.cer
1,verisignclass3.cer
1,WordSearch_1.0.0.5_AnyCPU.cer
1,2W643ECEPW.cer
1,stubCa.cer
1,ios.cer
1,myCert.cer
1,derlink.cer
1,confluex-mock.cer
1,ASC.cer
1,publicCert_RENAME.cer
1,AddTrust External CA Root.cer
1,ncu_lit.cer
1,OfficeSIP.cer
1,chain.cer
1,loki.cer
1,CertificadoFirmadoPM.cer
1,ive961202li8.cer
1,localhost2.cer
1,EmoryLundberg.cer
1,pkcs12_base64_testdata.cer
1,bbclib.cer
1,aps_development(3).cer
1,arrowhead.cer
1,Remora Certification Authority.cer
1,partner-uiot-der.cer
1,spideroak.com-subdomain.cer
1,jtic2.cer
1,redhat3.cer
1,consumer.cer
1,otg3.cer
1,prodgos28.cer
1,ap.cer
1,w.cer
1,laapostada.cer
1,AddTrustExternalCARoot.cer
1,serverCert.cer
1,CarbonTestPublicKey2.cer
1,KryptogartenRootCAv1.cer
1,hermes-tls.cer
1,secp256r1ca.cer
1,DigiNotar Services CA.cer
1,DODEMAILCA_29.cer
1,VerisignSHA1_1024_PCA2_G1.cer
1,VerisignSHA1_1024_PCA1_G1.cer
1,ECCp521.cer
1,DODEMAILCA_13.cer
1,TU Delft CA.cer
1,csLeafBadEKUinInt.cer
1,JITC_Class3_root_CA.cer
1,InfoCamereFirmaQualificata.cer
1,mips_platebnibrana.csob.cz.cer
1,https.www.so.com.cer
1,bgdev.com.cer
1,spirentroot.cer
1,GeoTrust_Universal_CA.cer
1,Dastan.Windows_1.1.0.3_AnyCPU.cer
1,GOYA780416GM0.cer
1,gauthify.cer
1,shibboleth.cer
1,iosTestCert.cer
1,validSelfSignedCert.cer
1,acp_prod_verify_sign_20151218.cer
1,jufa7608212v6.cer
1,BigsbyLocalSite.cer
1,BigsbyLocalhost.cer
1,restUserClient.cer
1,00001000000403258748.cer
1,01Mountain_1.0.0.0_x86_Master.cer
1,macos-DeveloperIDG2CA.cer
1,serverkey.cer
1,Shopping_1.0.0.0_x86_Master.cer
1,star.mitschke.tk.der.cer
1,ste.https.cer
1,Cert2.cer
1,bootstrap.css.cer
1,project.cer
1,lanhdao.svh.cer
1,JNHub_1.2.1.0_x86_x64_arm.cer
1,licensing.cer
1,SUL010720JN8.cer
1,messagingservice_ca.cer
1,cbe830914qz0.cer
1,RehabilitationAppServer.cer
1,luismark.cer
1,Win81App_4.1.45.34_x86_x64_arm.cer
1,certificado.cer
1,gccmd.cer
1,devclient2.cer
1,devclient3.cer
1,aj.cer
1,s.cer
1,f.cer
1,k.cer
1,lenovo.cer
1,test.com.cer
1,TUCA650305GV5.cer
1,X509_certificate_android.cer
1,KryptogartenInterCAv1.cer
1,DoDCA22.cer
1,csDevLeaf.cer
1,Thawte_SGC_CA.der.cer
1,A-Trust-nQual-01.cer
1,kozjegyzoi.cer
1,Certinomis - Root CA.cer
1,End_P521_combined_SHA1.cer
1,AvaTaxCertificate.cer
1,CTF.cer
1,iisexpress-self-signed.cer
1,pd-test.cer
1,crowd.cer
1,IronWomen_1.0.0.0_AnyCPU_Debug.cer
1,ssl-cert.cer
1,nl2.cer
1,GeoTrust_Primary_CA_G2_ECC.pem.txt.cer
1,Regione_marche_rootca_sha2.cer
1,eaproot.cer
1,startcomcertificationauthority.cer
1,IdentityApi.cer
1,securebootca.cer
1,MotoAid_1.0.0.1_AnyCPU_Debug.cer
1,99bill-rsa.cer
1,gte-cybertrust-global-root.cer
1,ERJZT5L5B9.cer
1,syzygy.cer
1,musc.cer
1,StartSSL ca.cer
1,Self-signed.cer
1,VirtIO.cer
1,UnitTesting.cer
1,local.cer
1,bxcr.cer
1,turktrust-root3.cer
1,AppleIncRoot042506.cer
1,rfc3280CodeSigningLeaf.cer
1,acClasse0_0.cer
1,acCps2_2.cer
1,ValiCertClass1PVA.cer
1,UnrestrictedSystemRoot.cer
1,cmsEcdsaRoot.cer
1,dmitchThawte.cer
1,Comodo_Secure_Certificate_Services.cer
1,End_P384_combined_SHA256.cer
1,ArsMagnaSslSocket.cer
1,testx86certMidas.cer
1,anti-baidu-1.cer
1,ivd920810gu2.cer
1,bailihttps.cer
1,G5LQHPKYC7.cer
1,gtecybertrustglobalroot.cer
1,starfieldrootcertificateauthority.cer
1,fn_ssl.cer
1,MotoAid_1.0.0.8_AnyCPU_Debug.cer
1,MotoAid_1.0.0.10_AnyCPU_Debug.cer
1,test-root-cert-2.cer
1,http.cer
1,clientInvalidCert.cer
1,KHL6HLHYM7.cer
1,SpartaHack_1.1.3.0_x86.cer
1,rdw_mekb_testset.cer
1,pass.cer
1,PostenNorgeAs.cer
1,App12_1.0.0.0_arm_Debug.cer
1,publisher.cer
1,client_b.cer
1,certificate_puk.cer
1,00001000000303379961.cer
1,sens_enc.cer
1,adfs_token_signing.cer
1,privat_tsp.cer
1,certcenter.cer
1,sslserver.cer
1,ios_distribution (1).cer
1,digiCertIntermediate.cer
1,proxy.cer
1,letsencryptorg.cer
1,App8.Windows_1.0.0.8_x86.cer
1,boy_server.cer
1,mio-client.cer
1,blackCardios_distribution.cer
1,sms_virtual_dir_driver_x64_7.cer
1,SusanCert.cer
1,gnuboy.cer
1,dmitchIChat.cer
1,ECCp224.cer
1,Apple Root CA - G2.cer
1,csCaNoEKU.cer
1,Thawte_Personal_Basic_CA.cer
1,CMCC_root_CA2_forLAB.cer
1,AmazonRootCA4.cer
1,Persian News_1.1.0.3_AnyCPU.cer
1,cert_extract_public.cer
1,AppSecPubKey.cer
1,ca.cert.cer
1,sm2_sign_cert.cer
1,d-trust-ca.cer
1,TESTofStatusRevoked.cer
1,CERTIFICATE.cer
1,SpartaHack_1.1.0.0_x86.cer
1,SpartaHack_1.1.1.0_x86.cer
1,SpartaHack_1.1.4.0_ARM.cer
1,nguyenhuyhien.pct.cer
1,symantec1g6.cer
1,notlet.cer
1,RedHatOLD.cer
1,hazelcast.cer
1,sisowideal.cer
1,seid2.cer
1,validSelfSignedClientEkuCertificate.cer
1,keylol_2020_08_26.cer
1,d.cer
1,Baeldung.cer
1,RootCA.cer
1,py-corba.cer
1,swviewca.cer
1,Staat der Nederlanden EV Root CA.cer
1,tc_Universal_CA-II.cer
1,netfile.state.co_v3.100.cer
1,Buypass Class 3 Root CA.cer
1,noCA.cer
1,acClasse3_0.cer
1,EASEE-gas CA.cer
1,SMIME_SystemRoot.cer
1,ORCECASW4.cer
1,leafBadKU.cer
1,e-islem.kktcmerkezbankasi.org.cer
1,uzleti.cer
1,End_P521_Specified_SHA1.cer
1,End_P384_Specified_SHA384.cer
1,vgca_root_ca.cer
1,httpbinorg_04112018.cer
1,AmazonRootCA3.cer
1,Dastan.Windows_1.1.0.0_AnyCPU.cer
1,Persian News_1.1.0.0_AnyCPU_Debug.cer
1,LAB.cer
1,verify_cert_test2.cer
1,bya.cer
1,nab.cer
1,CAcert_Class3_Subroot.cer
1,anti-360-1.cer
1,certificate-unknown.cer
1,keyper.io-dec2016.cer
1,Managination.cer
1,30001000000400002437.cer
1,testCA.cer
1,b.frenzel-posteo.de.cer
1,WordSearch_1.0.0.0_AnyCPU.cer
1,MotoAid_1.0.0.9_x86_Debug.cer
1,MotoAid_1.0.0.20_AnyCPU.cer
1,bankid-test.cer
1,WeakCert_Sha1.cer
1,WeakCert_SmallKey.cer
1,N4UDXAF5V4.cer
1,inzChatApp_1.0.13.0_x86_Debug.cer
1,second.cer
1,symantec3g6.cer
1,sciebo.cer
1,msg.dev.spine2.ncrs.nhs.uk.cer
1,My Example Server.cer
1,mf.device.signal.cer
1,CA SINPE - PERSONA FISICA(1).cer
1,www.phillipknaack.com.cer
1,mollie.cer
1,ingbank-0.cer
1,CommfidesLegalPersonCA-G3-TEST.cer
1,klBase.cer
1,nonpnp.cer
1,a.cer
1,SeTestCert.cer
1,plat_cert2.cer
1,plat_cert3.cer
1,DigicertEV.cer
1,falseCert.cer
1,bitbar.cer
1,sms_virtual_dir_driver_Win32_8.1.cer
1,nfg_production_secondary.cer
1,csLeafNoBcInInt.cer
1,tc_class_3_ii.cer
1,A-Trust-nQual-03.cer
1,AppCAG2.cer
1,globalSignRoot.cer
1,SSL_SystemRoot.cer
1,dmitchThawte2007.cer
1,WISeKey-owgrgaca.cer
1,*.EGO.GOV.TR.cer
1,CA05.cer
1,mc-bimco-cert.cer
1,CZ_CA.cer
1,Chris.cer
1,calculator-client.cer
1,anti-jinshan-2.cer
1,gdb-cert.cer
1,cpicert.cer
1,validExpiredSelfSignedCert.cer
1,MarlinClient_txt.cer
1,30001000000400002336.cer
1,ZKYDXCMLL4.cer
1,herrbenedikt.de-gmail.com.cer
1,test_ca_001.cer
1,MotoAid_1.0.0.0_AnyCPU_Debug.cer
1,MotoAid_1.0.0.17_AnyCPU.cer
1,ITCCTestCA.cer
1,NfcClipboard_1.0.0.0_AnyCPU.cer
1,DigiCert.cer
1,wireless_ntu_edu_tw.cer
1,selfSignedCertificate.cer
1,untrusted-root.cer
1,keystore_api.cer
1,rootCert.cer
1,anikiforov.cer
1,validSignedClientCertificate.cer
1,redhat1.cer
1,1a.cer
1,v.cer
1,aq.cer
1,r.cer
1,l3s_demo.cer
1,CordovaApp.Windows10_1.1.1.1_x86.cer
1,ServerAuthentication-CngEcdh.cer
1,ECCp384.cer
1,dmitchThawte2005.cer
1,joe2.sign.cer
1,DOD_EMAIL_CA-11.cer
1,GlobalSign-RootCA-2028exp.cer
1,DODEMAILCA_15.cer
1,csCaNoBC.cer
1,DoDCA24.cer
1,doncioRoot.cer
1,Thawte_Code_Signing_CA.cer
1,ChinaMobileCA.cer
1,gemfire1.cer
1,ifaxian.cer
1,DeveloperIDCA.cer
1,sf.cer
1,app.yjlc.com.cer
1,xoji740919u48.cer
1,xia190128j61.cer
1,cacx7605101p8.cer
1,test-sign.cer
1,pv204eteam.cer
1,TEST_of_SK_OCSP_RESPONDER_2020.der.cer
1,digicertglobalrootca.cer
1,GeoTrust Universal CA.cer
1,MotoAid_1.0.0.12_AnyCPU.cer
1,gengchen.cer
1,vMargeSignedByCA.cer
1,sso.milkoutlet.cer
1,vb_cert.cer
1,net.cer
1,ios_distribution-4.cer
1,token.cer
1,inzChatApp_1.0.14.0_x86_Debug.cer
1,SpartaHack_1.1.1.0_x64.cer
1,SkaeleAuth.cer
1,serproACFv4Homolog.cer
1,raiz.brasil.cer
1,Wireless Root CA.pem.cer
1,20001000000300022762.cer
1,JNHub_1.2.0.0_x86_x64_arm.cer
1,certificat.cer
1,SpeerkerServer.cer
1,ACO560518KW7-20001000000300005692.cer
1,client_c.cer
1,pdtserver.cer
1,brycert.cer
1,mf.device.signal.new.cer
1,Wrecking-Balls_0.1.0.0_x86.cer
1,fortisbank-0.cer
1,TDStarterKit_1.0.58.5_AnyCPU.cer
1,wildcard.spideroak.com.cer
1,BBServiceTest.cer
1,ae.cer
1,FNMT Clase 2 CA - FNMT.cer
1,AC DNIE 001 - DNIE.cer
1,csca.cer
1,IPToolWP.Windows_1.1.0.10_AnyCPU.cer
1,tokenserver-demo-test.onegini.com.cer
1,qpsa_attestca.cer
1,SECOM-RootCA2.cer
1,acClasse1_1.cer
1,DOD_CA-11.cer
1,EchoworxRootCA2.cer
1,netfile.state.co_v3.102.cer
1,hostNameDotCommonNameDot.cer
1,UnrestrictedUserRoot.cer
1,DOD_CLASS_3_CA-9.cer
1,Dastan.Windows_1.2.0.0_AnyCPU.cer
1,FreeModbusCert.cer
1,websockexca.cer
1,aaa010101aaa_FIEL.cer
1,unicore-futuregrid-net-root-ca.cer
1,RubbaRabbit_1.4.177.78_AnyCPU.cer
1,ThriotRootCA.cer
1,thriothost.cer
1,funk671228ph6.cer
1,librecon_prod.cer
1,RSA_CA.cer
1,SM2_CA.cer
1,apple2.cer
1,BigsbyRootCert.cer
1,certumca.cer
1,GeoTrust True Credentials CA 2.cer
1,Thawte Personal Basic CA.cer
1,testRoot.cer
1,rootAgency.cer
1,user.pem.cer
1,ios_development(1).cer
1,lanhdaocofsa.cer
1,IntermediariaHOMv2.cer
1,PublicCertificate.cer
1,crossmarx.cer
1,sbrandt-vbox.cer
1,RehabilitationAppClient.cer
1,iis.cer
1,ab-client.cer
1,Middleman.Server.RootCA.cer
1,1b.cer
1,api.cellmyth.cn.cer
1,DNZK5E8L95.cer
1,t.cer
1,aa.cer
1,Intel_nuc1.cer
1,ecGoodRoot.cer
1,leafBadEKU.cer
1,apple_v3.001.cer
1,*.google.com.cer
1,alandsbanken_v3.100.cer
1,EBG_KOKSM.cer
1,DODCA_13.cer
1,hostNameDotCommonName.cer
1,DODEMAILCA_22.cer
1,changedynamix.ca.cer
1,bilibili.cer
1,services_preprod_npz_sk.cer
1,trudy.cer
1,abn.cer
1,IoTCoreDefaultApp_1.1.3.0_ARM.cer
1,apimanager-selfsigned.cer
1,acreditate.cer
1,GeoTrust CA for UTI.cer
1,esi920427886_1210221507s.cer
1,MotoAid_1.0.0.9_x64_Debug.cer
1,MotoAid_1.0.0.2_AnyCPU_Debug.cer
1,SH4RJ54JQF.cer
1,EMPUBqscdA.cer
1,surfnet.cer
1,xedoc.cer
1,aps_development sandbox.cer
1,some_org.cer
1,public.key.cer
1,dangsymanh.pct.cer
1,license.cer
1,AdkTestClientCertificate.cer
1,prisma-ca.rec.cer
1,Linphone_1.5.0.0_x64_Debug.cer
1,TestServerCer.cer
1,private-2048.cer
1,App1_1.0.2.0_AnyCPU.cer
1,TDStarterKit_1.0.57.4_AnyCPU.cer
1,digicert-root.cer
1,IapReceiptProduction.cer
1,logxDump.cer
1,j.cer
1,ag.cer
1,clientCert.cer
1,blackCardios_development.cer
1,USBIP_TestCert.cer
1,hermes.cer
1,jack.cer
1,VERISIGNCLIENTECA-G2.cer
1,Thawte_SSL_Domain_CA_der.cer
1,Actalis Authentication Root CA.cer
1,dmitchAppleThawte.cer
1,TRIALOrgCA.cer
1,stone.tees_v3.102.cer
1,DigiNotar Qualified CA.cer
1,IDENTRUSTECA2.cer
1,homologacao.imap.org.br.cer
1,Screen Light.Windows_1.1.0.0_AnyCPU.cer
1,intca.cer
1,debezium.cer
1,certificate_without_envelope.cer
1,codesigning.cer
1,test-tls.cer
1,mail-herrbenedikt.de.cer
1,globalsigno.cer
1,baltimorecybertrustroot.cer
1,8SB486P85P.cer
1,StoryTeller_1.0.0.1_AnyCPU.cer
1,LPCFilter.cer
1,application_gateway_test.cer
1,Client1_ca.cer
1,tran hoang phong dk2.cer
1,oauth.cer
1,serprov1.cer
1,m2000.cer
1,symantec2g4.cer
1,PublicTestCert.cer
1,InnoTecheLearning.UWP_0.10.0.0_x64.cer
1,CA RAIZ NACIONAL COSTA RICA.cer
1,khipu_dev.pem.cer
1,apple_wwdr.cer
1,1c.cer
1,af.cer
1,ibmssd_test.cer
1,Intel_nuc_pc2.cer
1,hermes-tls.root.cer
1,x509_1024.cer
1,VeriSignC3PublicPrimaryCA-G5.cer
1,DOD_CLASS_3_CA-7.cer
1,CodeSignRoot.cer
1,hostNameDotRoot.cer
1,leafNoEKU.cer
1,ecGoodLeaf.cer
1,End_P256_Specified_SHA1.cer
1,LatchCA.cer
1,apple-root.cer
1,Persian News_1.1.0.0_AnyCPU.cer
1,websockex.cer
1,api.telegram.org.cer
1,cert_for_tests.cer
1,30001000000400002329.cer
1,watm640917j45.cer
1,mavenCert.cer
1,Geotrust_PCA_G3_Root.pem.txt.cer
1,digicerthighassuranceevrootca.cer
1,CSD10_AAA010101AAA.cer
1,StoryTeller_1.0.0.2_AnyCPU.cer
1,testroot-sha2.cer
1,TUEM470405V4A_1210231509S.cer
1,MotoAid_1.0.0.4_AnyCPU_Debug.cer
1,accvroot1.cer
1,innovery2.cer
1,KiwixWebApp_0.1.9.0_AnyCPU.cer
1,Cert4.cer
1,CodeSign.cer
1,certipost-e-trust-secondary.cer
1,corr.cer
1,GameBoot.cer
1,fast_google_root_certificate.cer
1,dyw.cer
1,Cartao de Cidadao 001.cer
1,ipesa.cer
1,TestCertQSCAeCard.cer
1,klServer.cer
1,klLicenseKeyGen.cer
1,klClient.cer
1,hktvmall.cer
1,Arkanoid_1.1.2.0_x86_x64_arm.cer
1,apiDump.cer
1,p.cer
1,AC RAIZ DNIE - DNIE.cer
1,hacktx2013.cer
1,ServerAuthentication-CngRsa.cer
1,rhizome_ssl.cer
1,apple_v3.000.cer
1,secp521r1ca.cer
1,turktrust-root2.cer
1,ecGoodCA.cer
1,root_1.cer
1,D-TRUST_Root_Class_3_CA_2_2009.cer
1,Micros CA 2.cer
1,ORCECAHW3.cer
1,ValiCertClass2PVA.cer
1,MinderaAlicerceRootCA.cer
1,apple-dev.cer
1,rsa_template.cer
1,entrust_ssl_ca.cer
1,user1.cer
1,MS.root.cer
1,dhv.cer
1,anti-haoya(2345)-2.cer
1,shrq.cer
1,Space Shooter_1.0.0.0_x86_Master.cer
1,117.cer
1,bscgrid05.cer
1,auth0.cer
1,clq.cer
1,php_easypay_corrupted.cer
1,Holo-NavMesh_1.0.0.0_x86_Master.cer
1,duobao.cer
1,ca-cert.cer
1,ewe1709045u0.cer
1,sm2_enc_cert.cer
1,GeoTrust_Universal_CA.pem.txt.cer
1,globalsignrootca.cer
1,abismoGD_0.0.4.0_x86.cer
1,list.cer
1,test_cert.cer
1,jetty.cer
1,www.zhenly.cn.cer
1,falseC2.cer
1,xpipe.ctripcorp.com.cer
1,some_otherorg.cer
1,priv.cer
1,vanthu.fsa.cer
1,cp_test.cer
1,katie.cer
1,MyCA.cer
1,ProactiveContactCA.cer
1,subIntermediateCA.cer
1,rsa1024.cer
1,abnamro.test.cer
1,PSLocalRoot.cer
1,mac_app_distribution.cer
1,ripple.cer
1,ai.cer
1,aaflalo.cer
1,entrust_g2_ca.cer
1,sp_client.cer
1,mclogin.cer
1,apprendassl.cer
1,DODINTERMEDIATECA-2.cer
1,DOD_CLASS_3_EMAIL_CA-7.cer
1,badStatementId.cer
1,cynicRoot.cer
1,InfoCamereRoot.cer
1,Visa Information Delivery Root CA.cer
1,Thawte_Premium_Server_CA.cer
1,mc-iala-cert.cer
1,curl-test.cer
1,79R9953EUR.cer
1,anti-kuaiche-1.cer
1,thriot.io.cer
1,MarlinServer.cer
1,ure180429tm6.cer
1,sm2_auth_cert.cer
1,GeoTrust_Primary_CA.pem.txt.cer
1,Regione_marche_subca_sha2.cer
1,qdsample.cer
1,restAdminClient.cer
1,comodorsacertificationauthority.cer
1,thawtepremiumserverca.cer
1,newSelfSignedCert.cer
1,applet.cer
1,client-cert.cer
1,tp.bolyartech.com.cer
1,DevCertAuthority.cer
1,numptyphysics.cer
1,ee_template.cer
1,PSOD.cer
1,ptphp.com.cer
1,local-mock.cer
1,F66A466KJR.cer
1,Believeyou.cer
1,webapibook-ca.cer
1,cloudconfig_clientauth.cer
1,InnoTecheLearning.UWP_0.11.0.0_x86.cer
1,Crayon Demo Root CA.cer
1,ns.cer
1,RootTrustedCA.cer
1,iwis-ssl-root.cer
1,Remora.Tests.cer
1,validSignedSecondaryRootCertificate.cer
1,NEC.cer
1,7RBB4Z2NZN.cer
1,am.cer
1,ac.cer
1,tomcathttps.cer
1,ServerCertificate.cer
1,GoDaddyCertificateAuthority.cer
1,WindowsPhoneKeys.cer
1,ServerAuthentication-CapiRsa.cer
1,csCaBadPLC.cer
1,00_BCA.cer
1,certum_v3.102.cer
1,DODCA_29.cer
1,GlobalSignRootCA-R2.cer
1,TDC_ocesca.cer
1,Equifax_Secure_eBusiness_CA-1.cer
1,Comodo_Trusted_Certificate_Services.cer
1,CA02.cer
1,DER.cer
1,Persian News_1.1.0.1_AnyCPU.cer
1,start_template.cer
1,E4WR7LQ93N.cer
1,cert.ca.cer
1,anti-baidu-2.cer
1,star.holderdeord.no.cer
1,kbdfnflt2.cer
1,Gwendolynn_1.4.179.7_AnyCPU.cer
1,php_easypay.cer
1,30001000000400002335.cer
1,xama620210dq5.cer
1,DEMO_OF_SK_TSA_2014.cer
1,thawteprimaryrootca.cer
1,addtrustexternalcaroot.cer
1,RDman.cer
1,UidaiEncryptAndSign.cer
1,ADFS-signing.cer
1,test_root.cer
1,UBESJAE5A3.cer
1,UTN-USERFirst-Object.cer
1,UltraVNC.cer
1,d.milkoutlet.cer
1,user.cer
1,venusource.cer
1,NotActivatedTestCertificate.cer
1,cityplace2apnsdevelopment.cer
1,wildcard.cer
1,ideal_v2.cer
1,aps_production(2).cer
