7960,server.csr
5266,ca.csr
651,kubelet.csr
445,client.csr
404,dockertest.ansible.com.csr
321,test.csr
298,sign.csr
216,ecdsa256.csr
211,certrequest.csr
179,ourdomain.csr
161,localhost.csr
155,rsa4096.csr
155,ecdsa384.csr
155,rsa2048.csr
155,ecdsa521.csr
155,rsa3072.csr
134,EdelCurlRoot-ca.csr
134,Server-localhost.nn-sv.csr
134,Server-localhost0h-sv.csr
134,Server-localhost-sv.csr
113,cert.csr
86,root_ca.csr
84,san_domain.csr
84,ecdsa256-inter.csr
84,ip.csr
84,localhost_ssl.csr
84,subissuer_ca.csr
84,root2_ca.csr
84,gerardus.csr
84,ex.csr
84,rsa2048-inter.csr
84,ptolemy.csr
84,issuer_ca.csr
84,fra.csr
84,nicholas.csr
84,issuer2_ca.csr
82,ssl.csr
71,cfssl-leaf-rsa3072.csr
71,cfssl-leaf-rsa2048.csr
71,inter-L2.csr
71,cfssl-leaf-ecdsa384.csr
71,cfssl-leaf-ecdsa256.csr
71,inter-L1.csr
71,cfssl-leaf-rsa4096.csr
71,cfssl-leaf-ecdsa521.csr
68,rsa-old.csr
54,client1.csr
50,client2.csr
47,tomcat.csr
45,client3.csr
44,testuser.csr
44,Pulp_client.csr
42,client-revoked.csr
35,myclient.csr
35,certreq.csr
33,CSR.csr
33,server1.csr
31,mycert.csr
31,inter_pathlen_1.csr
31,inter_pathlen_0.csr
31,inter_pathlen_unspecified.csr
31,docker.csr
30,codesign.csr
29,127_0_0_1.csr
29,postgres.csr
29,Gerardus.csr
27,spcert.csr
27,idpcert.csr
27,certificate.csr
26,x509.csr
26,test-ca-alt.csr
22,drillTestServer.csr
22,Pulp_server.csr
21,cn_and_san.der.csr
21,dupe_name.der.csr
21,no_san.der.csr
21,short_key.der.csr
21,no_cn.der.csr
21,bad_algorithm.der.csr
21,resnet_10.csr
21,too_many_names.der.csr
19,service.csr
19,server.no_san.csr
18,no_name.der.csr
18,gateway.csr
16,ia.csr
15,test-user-ca@localhost.csr
15,REQ_18102010.csr
15,shs-test-server.csr
14,apdplat.csr
14,ca-bad.csr
14,nomad-foo.csr
14,nomad-bad.csr
14,broker.csr
14,kubernetes.csr
14,invalid_signature.der.csr
13,myclient-ecc.csr
13,secure.localhost.csr
13,zeppelin.com.csr
13,test2.csr
13,capitalized_cn_and_san.der.csr
12,agent.csr
12,must_staple.der.csr
12,no_names.der.csr
12,cert_md5.csr
12,bounce.localhost.csr
12,unsupported_extension.der.csr
12,ecdsa.der.csr
12,duplicate_must_staple.der.csr
12,long_cn.der.csr
11,test4.csr
11,revoked.csr
11,test3.csr
11,libstorage-server.csr
11,test1.csr
11,request.csr
11,libstorage-client.csr
11,realhostip.csr
11,admin.csr
11,test0.csr
11,test5.csr
11,dummy.csr
10,serverA.csr
10,revoked_ca.csr
10,server2.csr
10,from_revoked_ca.csr
10,dev.dcloud.org.csr
10,serverB.csr
10,sub_ca.csr
10,star_moto_com.csr
10,server-req.csr
9,cert_md2.csr
9,www.zoovy.com.csr
9,cert_md4.csr
9,etcd1.csr
9,valid.csr
9,client-req.csr
9,grafana.csr
9,sample.csr
9,etcd2.csr
9,rootcawext.csr
9,invalid.csr
8,rsa_ca_signed.csr
8,domain.csr
8,etcd3.csr
8,sender@example.com.csr
8,root@example.com.csr
8,root_chain.csr
8,tls_feature_unknown.der.csr
8,non_root.csr
8,proxy1.csr
8,ldap_server.csr
8,bob.csr
8,user.csr
8,rsa_self_signed.csr
8,rsa_self_signed_with_pwd.csr
7,dummy-revoked.csr
7,ct_poison_extension.der.csr
7,x509-check.csr
7,ocsp.csr
7,dev.csr
7,server_bkup.csr
7,local.csr
7,apiserver.csr
7,jetty.csr
7,ct_poison_extension_empty.der.csr
7,site.csr
6,multiple_ips.csr
6,fabric8.csr
6,valid_noemail.csr
6,new.ssl.csr
6,device.csr
6,ca-req.csr
6,rdpproxy.csr
6,client1_req.csr
6,metron.csr
6,FeRemote.csr
6,Server-localhost-lastSAN-sv.csr
6,valid_email.csr
6,sample_bogo_server.csr
6,rootcawou.csr
6,Server-localhost-firstSAN-sv.csr
6,ra.csr
6,broker-wrong-host.csr
6,master.csr
5,rsa.cert.mitls.org.csr
5,nomad-ca.csr
5,snakeoil.csr
5,alice.csr
5,webida_core1.csr
5,default.csr
5,cli.csr
5,dsa.cert.mitls.org.csr
5,consul.csr
5,ecdsa.cert.mitls.org.csr
5,server3.csr
5,host.csr
5,ctia-jwt.csr
5,matrix_sml.csr
5,resnet_5.csr
5,georchestra.mydomain.org.csr
5,asterisk.csr
5,example.com.csr
4,root-ca.csr
4,smime.csr
4,galera.2.csr
4,localhost_ca2.csr
4,test_server.csr
4,myserver.csr
4,lightblue-client-2.csr
4,cp-as1.csr
4,req.csr
4,ca2.csr
4,galera.1.csr
4,prime256v1-sha256-google-com.csr
4,localhost_ca1.csr
4,intermediate.csr
4,ava.csr
4,etcd.csr
4,node1.csr
4,scheduler.csr
4,csr.csr
4,googleappsidp.csr
4,prime256v1-sha256.csr
4,inter-L2-v2.csr
4,etcd-client.csr
4,ca1.csr
4,lightblue-client-1.csr
4,node2.csr
4,webhook.csr
4,inter-L1-v2.csr
4,127.0.0.1.sxg.csr
4,secp384r1-sha256.csr
4,kube-proxy.csr
4,rsaCertReq.csr
3,server9.req.sha224.csr
3,custom.rg.EnqueRule.csr
3,db.csr
3,workload-1.csr
3,athenz.instanceid.csr
3,demo.coro.com.csr
3,athenz.instanceid_ip.csr
3,qz-free.csr
3,win2k8server.csr
3,csr_altnames.csr
3,abcde_rancher_rocks.csr
3,eventgenerator.csr
3,consumer.csr
3,servicebroker.csr
3,ory-conformity.csr
3,foobar.csr
3,idp.csr
3,ctia-jwt-2.csr
3,athenz.mismatch.dns.csr
3,test.cert.csr
3,other_example.org.csr
3,crl.csr
3,subdomain.csr
3,peer.csr
3,127.0.0.1.csr
3,subdomain_invalid.csr
3,test-1.csr
3,proxpy.csr
3,scalingengine.csr
3,inter.csr
3,metricscollector.csr
3,client_cert.csr
3,server9.req.sha256.csr
3,pynojo-oj-judger.csr
3,producer.csr
3,saml.csr
3,invalid_dns.csr
3,client2048.csr
3,server9.req.sha512.csr
3,test-inter.csr
3,cmdline-test-client.csr
3,test-scheduler.csr
3,api.csr
3,star_rancher_space.csr
3,server9.req.sha384.csr
3,api_public.csr
3,server9.req.sha1.csr
3,smtp.csr
3,valid_provider_refresh.csr
3,resnet_13.csr
3,ext-check.csr
3,worker.csr
3,test-scalingengine.csr
3,ui.csr
3,pynojo-center-control.csr
3,athenz.mismatch.cn.csr
3,service-account.csr
3,test-third.csr
3,rancher_rocks.csr
2,athenz.instanceid.uri.csr
2,athenz.cert_ou.csr
2,internal.csr
2,google-rhui-client-rhel7-sap.csr
2,ev.csr
2,cp-as3.csr
2,multiple_org.csr
2,SERVER7.csr
2,custom.rg.DelimRule.csr
2,example_com.csr
2,pd-server.csr
2,user1.csr
2,spiffe_invalid_exc.csr
2,athenz_coretech_role_uri.csr
2,user_3.csr
2,oreore.csr
2,datafari-config.csr
2,custom.rg.test.LoopRule.csr
2,node02.csr
2,cert.prod.csr
2,vault.csr
2,spiffe_service.csr
2,app.csr
2,phoenixchat.local.csr
2,evse.csr
2,custom.rg.test.IfElseRule.csr
2,athenz_coretech_role_uri_ip.csr
2,Rejewski.csr
2,matrix_in.csr
2,wildcard.csr
2,google-rhui-client-rhel79-sap.csr
2,ca1-ast3.csr
2,multi_dns_domain.csr
2,test-third-der.csr
2,3.csr
2,ca_1.csr
2,slave.csr
2,temp.csr
2,rsa-cert.csr
2,kibana.csr
2,ca1-ast1.csr
2,gregorykelleher.first.csr
2,user2.csr
2,spiffe_invalid_uri.csr
2,kubeapi.csr
2,anon_producer.csr
2,eduarddrenth-TECRA-S11.csr
2,user_0.csr
2,leaf.csr
2,athenz.multiple_ou.csr
2,pii_consumer.csr
2,auth.csr
2,mdctl.csr
2,fanout_producer.csr
2,ecdsa-cert.csr
2,k-innovation.org.csr
2,tls_csr.csr
2,spiffe_invalid_scheme.csr
2,cakey.csr
2,actorbase.com.csr
2,anon_consumer.csr
2,crane.pulpcluster.csr
2,ca1-ast4.csr
2,fog.csr
2,viger.com.csr
2,cert.dev.csr
2,2.csr
2,athenz_role_uri_invalid.csr
2,multiple_cn.csr
2,user_2.csr
2,ssl-server-csr.csr
2,altnames-agent-key.csr
2,traefik.csr
2,uac.csr
2,proxy.csr
2,cert_1.csr
2,gregorykelleher.second.csr
2,spiffe_short_service.csr
2,role_multiple_ip.csr
2,user_5.csr
2,ca_2.csr
2,int-ca.csr
2,receiver.csr
2,33iq.csr
2,server-key.csr
2,valid_multiple_uri.csr
2,athenz_role_uri.csr
2,resources.csr
2,ca1-ast2.csr
2,chrono.csr
2,client0.csr
2,athenz_coretech_proxy_role_uri.csr
2,woken.com.csr
2,mydomain.csr
2,shredder_test.csr
2,root-req.csr
2,app_debug.csr
2,mathdown.net.csr
2,pkey.csr
2,egamify.cert.csr
2,mathdown.com.csr
2,contract.csr
2,ca2-ast4.csr
2,ca2-ast2.csr
2,valid_cn_only.csr
2,athenz.single_ip.csr
2,ca_3.csr
2,https-server.csr
2,spiffe_service_mismatch.csr
2,multiple_uri.csr
2,palette_server.csr
2,uas.csr
2,athenz.instance.prod.uri.csr
2,custom.rg.GetPicsRule.csr
2,alpha-cert.csr
2,cube.csr
2,metroid.csr
2,valid_emails.csr
2,demo.client.com.csr
2,live.csr
2,oose_test.csr
2,https-client.csr
2,cp-as2.csr
2,server.pulpcluster.csr
2,spiffe_role.csr
2,irreversible_server.csr
2,verticomics.csr
2,PCM.csr
2,google-rhui-client-rhel9.csr
2,1.csr
2,cass.csr
2,bookshop_lucci_io.csr
2,joe.csr
2,Kjqmt7v.csr
2,test-inter-der.csr
2,google-rhui-client-rhel7.csr
2,google-rhui-client-rhel8.csr
2,role_single_ip.csr
2,beta-cert.csr
2,custom.rg.test.SectionRule.csr
2,custom.rg.debug.WriteRule.csr
2,broker_cert.csr
2,user_1.csr
2,sans.csr
2,nodettps.dev.fluoline.net.csr
2,google-rhui-client-rhel8-sap.csr
2,datafariTest.csr
2,cdn.pulpcluster.csr
2,ca2-ast3.csr
2,ca2-ast1.csr
2,custom.rg.GetStoriesRule.csr
2,default-ca.csr
2,www.coba.com.csr
2,identity.csr
2,node01.csr
2,servicebroker_internal.csr
2,valid_single_uri.csr
1,flash.com.csr
1,nrp-cert.csr
1,server0.csr
1,user3.csr
1,fandazky.com.csr
1,server_tbk.csr
1,ecdsap256_sxg_90days.csr
1,ecdsap256_sxg_-1days.csr
1,chi1.BC13.csr
1,chi1_CSR.BC11.csr
1,Weblocalhost.csr
1,va_lxc.csr
1,client-ca.csr
1,hidekazuna.test.csr
1,www_agrhub_com.csr
1,cors.csr
1,star_pacificmetrics.com.csr
1,postgresql.csr
1,livereload.csr
1,xunil.csr
1,manager.csr
1,user-examples.csr
1,test-server.csr
1,lintasbpn.csr
1,domain_with_san.csr
1,tubular.localhost.csr
1,chi2.BC23.csr
1,server.new.csr
1,iaF.csr
1,fishagift.csr
1,browser.csr
1,mydomain.com.csr
1,resnet_9.csr
1,acme-ecdsa.csr
1,www.site2.com.csr
1,charset.csr
1,user10.csr
1,user0.csr
1,abc.csr
1,pejuang.com.csr
1,cliente.csr
1,neryjr.csr
1,athenz.instanceid.cname.csr
1,md.csr
1,crest.csr
1,the-unreachables-2.csr
1,ubuntu.csr
1,sensu-backend1.csr
1,holalabs.csr
1,nodea.csr
1,User_001.csr
1,warface.csr
1,knighter.xyz.csr
1,myhpom_edc_renci_org.csr
1,resnet_stride2_2.csr
1,resnet_7.csr
1,smime2@example.com.csr
1,ec256.csr
1,datalabs.internal.csr
1,super.csr
1,localhost2.csr
1,anfecora.csr
1,server4.csr
1,gamehome.csr
1,cacert.csr
1,caliopen.csr
1,replication.csr
1,local.scramble.io.csr
1,unittest.csr
1,sxfel.BC13.csr
1,cratr_io.csr
1,dropbox_fake.csr
1,os-neutron-lab.csr
1,pwd-cert.csr
1,gst_ssl_cert.csr
1,resnet_18.csr
1,client-unknown.csr
1,nasara-backend-development.csr
1,www.myexample.com-cert.csr
1,ann.csr
1,Buddycloud.csr
1,kube-apiserver-server.csr
1,user6.csr
1,user4.csr
1,easy.calvinneo.com.csr
1,codeswap.cert.csr
1,jettyapisample.csr
1,server-eku-client.csr
1,athenz.examples.uri-hostname-empty.csr
1,ecdsap256_sxg_365days.csr
1,pathtest-3.csr
1,MCOpenAPI.csr
1,test.example.com.csr
1,badClient.csr
1,mqttDev.roos.com.csr
1,example2.csr
1,cachecontroller.dev.csr
1,ssl-key.csr
1,sha256_4096bit.csr
1,BogofSSL.csr
1,ca-cert.csr
1,vgg_conv_15.csr
1,acme-rsa.csr
1,server_request.csr
1,alex.csr
1,test-keylength-1024.csr
1,glassfish.csr
1,org.testexample++++testNode1.csr
1,client4.csr
1,beta.sportsworldchicago.com.csr
1,smfrpc.csr
1,s1.example.org.csr
1,chi1.BC12.csr
1,cc_cn.csr
1,server-cert.csr
1,Cert1.csr
1,knighter.cn.csr
1,client.mupif.csr
1,LSHttpd.csr
1,ssl-request.csr
1,my-server-ca.csr
1,02-bouncer.csr
1,temperature.csr
1,bb.aa.com.csr
1,testAdmin1.csr
1,ecdsap256_sxg_91days.csr
1,pathtest-2.csr
1,tests.csr
1,oauth.csr
1,dev.rubygems.org.csr
1,vgg_conv_12.csr
1,vgg_conv_10.csr
1,public.csr
1,signpost.csr
1,xfire.csr
1,pmserver.csr
1,cap.csr
1,mozuzaeram@gmail.com.csr
1,ipnc_zhengzhou_025.csr
1,domain.tld.csr
1,sonde.csr
1,nginx.csr
1,signed.csr
1,perfmetric01.goss.owfgoss.org.csr
1,coretech_readers_proxy_role_uri.csr
1,multiple_proxy_role.csr
1,saml_sp.csr
1,smartkit.xyz.csr
1,clientId.csr
1,vgg_conv_3.csr
1,anu_com.csr
1,zeus-server.csr
1,server-unknown.csr
1,wildcard.opencas.cn.sha256.csr
1,UDIR.PAS2.Dev.Client.csr
1,adkiller.csr
1,theseus.csr
1,server5.csr
1,server6.csr
1,certificate_request.csr
1,calcset.csr
1,passport-sp.csr
1,manfred.csr
1,Intermediate-Client-CA.csr
1,username.csr
1,chi1.BC11.csr
1,rootcawemail.csr
1,mqttdebug.csr
1,all-extensions.csr
1,sana.csr
1,Server.csr
1,certificateRequest.csr
1,web.developer.local.csr
1,acme-interm-ecdsa.csr
1,newnghttp2.csr
1,.gitlab-ci.csr
1,guenthard.csr
1,javacup.csr
1,wincycle_client.csr
1,www.sportsworldchicago.com.csr
1,multi_dns_domain_wildcard_mismatch.csr
1,pathtest-4.csr
1,gst_ssl_ca.csr
1,irbispanel.csr
1,spc-anywhere-cert.csr
1,example-expired.csr
1,example-root.csr
1,example-root-bad-ku.csr
1,dev.lakrids.csr
1,sol.loc.csr
1,http1_test.csr
1,prodgos28.csr
1,ssl_cert.csr
1,volume.csr
1,serverKey.csr
1,OpenFinSigner.csr
1,Intermediate-Server-CA.csr
1,athenz.examples.uri-hostname-only.csr
1,chi2.BC21.csr
1,mitm_server.csr
1,bxcr.csr
1,gardenoid.csr
1,ecc-cert.csr
1,trusted-ca.csr
1,www.appfab.io.csr
1,noSecretsClient.csr
1,cs_client.csr
1,clips6.csr
1,vgg_conv_13.csr
1,vgg_conv_5.csr
1,edot.csr
1,tknsvc.csr
1,eemo_sensor.csr
1,server8.csr
1,flussonic.csr
1,force.csr
1,slocy.com.csr
1,rex00001.csr
1,192.168.200.206.csr
1,service_dl.csr
1,testcln.csr
1,kube-worker-2-worker.csr
1,client-cert-1.csr
1,deploymaster.csr
1,rootca.csr
1,rooftopcms.io.csr
1,private_key.csr
1,py-corba.csr
1,22.csr
1,ec2-rich.csr
1,secretca.csr
1,giltjewelry.csr
1,torqueserver.csr
1,concourse.csr
1,testUser1.csr
1,sxfel.BC12.csr
1,www_marionsworkshop_com.csr
1,example_request.csr
1,ldap.csr
1,appConnecter.csr
1,dev.squareteam.io.csr
1,demo_server.csr
1,getaeide.me.csr
1,apache.csr
1,resnet_14.csr
1,smimedouble@example.com.csr
1,expiredsmime2@example.com.csr
1,exporter.csr
1,user7.csr
1,node.csr
1,registry-docker.csr
1,mydev.csr
1,server-no-dnsname.csr
1,ca-certificates.csr
1,certmanager_0415_15days.csr
1,chi2_CSR.BC21.csr
1,test-scan.csr
1,rootcawdns.csr
1,mpim-certsign.csr
1,akash-kalimili.csr
1,profile-client.csr
1,profile-webserver.csr
1,localDevSite.csr
1,self-signed-ssl.csr
1,adsl.csr
1,chain@example.com.csr
1,localhost.localdomain.tld.csr
1,rsa-2048.vanadium.io.csr
1,my-client-ca.csr
1,challenge.csr
1,sshhost_valid_sample.csr
1,sshhost_nocnames.csr
1,gnarly.localhost.csr
1,yux.csr
1,self.csr
1,websocket-ssl.csr
1,elixir_nsq.csr
1,example1.csr
1,serialkey-generator.csr
1,User_005.csr
1,test.org.csr
1,key.csr
1,a.csr
1,resnet_8.csr
1,15.csr
1,expiredsmime1@example.com.csr
1,smime1@example.com.csr
1,localhost3.csr
1,dev-vcardz.csr
1,app.speedaddictcycles.com.csr
1,radius.csr
1,kubelet-client.csr
1,bestway.csr
1,rabbitmq.csr
1,google-rhui-client-rhel9-sap.csr
1,fake.csr
1,wrong-server.csr
1,sha256_1024bit.csr
1,smartkit.club.csr
1,vgg_conv_6.csr
1,frontend.csr
1,intermed-ca.csr
1,wire-server.csr
1,Fake_Root_Certificate_Authority.csr
1,sse_client.csr
1,devmiljul.csr
1,contacts-api.csr
1,1024.csr
1,shanehudson.dev.csr
1,freewifi.csr
1,exim.csr
1,secretsale.csr
1,enterprise.csr
1,kube-worker-1-worker.csr
1,ca.nghttp2.org.csr
1,zertifikat.csr
1,star.analyticsfire.com.csr
1,alt-extensions.csr
1,bad_cert.csr
1,example-elliptic-sha1.csr
1,alpha.squareteam.io.csr
1,BigInsights.csr
1,emberclear-local.csr
1,resnet_6.csr
1,resnet_17.csr
1,smime3@example.com.csr
1,QBisClient.csr
1,billsync8.herokuapp.com.csr
1,192.168.1.36.csr
1,wire-other.csr
1,thecsr.csr
1,evroot.csr
1,csr_ca.csr
1,carlos.csr
1,speed.csr
1,www.wincycle.gr.csr
1,postmail_io.csr
1,chi1_CSR.BC13.csr
1,test.nghttp2.org.csr
1,server-ca.csr
1,example-custom-oid.csr
1,User_006.csr
1,wrongdomain_example_pizza.csr
1,openstack.csr
1,my.csr
1,inaetics.csr
1,oof.csr
1,._sign.csr
1,minikube.csr
1,interm-volatildap.org.csr
1,blinx.in.csr
1,geocerts.csr
1,oats.csr
1,mockserver.csr
1,http.csr
1,www.test.com.csr
1,multi_dns_domain_wildcard.csr
1,server_selfsigned.csr
1,server_invalid.csr
1,SELF.csr
1,the-unreachables-1.csr
1,GameGuard.csr
1,ca (1).csr
1,groceries.csr
1,munin.csr
1,example.org.csr
1,example-small-key.csr
1,example-name-constraints.csr
1,ogn.csr
1,vgg_conv_1.csr
1,resnet_4.csr
1,resnet_19.csr
1,http2_test.csr
1,mponce.csr
1,org.testexample++++testNode3.csr
1,envylabs.csr
1,03-random.csr
1,angle.csr
1,rip.mcollective.csr
1,chi1_CSR.BC14.csr
1,darwin.csr
1,sensu-backend2.csr
1,authorization_server.csr
1,papernet_self-signed.csr
1,connect-local.webhare.com.csr
1,fakeserver.csr
1,sha1_1024bit.csr
1,certificado.csr
1,credhubclient.csr
1,sp_cert_req.csr
1,test1-build.csr
1,example.csr
1,chi1_CSR.BC12.csr
1,test-windows-host.csr
1,sxfel.BC14.csr
1,TestDevice.csr
1,example_server.csr
1,command-chain.dev.csr
1,goodClient.csr
1,rootcawuri.csr
1,nodeb.csr
1,example-sha1.csr
1,aci-participa.org.csr
1,SerPay.csr
1,Request.csr
1,dave.csr
1,wire-client.csr
1,ocs.csr
1,ipnc_zhengzhou_001.csr
1,mcsr.csr
1,server10.csr
1,length.csr
1,time.csr
1,recipient.csr
1,m1.example.org.csr
1,chi2_CSR.BC22.csr
1,sports-1x1.csr
1,exampleuser2.sandcatz.io.csr
1,prod.csr
1,User_010.csr
1,webinit.csr
1,test_cert.csr
1,ssl_key.csr
1,redmine.csr
1,spdy-key.csr
1,vgg_conv_7.csr
1,oxande.csr
1,oauth2.csr
1,date.csr
1,pressure.csr
1,mass.csr
1,development.csr
1,any.app-hosted.com.csr
1,sample_csr.csr
1,rsa4096_sxg_60days.csr
1,certmanager_0401_15days.csr
1,chi1.BC14.csr
1,chi2.BC22.csr
1,eye.csr
1,xip.io.csr
1,grid.csr
1,ispserver.csr
1,app.local.csr
1,root-cert.csr
1,mario_rossi.csr
1,good_cert.csr
1,example-md5.csr
1,rsacert.csr
1,server.mupif.csr
1,testcert.csr
1,IntermediateCA.csr
1,nghttp2.csr
1,db_child.csr
1,visor_javacup.csr
1,azurefire.net.csr
1,pcburnout08.csr
1,info.csr
1,route105.net.csr
1,cc.bb.aa.com.csr
1,pet.csr
1,ecdsap256_tls_60days.csr
1,ecdsap384_sxg_60days.csr
1,client01.csr
1,sxfel.BC24.csr
1,qutrain.csr
1,mns.dev.csr
1,Makefile.csr
1,child-cert.csr
1,profile-ocsp.csr
1,root.csr
1,User_002.csr
1,23.csr
1,QBisServer.csr
1,ecdsa-521.vanadium.io.csr
1,server7.csr
1,csr_AHA Indonesia.csr
1,rsaCerReq.csr
1,registry.csr
1,service_gradle.csr
1,testAdmin2.csr
1,testsrv.csr
1,local.test.csr
1,multiple-ca.csr
1,test-casual.csr
1,profile-enduser.csr
1,onedir.csr
1,cdn.csr
1,User_008.csr
1,AsturienseStore.csr
1,godpaper.cn.csr
1,resnet_3.csr
1,ChainCA.csr
1,local.dev.csr
1,sign_request.csr
1,oem_attestca.csr
1,www_yolo_com.csr
1,std.csr
1,athenz.instanceid.cname.suffix.csr
1,sxfel.BC21.csr
1,cc_uploader_cn.csr
1,azure.csr
1,the-unreachables-3.csr
1,dsa-cert.csr
1,no-extensions.csr
1,vgg_conv_14.csr
1,resnet_15.csr
1,CaseInsenstive@eXample.COM.csr
1,etcd0.csr
1,SerMC.csr
1,600.csr
1,sse_server.csr
1,ed25519.vanadium.io.csr
1,rsa-4096.vanadium.io.csr
1,uploadTest.csr
1,cernvm.csr
1,sp_client.csr
1,user5.csr
1,outro-client.csr
1,client-4.ssltest.orangespecs.com-OS.csr
1,proxy_role.csr
1,ecdsap521_sxg_60days.csr
1,chi2_CSR.BC24.csr
1,pathtest-1.csr
1,sysrev.local.csr
1,rcv1-10k.csr
1,molb.com.csr
1,testmachinedev.com.csr
1,111.csr
1,vgg_conv_9.csr
1,resnet_16.csr
1,ecdsa-256.vanadium.io.csr
1,vouchertool.csr
1,mysite.csr
1,lfci001.soebes.de.csr
1,localdev.DoITComm.csr
1,martserver.csr
1,ecdsap256_sxg_60days.csr
1,m2.example.org.csr
1,servercert.csr
1,pagecare.csr
1,dindns.csr
1,test-cert.csr
1,User_007.csr
1,zpi.bz.csr
1,vhost.csr
1,vgg_conv_4.csr
1,21.csr
1,www.example.com-cert.csr
1,star.control-alt-del.org.csr
1,ecdsa-384.vanadium.io.csr
1,org.testexample++++testNode2.csr
1,user9.csr
1,game.csr
1,l.csr
1,registry-auth.csr
1,server-eku-client-server.csr
1,keystone.zumbi.lap.csr
1,ecdsap256_sxg_revoked.csr
1,laborate.csr
1,etest.csr
1,sha1_4096bit.csr
1,vgg_conv_16.csr
1,resnet_12.csr
1,20.csr
1,ec-p256-ca.csr
1,invalid.control-alt-del.org.csr
1,www.bvbookstore.com.csr
1,server-20120805.csr
1,selfsigned.csr
1,faroeadventures.com.csr
1,hm9000_client.csr
1,hm9000_server.csr
1,penny.csr
1,owncloud.csr
1,www.hoods.app.csr
1,athenz.examples.role-uri-hostname.csr
1,chi2_CSR.BC23.csr
1,chi2.BC24.csr
1,ps.com.csr
1,aws.csr
1,pacman.csr
1,profile-server.csr
1,IT.csr
1,webserver.csr
1,User_003.csr
1,ecdsa.csr
1,nofraudnode.csr
1,resnet_2.csr
1,RootCA.csr
1,web.csr
1,server9.csr
1,area.csr
1,testUser2.csr
1,athenz.instanceid.hostname.csr
1,sxfel.BC11.csr
1,ng2toh.csr
1,_certrequest.csr
1,demo.csr
1,rootCA.csr
1,vgg_conv_2.csr
1,resnet_1.csr
1,broker1.csr
1,acme-interm-rsa.csr
1,demo_cert.csr
1,credhubserver.csr
1,com.example.csr
1,ext_domain.tld.csr
1,01-localhost.csr
1,stunnel.csr
1,hotspot.csr
1,sub.domain.tld.csr
1,irummy.csr
1,customer.csr
1,resnet_11.csr
1,datalab.localhost.csr
1,netustad.csr
1,org.testexample++++testNode4.csr
1,user8.csr
1,k.csr
1,envdev.csr
1,controller.zumbi.lap.csr
1,sxfel.BC22.csr
1,sxfel.BC23.csr
1,Dimit.csr
1,example-bad-serial.csr
1,example-leaf.csr
1,demo_client.csr
1,User_009.csr
1,User_004.csr
1,ssl1.csr
1,custom.rg.EnqueueRule.csr
1,vgg_conv_11.csr
1,vgg_conv_8.csr
1,cert_request.csr
1,client_new.csr
1,katie.csr
1,charlie.csr
1,certificate_signing_request.csr
1,500.csr
1,testphone1.csr
