469,dsa1024.der
468,client-key.der
461,client-cert.der
356,dh1024.der
333,rsa1024.der
286,pai-Cert.der
286,pai-Key.der
286,dac-Cert.der
286,cd.der
286,dac-Key.der
279,cert.der
239,certDER.der
239,keyDER.der
228,unittest.selfsigned.der
228,nist.der
228,mit.davidben.der
228,invalid_key_usage_cert.der
228,google.single.der
228,foaf.me.chromium-test-cert.der
224,empty_subject_cert.der
222,dod_ca_13_cert.der
222,dod_root_ca_2_cert.der
222,dod_ca_17_cert.der
222,www_us_army_mil_cert.der
208,dsa512.der
183,public_key.der
168,rsa_main.der
159,unittest.originbound.der
159,unittest.originbound.key.der
151,punycodetest.der
143,aia-intermediate.der
134,EdelCurlRoot-ca.der
134,Server-localhost0h-sv.der
134,Server-localhost.nn-sv.der
134,Server-localhost-sv.der
131,ec_prv.pk8.der
131,ec_pub.der
131,ec_prv.sec1.der
131,ec_prv.pk8.pw.der
128,ec_prv.specdom.der
127,csr.der
119,pkcs8_pbe_sha1_3des.der
119,pkcs8_pbes2_pbkdf2_3des.der
113,server.der
93,ec_prv.noopt.der
85,fra_cert.der
85,root_ca_cert.der
85,fra_key.der
85,root2_ca_key.der
85,gerardus_cert.der
85,ptolemy_key.der
85,issuer_ca_cert.der
85,issuer2_ca_key.der
85,subissuer_ca_cert.der
85,ptolemy_cert.der
85,nicholas_key.der
85,localhost_ssl_cert.der
85,nicholas_cert.der
85,issuer2_ca_cert.der
85,root2_ca_cert.der
85,subissuer_ca_key.der
85,issuer_ca_key.der
85,gerardus_key.der
78,test.der
73,nist_intermediate.der
70,ca-cert.der
69,server-cert.der
69,interCA.der
67,ca-key.der
66,fra_key-pkcs8-rsa.der
66,ptolemy_key-pkcs8-rsa.der
66,gerardus_key-pkcs8-rsa.der
66,donald_key_EC.der
66,ca.der
66,nicholas_key-pkcs8-rsa.der
66,donald_key_DSA.der
65,unosoft_hu_cert.der
63,server-key.der
62,response.der
59,csr-san.der
59,moonKey.der
58,Server-localhost.nn-sv.pub.der
58,Server-localhost-sv.pub.der
58,empty_pkcs7.der
58,Server-localhost0h-sv.pub.der
58,rsa2048.der
53,certificate.der
52,l1_leaf.der
51,strongswanCert.der
50,dsa2048.der
50,dh2048.der
49,ecc-key.der
46,client-keyPub.der
46,echo-apps-cert.der
45,cacert.der
40,root.der
37,client_2.der
37,sample.crt.der
37,client_1_issuer_dn.der
37,client_1_spki.der
37,client_1.der
36,pdu.der
36,google_cert.der
35,dsa_with_sha256.der
33,test-cert.der
32,test-ca.der
32,moonCert.der
31,cms_test4.der
31,www.eff.org.der
31,moonPub.der
31,cms_test2.der
31,cms_test5.der
31,echo-apps-key.der
31,cms_test3.der
30,SelfSigned.der
30,Samsung_OCF_RootCA.der
30,l2_leaf.der
30,l1_interm.der
30,Samsung_OCF_TestRootCA.der
28,chain.der
28,yggdrasil_session_pubkey.der
28,api_mapbox_com-geotrust.der
28,api_mapbox_com-digicert.der
27,rsa_pkcs8_pbe_sha1_4096_2des.der
27,rsa_pkcs8_pbes2_pbkdf2_2048_des.der
27,rsa_pkcs8_pbes2_pbkdf2_2048_3des.der
27,rsa_pkcs8_pbes2_pbkdf2_4096_des.der
27,rsa_pkcs8_pbes2_pbkdf2_1024_des.der
27,x509.der
27,rsa_pkcs8_2048_public.der
27,rsa_pkcs8_pbe_sha1_1024_2des.der
27,rsa_pkcs8_pbe_sha1_1024_3des.der
27,rsa_pkcs8_1024_public.der
27,rsa_pkcs1_2048_public.der
27,rsa_pkcs8_pbe_sha1_2048_2des.der
27,rsa_pkcs8_pbes2_pbkdf2_4096_3des.der
27,rsa_pkcs8_pbe_sha1_2048_3des.der
27,rsa_pkcs8_pbes2_pbkdf2_1024_3des.der
27,rsa_pkcs8_pbe_sha1_4096_3des.der
26,sunCert.der
26,ca_A_cert.der
26,key.der
26,star_tilestream_net.der
26,ec_prv.pk8nopub.der
26,test-ca.key.der
26,ec_prv.pk8nopubparam.der
26,ec_prv.pk8param.der
25,test-key-only-decrypted.der
24,pkcs8-decrypted.der
24,rsa_pkcs8_pbe_sha1_4096_rc4_128.der
24,rsa_pkcs8_pbe_sha1_2048_rc4_128.der
24,rsa_pkcs8_pbe_sha1_1024_rc4_128.der
24,test_ca_cert.der
23,sunPub.der
23,timestamp.der
23,sunKey.der
22,capub.der
22,ca_cert.der
22,snapshot.der
22,01.der
22,targets.der
21,strongswan_blissCert.der
20,public.der
19,crl.der
19,private_key.der
19,ca.cert.der
18,test2.der
18,webderoot.der
18,test1.der
18,ecc-keyPub.der
18,sample_cr.der
18,webdeca.der
17,bad_generalname.der
17,bad_bio.der
17,int0.der
17,bad-int-pad0.der
17,bad-int-padminus1.der
17,bad_cert.der
17,int1.der
17,client-ecc-cert.der
17,high_tag.der
17,www.isecpartners.com.der
17,DE1_flen_chars_cvcRequest_ECDSA.der
17,intminus1.der
16,server5.key.der
16,server5.crt.der
16,test-certificate-1.der
16,rsa512.der
16,cli2.crt.der
16,server2.crt.der
16,cli-rsa-sha256.crt.der
16,cli2.key.der
16,ecc_p256_public.der
16,ocsp_response.der
16,test-ca-sha1.crt.der
16,test-cert2.der
16,ecc_p256_x509.der
16,server2.key.der
16,server2-sha256.crt.der
16,ecc_p256_private_p8_clear.der
16,cli-rsa-sha256.key.der
16,ecc_p256_private.der
16,ecc_p256_private_p8.der
16,test-ca2.crt.der
16,test-ca.crt.der
16,test-ca-sha256.crt.der
16,test_pair.der
16,server1.crt.der
16,pubkey.der
16,test_pub.der
16,test-ca2.key.der
16,rsa-cert.der
16,cli-rsa.key.der
15,ComodoRsaDomainValidationCA.der
15,server-public-key.udp.particle.io.der
15,cloud_public.der
15,dh512.der
15,FileDaFirmare.txt.tsd.der
14,iGoatSSLServer.der
14,cacert1.der
14,researchCert.der
14,cacert3.der
14,bad-cms.der
14,salesCert.der
13,ca_C_cert.der
13,ca_A_key.der
13,ca_B_key.der
13,privkey.der
13,openldap.der
13,ca_B_cert.der
13,ca_D_cert.der
13,carol_D_cert.der
13,moon_key.der
13,ca_C_key.der
13,moon_D_cert.der
13,carol_key.der
13,ca_D_key.der
13,ms.der
12,server1.der
12,x509v3.der
12,test_der.der
12,cli-rsa-sha256-badalg.crt.der
12,mozilla-generated-by-openssl.pkcs7.der
12,cacert-ca.der
12,certs.der
12,arm_rotpk_rsa.der
12,ComodoRsaCA.der
12,server2.der
11,sample-Certificate-1.der
11,private.der
11,https-cert.der
11,rsa.pub.der
11,revocation_list.der
11,api.amplitude.com.der
10,lets-encrypt-x3-cross-signed.der
10,server-ecc.der
10,karere-001.developers.mega.co.nz.der
10,dn-root.der
10,exp1.der
10,dn-ica1.der
10,google.der
10,openssl-null-ptr.der
10,server-ecc-comp.der
10,ecc-client-key.der
10,g.api.mega.co.nz.der
10,dn-ica2.der
10,api_mapbox_staging.der
10,test-root.key.der
10,openssl-null-ptr2.der
10,exp2.der
10,libstorage-server.crt.der
10,example.der
10,dn-ee.der
10,ecc-client-keyPub.der
10,server-ecc-rsa.der
9,rsa-sign-pkcs8.der
9,dsa-sign-pkcs8.der
9,enc-rsa-key.der
9,localhost.key.der
9,rsa_public_key.der
9,server-cert-chain.der
9,good_root_cert.der
9,evil_root_cert.der
9,enc-dsa-key.der
9,test-pkcs7-2.der
9,rsa-crypt-pkcs8.der
9,rsa-crypt-crt.der
9,test-pkcs12-1.der
9,rsa-sign-crt.der
9,test-pkcs8-1.der
9,dsa-cert.der
9,dsa-ca-cert.der
9,dn-root-new.der
9,test-rsakey-1.der
9,test-pkcs7-1.der
9,keyB.der
9,westcert.der
9,keyAB.der
9,rsa-ca-cert.der
9,keyChain.der
9,dsa-sign-crt.der
9,apiCert1.der
8,rsa-pri-2048.der
8,rsa-pub-1024.der
8,server-keyPkcs8.der
8,api_mapbox_com-digicert_2017.der
8,digicert_global_root.der
8,rsa-pri-512.der
8,api_mapbox_com-geotrust_2017.der
8,x509_ima.der
8,beid-cert-belgiumrca2.der
8,dsa-pri-1024.der
8,cert-ext-ia.der
8,api_mapbox_com-digicert_2016.der
8,GoDaddyDotCom.der
8,rsa-pub-2048.der
8,cert-ext-ns.der
8,testing-server.der
8,self-server.der
8,cert-ss.der
8,rsa-pri-1023.der
8,rsa-pub-1023.der
8,beid-cert-belgiumrca.der
8,rsa-pub-999.der
8,dsa-pri-576.der
8,jwt-test-private.der
8,mycert.der
8,rsa-pri-999.der
8,ocsp-response.der
8,v1_ff.der
8,v2_ff.der
8,rsa-pub-511.der
8,rsa-pri-511.der
8,cert-ext-nc.der
8,client-pubKey.der
8,rsa-pri-40.der
8,dsa-pub-960.der
8,dsa-pub-576.der
8,api_mapbox_com-geotrust_2016.der
8,ocsp-req.der
8,rsa-pub-40.der
8,dsa-pub-512.der
8,self-signed-with-ku.der
8,GoDaddySecureCertificationAuthority.der
8,rsa-pub-512.der
8,20100823000000zsignaturepolicy.der
8,testing-ca.der
8,verisign-v1.der
8,godaddy_class_2_ca.der
8,dsa-pri-960.der
8,rsa-pri-1024.der
8,ec_sha256.der
8,IR_unprotected.der
8,IR_protected.der
8,rsa4096.der
8,dsa-pri-512.der
8,dsa-pub-1024.der
8,invalid-cert.der
8,self-signed-with-eku.der
7,ocsp_response_no_next_update.der
7,google_nodns.der
7,release_primary.der
7,client-ed25519-key.der
7,_ISRGRootX1.der
7,dh_params512.der
7,ca-ed25519.der
7,globalsign_r2.der
7,xpcshellCertificate.der
7,google_wildcard.der
7,nightly_aurora_level3_secondary.der
7,dep1.der
7,rsakey.der
7,lets_encrypt_x3.der
7,release_secondary.der
7,dep2.der
7,root-ed25519.der
7,google_teletex.der
7,_blynk-cloudcom.der
7,rsaprivkey.der
7,certSrv.der
7,_LetsEncryptAuthorityX3.der
7,test-certificate-2.der
7,v3_ff.der
7,server-ed25519.der
7,nonosan.key.der
7,class3.der
7,_DSTRootX3.der
7,google_printable.der
7,bla.key.der
7,CAcertSrv.der
7,server1.ca.der
7,CA_INRIA.key.der
7,pubk1.der
7,client-ed25519.der
7,server-ed25519-key.der
7,root-ed25519-key.der
7,pubk2.der
7,x509-512b-rsa-example-cert.der
7,privkeySrv.der
7,dh_params1024.der
7,nightly_aurora_level3_primary.der
7,secp256k1-key.der
7,ca-ed25519-key.der
6,ocsp-resp1-keyhash.der
6,key2.der
6,enc-rsa-pkcs8.der
6,server-cert-rsa-badsig.der
6,test-root.der
6,crl1.der
6,rsa_sha256.der
6,trusted_ca1.der
6,cert_dfn_pca01.der
6,ocsp-resp1-3.der
6,unenc-dsa-pkcs8.der
6,servercert.der
6,ca-ecc384-key.der
6,dsa.2048.der
6,test-personalname-invalid.der
6,cert_g10code_test1.der
6,pkcs10.der
6,Server-localhost-firstSAN-sv.pub.der
6,google_bmp.der
6,server-ecc-self.der
6,server-cert-ecc-badsig.der
6,ca-ecc-key.der
6,exp3.der
6,ocsp-resp1-ocsp.der
6,ocsp-resp1-ca.der
6,dsa.1024.der
6,google_universal.der
6,dsa3.der
6,dsa2.der
6,dsa1.der
6,dsa4.der
6,daveCert.der
6,ocsp-resp1.der
6,rsa_sha1.der
6,ca_key.der
6,daveKey.der
6,enc2-rsa-pkcs8.der
6,rsacert.der
6,dsa.3072.der
6,test-key-5.der
6,frank4dd-cacert.der
6,ca-ecc-cert.der
6,Server-localhost-firstSAN-sv.der
6,0-dns-rsapub.der
6,ocsp-req2.der
6,ocsp-req1.der
6,san_rsa_sha1.der
6,testrsa.der
6,unenc-rsa-pkcs8.der
6,ocsp-resp1-2.der
6,ocsp-resp1-ocsp-no-cert.der
6,rsa_md4.der
6,Server-localhost-lastSAN-sv.pub.der
6,dsa_sha1.der
6,unenc-rsa-pkcs8.pub.der
6,Server-localhost-lastSAN-sv.der
6,cert_dfn_pca15.der
6,carolKey.der
6,ec_private_key.der
6,carolCert.der
6,unenc-dsa-pkcs8.pub.der
6,ocsp-resp2.der
6,dsa_public_key.der
6,ocsp_ecdsa_response.der
6,ca-ecc384-cert.der
6,ec_private_key_encrypted.der
6,ec_public_key.der
6,director_targets.der
5,client-secp256k1-cert.der
5,cert-ext-nct.der
5,f7.der
5,rsa5.der
5,client-ecc384-cert.der
5,server-localhost.der
5,dhParams_512.der
5,root-ed448-key.der
5,dh-ffdhe2048.der
5,client-ed448-priv.der
5,CR_protected_PBM_1234.der
5,ocsp-resp.der
5,rsa3.der
5,ocsp-resp-signed-by-orphaned.der
5,rsa4.der
5,rsa-prvkey.der
5,server-goodcn.der
5,dh4096.der
5,ca-int-cert.der
5,rsa1.der
5,server-p521-key.der
5,root-p521-priv.der
5,client-ed25519-priv.der
5,server-garbage.der
5,ca-p521-key.der
5,f3.der
5,ec-pubkey.der
5,server-badaltnull.der
5,ca-int2-key.der
5,server-bp256r1-cert.der
5,SMIMECertificate-1.der
5,dsa3072.der
5,ca-cert-chain.der
5,client-int-cert.der
5,csr.attr.der
5,ca-int2-ecc-key.der
5,ca-int2-cert.der
5,SMIMECertificate-3.der
5,rsa-pubkey.der
5,rsa3072.der
5,cert-srv.der
5,test.key.der
5,f9.der
5,rsa2.der
5,expired-cert.der
5,server-badaltname.der
5,revoked-ocsp-resp.der
5,root-ed448-priv.der
5,ca-ed448-key.der
5,cert-clt.der
5,cert2.der
5,mycert-private.der
5,server-secp256k1-cert.der
5,ca-ed448-priv.der
5,server-chain-ecc.der
5,server-ecc384-key.der
5,SMIMECertificate-2.der
5,f1.der
5,ecc-privkeyPkcs8.der
5,ca-int-ecc-cert.der
5,server-badcn.der
5,IR_protected_0_extraCerts.der
5,ocsp-resp-no-certs.der
5,server-ed448.der
5,server-ed448-priv.der
5,cert-ext-ndir-exc.der
5,ca-ed448.der
5,csr.ext.der
5,SMIMECertificate-smimeuser1.der
5,test.crt.der
5,private_dkim_key.der
5,staging.js.der
5,ec-cert.der
5,test-personalname-1.der
5,signature.der
5,server-int-cert.der
5,client-ed448.der
5,mt-http-server-cert.der
5,f6.der
5,server-goodcnwild.der
5,certReqTemplate256.der
5,server_privkey.der
5,ec-prvkey.der
5,client-p521.der
5,server-keyPkcs8Enc.der
5,IP_waitingStatus_PBM.der
5,root-ca.der
5,public-key.der
5,certReqTemplate128.der
5,cert-ext-ndir.der
5,client-chain-ecc.der
5,root-p521-key.der
5,cert3.der
5,f2.der
5,rsakey4096.der
5,rsakey2048.der
5,client-chain.der
5,client-ecc384-key.der
5,root-p521.der
5,ecc-keyPkcs8.der
5,ca-int-ecc-key.der
5,ecc-secp256r1.der
5,server-goodalt.der
5,server-badcnnull.der
5,ca-p521.der
5,ca-ed25519-priv.der
5,server-ed448-key.der
5,ca-p521-priv.der
5,IR_rmprotection.der
5,lets-encrypt-x2-cross-signed.der
5,server-pubkey.der
5,client-p521-priv.der
5,csr.signed.der
5,server-ed25519-priv.der
5,client-int-ecc-cert.der
5,server-ecc384-cert.der
5,pub.der
5,expired-ca.der
5,dh3072.der
5,client-cert-ext.der
5,ecc-keyPkcs8Enc.der
5,IR_protected_2_extraCerts.der
5,f8.der
5,win-u16-in-printablestring.der
5,root-ed25519-priv.der
5,client-bp256r1-cert.der
5,f4.der
5,ouya_key.der
5,client-p521-key.der
5,server-int-ecc-cert.der
5,client-ed448-key.der
5,server-p521.der
5,server-p521-priv.der
5,server-goodaltwild.der
5,self_sign.der
5,f5.der
5,ca-int2-ecc-cert.der
5,ca-int-key.der
5,server-chain.der
5,root-ed448.der
5,bp256r1-key.der
5,IP_PBM.der
5,test-com.key.der
5,ec.pub.der
5,mt-http-server-key.der
4,testmanufacturercvc.der
4,bench_falcon_level5_key.der
4,pkcs8v2_dsa_aes192_ecb.der
4,pkcs8v2_dsa_des1_ofb.der
4,pkcs8v2_dsa_aes256_ecb.der
4,signal_mobilecoin_authority.der
4,Chip-Test-PAA-FFF1-Cert.der
4,signature-policy.der
4,pkcs8v2_rsa_des3.der
4,pkcs8v1_rsa_md5_des1.der
4,2048b-rsa-example-cert.der
4,lets-encrypt-x1-cross-signed.der
4,pkcs8v1_rsa_md2_rc2_64.der
4,cert-crl-ca.der
4,pkcs8v1_dsa_sha1_rc2_64_cbc.der
4,pkcs8v2_dsa_aes256_ofb.der
4,pkcs8v1_rsa_sha1_rc4_128.der
4,cert-alt-uri.der
4,cert-ipv6.der
4,dsaparams.der
4,cert-ext-multiple.der
4,pkcs8v1_rsa_sha1_rc4_40.der
4,pkcs8v2_dsa_des1_cbc.der
4,client_3.der
4,cert-alt-none.der
4,crl-rsa-sig.der
4,cert-ext-mnc.der
4,openssl_dsa_unencrypted.der
4,location_public_key.der
4,pkcs8v1_rsa_sha1_rc2_64.der
4,www.good.com.selfsigned.der
4,cert-unsupported.der
4,crl-rsa-dsa-sigopt.der
4,client_private_key.der
4,cert-ext-ncmixed.der
4,pkcs8v1_rsa_sha1_des3.der
4,pkcs8v2_rsa_aes256_cbc.der
4,testcosignercvc.der
4,user-key-pkcs1.der
4,dh-pubkey-2048.der
4,cert-ext-joi.der
4,pkcs8v2_rsa_des1_ecb.der
4,cert-userWithPathLen.der
4,cert-ext-ncdns.der
4,192.168.1.101.der
4,pkcs8v1_dsa_md5_rc2_64_cbc.der
4,pkcs8v1_rsa_sha1_rc2_40.der
4,cert0.der
4,cert-rsa-sig.der
4,crl-rsa.der
4,pkcs8v2_dsa_aes192_ofb.der
4,pkcs8v2_rsa_aes192_ofb.der
4,pkcs8v2_rsa_des1_ofb.der
4,signature-policy-example.der
4,certs-pk7.der
4,redhat-ca.der
4,pkcs8v2_rsa_aes192_cfb.der
4,pkcs8v2_rsa_aes192_ecb.der
4,crl-empty.der
4,user-key-pkcs8-pbes1-sha1-3des.der
4,pkcs8v1_dsa_sha1_des3_cbc.der
4,pkcs8v2_rsa_aes256_cfb.der
4,cert-alt-rid.der
4,user-key-pkcs8.der
4,redhat-newca.der
4,pkcs8v2_rsa_des1_cbc.der
4,pkcs8v2_rsa_aes128_ecb.der
4,pkcs8v1_rsa_sha1_rc2_128.der
4,pkcs8v2_rsa_des1_cfb.der
4,dh-priv-key.der
4,www.good.com.der
4,GoodRootCA.der
4,cert-alt-dirname.der
4,selfupdate_test_key.der
4,crl2.der
4,pkcs8_dsa_unencrypted.der
4,pkcs8v1_dsa_sha1_rc2_40_cbc.der
4,pkcs8v1_dsa_md5_des1_cbc.der
4,apiCert2.der
4,cert-extendedKeyUsage.der
4,cert-alt-dns.der
4,user-key-pkcs8-pbes1-md5-des.der
4,user-key-pkcs8-pbes2-sha1.der
4,pkcs8v2_rsa_aes256_ecb.der
4,pkcs8v2_dsa_des1_cfb.der
4,pkcs8v2_dsa_aes192_cbc.der
4,pkcs8v1_rsa_sha1_des2.der
4,pkcs8v2_dsa_rc2_40_cbc.der
4,entrust-invalid.der
4,pkcs8v2_dsa_aes128_ofb.der
4,direct.connectopensource.org_ca.der
4,crl-rsa-dsa.der
4,dsa-key-pkcs1.der
4,client_public_key.der
4,pkcs8v2_dsa_rc2_128_cbc.der
4,pkcs8v2_dsa_des2_ecb_SEEMS_WRONG.der
4,Chip-Test-PAA-NoVID-Cert.der
4,cert1.der
4,cert-rsa.der
4,pkcs8v2_dsa_des1_ecb.der
4,attestation-certificate.der
4,cert-ca.der
4,x25519-pub.der
4,pkcs8v2_rsa_aes128_cbc.der
4,DigiCertRootCert.der
4,user-key-pkcs8-pbes2-sha256.der
4,ctt_ca1I.der
4,pkcs8v2_rsa_rc2_128.der
4,pkcs8v2_rsa_des2_ecb_SEEMS_WRONG.der
4,pkcs8v1_dsa_sha1_rc4_128.der
4,random-org.der
4,csr-invalid.der
4,1.der
4,cert-invalidip.der
4,dsa-pubkey-2048.der
4,pkcs8v2_dsa_des3_cbc.der
4,pkcs8v1_dsa_sha1_des1_cbc.der
4,pkcs8v2_rsa_aes256_ofb.der
4,pkcs8v1_dsa_sha1_rc4_40.der
4,pkcs8v1_dsa_md2_des1_cbc.der
4,openssl_rsa_unencrypted.der
4,pkcs8v2_rsa_aes128_cfb.der
4,pkcs8v2_dsa_aes256_cbc.der
4,crl-rsa-tbs.der
4,cert-dsa.der
4,dsa-key-pkcs8-pbes2-sha1.der
4,570-ec-sect571r1-cert.der
4,client-crl-dist.der
4,pkcs8v2_rsa_rc2_64.der
4,pkcs8v2_dsa_blowfish_cbc.der
4,ecukey.der
4,publickey.der
4,user_cert_mcohen@pingtel.com.der
4,ec_spki.der
4,cert-sigopt.der
4,dh-ffdhe2048-pub.der
4,pkcs8v1_rsa_md2_des1.der
4,crl-unsupported.der
4,cert-alt-other.der
4,ec-key-pkcs8-pbes2-sha1.der
4,certificate_root_ca.der
4,lets-encrypt-r3.der
4,cert-rsa-tbs.der
4,cert-caWithPathLen.der
4,qualityssl.com.der
4,pkcs8v2_dsa_aes128_ecb.der
4,pkcs8v1_dsa_sha1_des2_cbc.der
4,rsa-priv-key.der
4,distant-end-date.der
4,pkcs8_rsa_unencrypted.der
4,pkcs8v2_rsa_blowfish_cbc.der
4,pkcs8v2_rsa_aes192_cbc.der
4,pdfjt-key.der
4,cert-ec.der
4,cert-keyUsage-extraLong.der
4,ec-key-pkcs8.der
4,dsa-key-pkcs8.der
4,pkcs8v2_dsa_aes128_cbc.der
4,ec-key-pkcs1.der
4,server_public_key.der
4,pkcs8v2_dsa_aes192_cfb.der
4,pkcs8v1_dsa_sha1_rc2_128_cbc.der
4,pkcs8v1_rsa_md5_rc2_64.der
4,pkcs8v2_dsa_aes256_cfb.der
4,cert-alt-email.der
4,cert-rsa-pubkey.der
4,server_private_key.der
4,bench_falcon_level1_key.der
4,pkcs8v2_dsa_aes128_cfb.der
4,pkcs8v2_rsa_rc2_40.der
4,pkcs8v2_rsa_aes128_ofb.der
4,pkcs8v1_rsa_sha1_des1.der
4,TRC-B1-S1.pld.der
4,x25519.der
4,pkcs8v1_dsa_md2_rc2_64_cbc.der
4,pkcs8v2_dsa_rc2_64_cbc.der
4,pdfjt-cert.der
4,EntrustRootCert.der
4,ec_cert.der
3,GoodIntermediateCA.der
3,int.der
3,DH.priv.der
3,cakey.der
3,prime256v1-cert.der
3,sample_ecu_manifest.der
3,pkcs3-2-1024.der
3,input3.der
3,sw-vendor-DB-cert.der
3,sw-vendor-KEK-cert.der
3,ctt_ca1T.der
3,1024b-rsa-example-cert.der
3,call_metrics_public.der
3,ctt_ca1IC.der
3,pkcs3-5-1024.der
3,X448.pub.der
3,canonical-uefi-ca.der
3,ocsp-server-cache.der
3,1024b-dsa-example-cert.der
3,RSA.pub.der
3,ED448.priv.der
3,X25519.pub.der
3,DSA.priv.der
3,cert_seq.der
3,server_ocsp_resp.der
3,wikipedia.org.der
3,x942-0-1024.der
3,input4.der
3,abc8.der
3,ED25519.priv.der
3,iphonelinux.der
3,development-build-public-key.der
3,input2.der
3,hw-vendor-KEK-cert.der
3,mycert3.der
3,4096b-rsa-example-cert.der
3,testrsa_withattrs.der
3,server.key.der
3,precert.der
3,sample_vehicle_manifest.der
3,chain-rsa_dsa_rsa.pkcs12.der
3,InvalidCertificationAuthority.der
3,strongswan_blissKey.der
3,iptablesmap.der
3,X448.priv.der
3,rsa_privatekey_2048.der
3,ca-startcom.der
3,abc10.der
3,bin2.der
3,EC.der
3,resp3.der
3,mycert2.der
3,oslp_test_ecdsa_private.der
3,p384sig.der
3,abc1.der
3,abc3.der
3,RSA.priv.der
3,input5.der
3,g3.der
3,san_edipartyname.der
3,DH.pub.der
3,ctt_ca1I_ca2T.der
3,abc11.der
3,g2.der
3,intermediate.der
3,oslp_sim_ecdsa_public.der
3,p521sig.der
3,ocsp_response_wrong_signer.der
3,ED25519.pub.der
3,bin1.der
3,test-rrn-cert.der
3,chain-rsa_rsa_rsa.pkcs12.der
3,oslp_test_ecdsa_public.der
3,oslp_sim_ecdsa_private.der
3,ctt_ca1TC.der
3,hw-vendor-PK-cert.der
3,secp256sig.der
3,abc4.der
3,san_x400address.der
3,private_rsa_key.der
3,512b-rsa-example-cert.der
3,DSA.der
3,PA_PAdES_AD_RB_v1_0.der
3,ctt_ca1TC_ca2I.der
3,test-identity-sign.der
3,resp1.der
3,ecc_p256_public_compressed.der
3,openssl_heartbleed_test_key.der
3,abc6.der
3,g1.der
3,8192b-rsa-example-cert.der
3,ED448.pub.der
3,api_mapbox_cn-digicert_2018.der
3,rsa_publickey_2048.der
3,RSA.der
3,globalsign_r1.der
3,server.crt.der
3,server_ecdsa_ocsp_resp.der
3,abc12.der
3,abc2.der
3,abc7.der
3,16k-rsa-example-cert.der
3,sample_timeserver_attestation.der
3,EC.pub.der
3,pkcs3-2-2048.der
3,api_mapbox_cn-geotrust_2018.der
3,input1.der
3,abc9.der
3,onie-vendor-SHIM-cert.der
3,privatekey.der
3,abc5.der
3,csr_512.der
3,X25519.priv.der
3,EC.priv.der
3,resp2.der
3,certificate-example.der
3,ocsp_response_revoked.der
3,DSA.pub.der
3,hw-vendor-DB-cert.der
3,opcuactt_ca.der
3,32k-rsa-example-cert.der
3,bin3.der
3,test-address-sign.der
3,public_rsa_key.der
3,randombit_ocsp.der
3,rsapubkey.der
3,p256sig.der
2,KUR_Insta.der
2,Error_Insta.der
2,cai4.der
2,Matter-Development-DAC-8004-Key.der
2,Chip-Test-DAC-FFF2-8004-001C-FB-Key.der
2,Chip-Test-DAC-FFF1-8000-0001-Key.der
2,Matter-Development-DAC-8007-Cert.der
2,Chip-Test-PAI-FFF2-NoPID-FB-Key.der
2,Matter-Development-DAC-800B-Cert.der
2,PA_AD_RB.der
2,2.der
2,ctt_ca1TC_appTR.der
2,test_public_key.der
2,dsa-pkcs8-priv.der
2,ec-pkcs8-secp224k1-explicit-nopass.der
2,ptframework.der
2,GenM_Insta.der
2,Chip-Test-DAC-FFF2-8002-0015-Key.der
2,Matter-Development-DAC-8006-Cert.der
2,Chip-Test-DAC-FFF2-8001-000E-Cert.der
2,1-subca-cert.der
2,CRHTTPSHelperTests.der
2,lets-encrypt-x4-cross-signed.der
2,TEST.pub.der
2,ctt_ca1IC_appT.der
2,ctt_usrTV.der
2,ssl.der
2,rsaCert.der
2,ecc_p521_private_p8.der
2,COMCAST_CVC.der
2,ca-1.der
2,mi_pub_key.der
2,bin8.der
2,cacert4.der
2,cacert_root.der
2,Chip-Test-PAI-FFF2-NoPID-Cert.der
2,Chip-Test-DAC-FFF2-8002-0012-Key.der
2,Chip-Test-DAC-FFF2-8001-000A-Key.der
2,Chip-Test-DAC-FFF2-8001-000D-Key.der
2,Matter-Development-DAC-8013-Key.der
2,PA_AD_RT_v1_1.der
2,PA_AD_RA.der
2,object_identifier.der
2,vm4_attack_detected_in_ecu_manifest.der
2,arm_rotpk_ecdsa.der
2,ctt_ca1I_usrTR.der
2,apiCert3.der
2,verisign.crl.der
2,PollReq_Insta.der
2,GenP_Insta.der
2,intermediateRootCA.der
2,Chip-Test-DAC-FFF2-8002-0015-Cert.der
2,Chip-Test-DAC-FFF2-8002-0014-Key.der
2,Chip-Test-DAC-FFF1-8000-0002-Key.der
2,patrickschmidt_ocsp.der
2,expiredcert.der
2,tsa-2014-chain.der
2,ec-p256k.pub.der
2,ctt_ca1I_ca2T_usrT.der
2,ecc_p521_private_p8_clear.der
2,idp-key.pkcs8.der
2,ThawteSSLCA.der
2,secp384r1-pub.der
2,test_cert.der
2,SECURE-BOOT-KEY-elrepo.org.der
2,Chip-Test-PAI-FFF2-8004-FB-Cert.der
2,Matter-Development-DAC-8014-Cert.der
2,ecTest.der
2,PA_AD_RT_v2_0.der
2,pkcs7-signed-digested.der
2,lets-encrypt-x3.der
2,ecc_p384_public_compressed.der
2,ecc_p384_public.der
2,dsa-pkcs8-priv-nopass.der
2,encryptedData.der
2,IP_empty_subject_Insta.der
2,P10CR_Insta.der
2,bin4.der
2,Chip-Test-PAI-FFF1-8000-Cert.der
2,Chip-Test-DAC-FFF1-8000-0006-Cert.der
2,Chip-Test-DAC-FFF1-8000-0004-Cert.der
2,Matter-Development-DAC-8004-Cert.der
2,Matter-Development-DAC-8006-Key.der
2,Chip-Test-DAC-FFF1-8000-0006-Key.der
2,Matter-Development-DAC-8015-Cert.der
2,Matter-Development-DAC-8012-Key.der
2,Chip-Test-DAC-FFF2-8001-000B-Key.der
2,Chip-Test-DAC-FFF2-8004-001E-FB-Key.der
2,CamfordCA.der
2,cms-compressed.der
2,examplla-app-signing-root-ca-1.der
2,fpki-cert.der
2,ctt_appTSincorrect.der
2,ctt_ca1IC_usrT.der
2,ecc_p384_private_p8.der
2,ecc_p521_public.der
2,ecdsa_ocsp_req.der
2,snortmap.der
2,exp4.der
2,rsa_private_key.der
2,Chip-Test-PAI-FFF2-8001-Key.der
2,Matter-Development-DAC-801B-Key.der
2,Chip-Test-PAI-FFF2-8004-FB-Key.der
2,sample.pem.der
2,PA_AD_RT.der
2,PA_AD_RV.der
2,ctt_ca1T_ca2U_usrTR.der
2,ctt_usrTSincorrect.der
2,ec-openssl-prime256v1-named-nopass.der
2,secp521r1-key.der
2,private_pkcs8.der
2,public_pkcs8.der
2,Chip-Test-DAC-FFF1-8000-0002-Cert.der
2,Matter-Development-DAC-800E-Cert.der
2,Matter-Development-DAC-8009-Key.der
2,Matter-Development-DAC-8007-Key.der
2,Matter-Development-DAC-8008-Cert.der
2,Matter-Development-DAC-801F-Cert.der
2,Matter-Development-DAC-8015-Key.der
2,munin.der
2,test-signing-key.der
2,PA_AD_RC.der
2,ctt_ca1T_ca2U_usrT.der
2,ctt_ca1I_appTR.der
2,ctt_ca1TC_usrT.der
2,ecc_p521_private.der
2,rsa-pub-cert.der
2,secp521r1-pub.der
2,public.prod.der
2,Chip-Test-DAC-FFF2-8002-0017-Key.der
2,Chip-Test-DAC-FFF2-8002-0013-Cert.der
2,Chip-Test-DAC-FFF2-8003-0019-FB-Key.der
2,PA_AD_RB_v1_1.der
2,PA_AD_RA_v1_2.der
2,PA_AD_RC_v2_1.der
2,ec-p384.pub.der
2,cms-signed-digested.der
2,test-pkcs12-2.der
2,prikey.der
2,dsa-pub.der
2,rsa-pkcs8-priv-v1-md5-des.der
2,certfile.der
2,Matter-Development-DAC-8012-Cert.der
2,Chip-Test-DAC-FFF2-8004-001D-FB-Key.der
2,Chip-Test-DAC-FFF2-8001-000E-Key.der
2,Chip-Test-DAC-FFF2-8001-000F-Cert.der
2,example-certificate.der
2,em2_unknown_ecu_manifest.der
2,ocsp-multi-server-cache.der
2,KUP_Insta.der
2,secp521r1-pkcs8.der
2,Matter-Development-DAC-8005-Key.der
2,Chip-Test-DAC-FFF1-8000-0004-Key.der
2,Chip-Test-DAC-FFF2-8002-0010-Key.der
2,Matter-Development-DAC-800F-Key.der
2,Chip-Test-DAC-FFF1-8000-0003-Key.der
2,Matter-Development-DAC-8013-Cert.der
2,crt.der
2,0.der
2,ctt_ca1T_appT.der
2,ctt_ca1T_appTR.der
2,ctt_appTSuri.der
2,ecc_p521_public_compressed.der
2,rsa-pub.der
2,twitter.der
2,infohaiku.der
2,dsaParam512.der
2,cert-nocn.der
2,rsa_public2.der
2,bin7.der
2,Chip-Test-CD-FFF2-8001.der
2,Matter-Development-DAC-8016-Cert.der
2,Chip-Test-PAI-FFF1-8000-Key.der
2,rootcax3.der
2,ctt_usrT.der
2,rsa-pkcs8-priv-v1-md5-rc2-64.der
2,2qca16_rsa.der
2,freeradius.der
2,CertConf_Insta.der
2,secp384r1-key.der
2,secp256k1-pkcs8.der
2,private_pkcs1.der
2,public.explore.der
2,Chip-Test-DAC-FFF1-8000-0000-Key.der
2,Chip-Test-DAC-FFF2-8001-000C-Key.der
2,Matter-Development-DAC-800C-Key.der
2,Chip-Test-DAC-FFF2-8002-0010-Cert.der
2,iaca_zetes.der
2,pkcs7-signed.der
2,ctt_ca1U_usrTR.der
2,responder_key_hash_ocsp_resp.der
2,ec-openssl-sect571r1-named-nopass.der
2,dh_parameters.der
2,secp256k1-pub.der
2,client.der
2,Matter-Development-DAC-801A-Cert.der
2,Chip-Test-DAC-FFF2-8001-000B-Cert.der
2,LPAv2.der
2,rsa-4096.pub.der
2,rsa-2048.pub.der
2,b2g-app-root-cert.der
2,ctt_appTSip.der
2,www.datatheorem.com.der
2,dsaParams_512.der
2,v1cert.der
2,bin9.der
2,cai3.der
2,Matter-Development-DAC-8001-Key.der
2,Matter-Development-DAC-8018-Key.der
2,Matter-Development-DAC-8010-Key.der
2,Chip-Test-DAC-FFF1-8000-000A-Key.der
2,Chip-Test-DAC-FFF2-8001-0008-Cert.der
2,Matter-Development-DAC-8008-Key.der
2,Chip-Test-PAI-FFF2-NoPID-FB-Cert.der
2,cms-signed.der
2,letsencryptauthorityx2.der
2,ec-secp224k1-explicit-pub.der
2,rsa-openssl-priv-nopass.der
2,dsa-openssl-priv-nopass.der
2,rca15_rsa.der
2,testcert_simple.crt.der
2,test_CA1.crl.der
2,bin6.der
2,DSTRootCAX3.der
2,application_public_key.der
2,Chip-Test-PAA-NoVID-Key.der
2,Chip-Test-DAC-FFF2-8003-001B-FB-Key.der
2,Matter-Development-PAI-noPID-Cert.der
2,PA_AD_RT_v2_1.der
2,PA_AD_RV_v2_0.der
2,ctt_ca1TC_ca2I_appTR.der
2,ssl1.der
2,unknown_ocsp_resp.der
2,Chip-Test-DAC-FFF2-8003-0018-FB-Key.der
2,Chip-Test-DAC-FFF2-8004-001F-FB-Key.der
2,Chip-Test-DAC-FFF2-8003-001A-FB-Key.der
2,Matter-Development-DAC-801D-Key.der
2,Matter-Development-DAC-800A-Cert.der
2,Matter-Development-DAC-8010-Cert.der
2,Matter-Development-DAC-8019-Cert.der
2,Chip-Test-DAC-FFF1-8000-0007-Key.der
2,message.der
2,ctt_ca1TC_ca2I_appT.der
2,ctt_ca1I_ca2T_appTR.der
2,microsoft-kekca-public.der
2,OCSPtest.der
2,rsa-pkcs8-priv-v2-aes256.der
2,request.der
2,terminalkey.der
2,Chip-Test-DAC-FFF1-8000-0001-Cert.der
2,Chip-Test-DAC-FFF1-8000-0005-Key.der
2,Matter-Development-DAC-801C-Key.der
2,sample-MessageFrame-1.der
2,ctt_ca1TC_ca2I_usrTR.der
2,microsoft-uefica-public.der
2,ecc_p521_x509.der
2,private.key.der
2,PollRep_Insta.der
2,Chip-Test-DAC-FFF1-8000-0005-Cert.der
2,Matter-Development-DAC-801E-Key.der
2,dsacert.der
2,ctt_ca1I_usrT.der
2,ctt_ca1TC_usrTR.der
2,ctt_ca1TC_appT.der
2,ctt_ca1IC_appTR.der
2,rsa-pkcs8-priv-nopass.der
2,default-ee.der
2,RR_Insta.der
2,z7bis1.der
2,Matter-Development-DAC-800E-Key.der
2,Matter-Development-DAC-801B-Cert.der
2,Matter-Development-DAC-8005-Cert.der
2,Matter-Development-DAC-801C-Cert.der
2,Chip-Test-DAC-FFF2-8002-0016-Cert.der
2,PA_AD_RA_v2_1.der
2,LPA.der
2,private.pem.key.der
2,ecc_p384_private.der
2,kosmos.der
2,Chip-Test-DAC-FFF1-8000-0003-Cert.der
2,Matter-Development-DAC-8003-Key.der
2,Chip-Test-DAC-FFF2-8002-0012-Cert.der
2,CRHTTPSHelperTests.key.der
2,ctt_ca1T_usrT.der
2,ctt_appTSha1_1024.der
2,ctt_ca1TC_ca2I_usrT.der
2,www.cloudflare.com.der
2,test_CA1.crt.der
2,priv.der
2,Chip-Test-DAC-FFF2-8002-0011-Cert.der
2,Chip-Test-PAA-FFF1-Key.der
2,Matter-Development-DAC-800A-Key.der
2,Matter-Development-DAC-801A-Key.der
2,PA_AD_RA_v1_1.der
2,caKey.der
2,nimbuzz.der
2,ctt_appTE.der
2,ctt_ca1I_ca2T_usrTR.der
2,ctt_ca1U_appT.der
2,good_ocsp_req.der
2,sni41871.cloudflaressl.com.der
2,test-rsa-public-key.der
2,ec.der
2,exp5.der
2,anil.der
2,public.old.explore.der
2,Chip-Test-DAC-FFF2-8001-000C-Cert.der
2,Matter-Development-DAC-8017-Key.der
2,example_certstore.der
2,PA_AD_RC_v2_0.der
2,TEST.priv.der
2,ctt_appTSha256_4096.der
2,ctt_appTV.der
2,ecc_p384_private_p8_clear.der
2,responder_key_hash_ocsp_req.der
2,ptframework_check-sign.der
2,CA.cert.der
2,Matter-Development-DAC-8003-Cert.der
2,Matter-Development-DAC-8011-Key.der
2,0-root-cert.der
2,test-ca2.der
2,PA_AD_RB_v2_1.der
2,rsa-3072.pub.der
2,cms-encrypted.der
2,sample_ecu_manifest_ecu11111.der
2,pandev.der
2,ctt_ca1I_ca2T_appT.der
2,unknown_ocsp_req.der
2,CP_Insta.der
2,Matter-Development-DAC-800B-Key.der
2,Chip-Test-DAC-FFF2-8002-0013-Key.der
2,Matter-Development-DAC-8017-Cert.der
2,Chip-Test-DAC-FFF2-8001-0009-Cert.der
2,Chip-Test-CD-FFF3-8001.der
2,PA_AD_RV_v1_1.der
2,PA_AD_RA_v2_2.der
2,cms-digested.der
2,www.mozilla.org.der
2,ctt_ca1T_ca2U_appT.der
2,vtuca-crl.der
2,IR_empty_subject_Insta.der
2,mdmclient-PKIOperation.der
2,Matter-Development-DAC-8011-Cert.der
2,Chip-Test-CD-FFF2-8001-8002.der
2,Chip-Test-DAC-FFF2-8002-0011-Key.der
2,Matter-Development-DAC-8000-Key.der
2,Chip-Test-DAC-FFF2-8002-0014-Cert.der
2,my_own_CA.der
2,PA_AD_RV_v2_1.der
2,em4_attack_detected_in_ecu_manifest.der
2,ctt_ca1T_ca2U_appTR.der
2,ctt_ca1IC_usrTR.der
2,ctt_appTSha256_2048.der
2,nagiosmap.der
2,CR_Insta.der
2,bin5.der
2,rsa.der
2,secp384r1-pkcs8.der
2,public_pkcs1.der
2,Matter-Development-DAC-8019-Key.der
2,Chip-Test-DAC-FFF2-8001-000F-Key.der
2,Matter-Development-DAC-801D-Cert.der
2,input6.der
2,play.dhis2.org.der
2,github.com.der
2,ctt_usrTE.der
2,ctt_appT.der
2,multiple_cert_ocsp_resp.der
2,ee.der
2,ca-2.der
2,spe1.der
2,Chip-Test-DAC-FFF2-8001-000A-Cert.der
2,dsakey.der
2,letsencryptauthorityx1.der
2,ctt_ca1I_appT.der
2,testCA.crt.der
2,cacert2.der
2,Matter-Development-DAC-8002-Key.der
2,Matter-Development-DAC-800D-Cert.der
2,Chip-Test-DAC-FFF2-8001-000D-Cert.der
2,Matter-Development-DAC-8016-Key.der
2,ctt_ca1T_usrTR.der
2,revoked_ocsp_req.der
2,ecprime256v1.der
2,StartComCertificationAuthority.der
2,Chip-Test-CD-FFF3-8002.der
2,Chip-Test-DAC-FFF2-8001-0009-Key.der
2,Matter-Development-DAC-800D-Key.der
2,Chip-Test-DAC-FFF2-8002-0016-Key.der
2,Matter-Development-DAC-8000-Cert.der
2,Matter-Development-DAC-8009-Cert.der
2,PA_AD_RC_v1_1.der
2,vm1_three_ecus_one_unknown.der
2,caCert.der
2,ecdsa_ocsp_resp.der
2,good_ocsp_resp.der
2,dsa-pkcs8-priv-v2-des3.der
2,client-ca.der
2,PKIConf_Insta.der
2,rootCA.der
2,Matter-Development-DAC-801F-Key.der
2,Chip-Development-PAA-Cert.der
2,Chip-Development-PAA-Key.der
2,Chip-Test-CD-FFF2-8002.der
2,Matter-Development-DAC-8002-Cert.der
2,cms-enveloped.der
2,ctt_ca1U_usrT.der
2,server_root_cert.der
2,ecc_p384_x509.der
2,testreq1.der
2,test_CA1.key.der
2,RP_Insta.der
2,certificatePrivateKey.der
2,cert-invalid-utf8.der
2,Matter-Development-DAC-800C-Cert.der
2,Matter-Development-DAC-8001-Cert.der
2,Matter-Development-DAC-8014-Key.der
2,Chip-Test-DAC-FFF1-8000-0000-Cert.der
2,Matter-Development-DAC-801E-Cert.der
2,Chip-Test-DAC-FFF2-8001-0008-Key.der
2,PA_AD_RA_v2_0.der
2,ec-p256.pub.der
2,ctt_ca1U_appTR.der
2,ctt_appTSha1_2048.der
2,client_root_cert.der
2,revoked_ocsp_resp.der
2,multiple_cert_ocsp_req.der
2,Chip-Test-PAI-FFF2-NoPID-Key.der
2,Chip-Test-PAI-FFF2-8001-Cert.der
2,Chip-Test-DAC-FFF2-8002-0017-Cert.der
2,Chip-Test-DAC-FFF1-8000-0007-Cert.der
2,Chip-Test-CD-FFF3-8001-8002.der
2,Matter-Development-DAC-8018-Cert.der
2,Matter-Development-DAC-800F-Cert.der
2,PA_AD_RB_v2_0.der
2,ec-p521.pub.der
2,sample_ecu_manifest_TCUdemocar.der
2,certificate.pem.crt.der
2,microsoft-pca-public.der
1,root_X0F.der
1,scep_ca1.der
1,v2_ee-v1_int-v1_ca.der
1,TeliaSoneraRootCAv1.der
1,ee-EKU-NS_TS-int-EKU-NS_TS.der
1,v2_bc_ee-v3_int_missing_bc-v1_ca_bc.der
1,v4_bc_ee-v1_int_bc-v3_ca_missing_bc.der
1,ee-1-ca-4.der
1,v1_bc_ee-v3_int-v2_ca_bc.der
1,certplus_class2.der
1,StarfieldRootCertificateAuthorityG2.der
1,ee-EKU-EP_NS-int-EKU-EP_SA.der
1,v3_missing_bc_ee-v2_int-v3_ca.der
1,ee-EKU-NS_OS-int-EKU-SA_TS.der
1,broken_ca.der
1,ee-EKU-CA_TS-int-EKU-EP_OS.der
1,eccert04.der
1,eepkint1.der
1,ee-EKU-CA_OS-int-EKU-OS_SA.der
1,ee-EKU-CA_OS-int-EKU-NS.der
1,ee-EKU-SA-int-EKU-OS_TS.der
1,ee-EKU-CA_EP-int-EKU-NS_OS.der
1,v4_bc_ee-v2_int-v3_ca_missing_bc.der
1,ee-EKU-CA_OS-int-EKU-OS.der
1,cert23.der
1,int-bad-ku-server-eku.der
1,ee-2-ca-3.der
1,ee-EKU-CA_EP_NS_OS_SA_TS-int-EKU-CA.der
1,ee-EKU-CA_OS-int-EKU-NS_SA.der
1,ee-EKU-NS_SA-int-EKU-EP_TS.der
1,ee-EKU-EP_NS-int-EKU-TS.der
1,server.cert.dev.der
1,v8_ff.der
1,local_private_key.der
1,mfirefox-der.der
1,AmazonRootCA1.pem.der
1,canonical-master-public.der
1,serverkey.der
1,TestIndef3.der
1,id-000014.der
1,ec-gen3.pub.der
1,dev-sign.der
1,params5.der
1,rsa8.der
1,gov-ca-2010.der
1,PA_AD_RV_v2_2.der
1,rsa_privkey.der
1,supersu.x509.der
1,cert_example.der
1,v3_bc_ee-v2_int-v2_ca_bc.der
1,ee-EKU-OS_SA-int-EKU-NS.der
1,v4_bc_ee-v2_int-v2_ca_bc.der
1,v1_bc_ee-v3_int_missing_bc-v3_ca.der
1,ee-EKU-EP_NS-int-EKU-CA_EP.der
1,ee-EKU-CA_EP-int-EKU-CA_TS.der
1,v2_bc_ee-v3_int_missing_bc-v1_ca.der
1,no-ocsp-url-cert.der
1,EntrustRoot-G2.der
1,ee-EKU-SA_TS-int-EKU-OS_TS.der
1,bad-scheme.der
1,ee-EKU-EP_OS-int-EKU-NS.der
1,broken.der
1,ee-5-ca-2.der
1,ee-EKU-SA_TS-int-EKU-CA.der
1,ee-EKU-EP_OS-int-EKU-EP.der
1,ee-5-ca-1.der
1,CNNICEVRoot.der
1,ee-EKU-EP_NS-int-EKU-SA_TS.der
1,ee-4-ca-3.der
1,v2_ee-v1_int_bc-v2_ca.der
1,v4_bc_ee-v3_int-v2_ca_bc.der
1,ee-EKU-CA-int-EKU-CA_OS.der
1,rsakey_priv.der
1,ca-nc.der
1,v3_bc_ee-v2_int-v1_ca.der
1,ee-EKU-OS-int-EKU-EP_SA.der
1,DODEMAILCA_25.der
1,ee-EKU-CA_TS-int-EKU-OS_SA.der
1,nochn_ca.der
1,ee-EKU-CA_SA-int-EKU-NS_TS.der
1,v1_int_bc-v2_ca_bc.der
1,valid-tip.der
1,zimmermann.der
1,empty.der
1,long_form_any.der
1,tstRTCrX509-sha224-cert.der
1,sample_public_key.der
1,signer2.der
1,letsencrypt-stg-int-r4.der
1,CartaodeCidadao001.der
1,trusted_CA_ROOT.der
1,ctt_ca1I_usrU.der
1,UTN-USERFirst-Hardware.der
1,My Server.der
1,id-000030.der
1,client-rsapss.der
1,sandbox_braintreegateway_com.ca.der
1,rsa_key_1.der
1,LPA_PAdES.der
1,ee-EKU-CA_EP-int-EKU-EP_SA.der
1,v3_missing_bc_ee-v2_int_bc-v2_ca_bc.der
1,ee-EKU-CA_SA-int-EKU-CA_OS.der
1,ee-EKU-CA_OS-int-EKU-SA.der
1,dsa-valid-int-tampered-ee.der
1,ee-EKU-EP_TS-int-EKU-CA.der
1,ee-EKU-NS_SA-int-EKU-OS_TS.der
1,ee-EKU-OS-int-EKU-CA_EP.der
1,v1_bc_ee-v1_int_bc-v2_ca.der
1,v2_int_bc-v1_ca.der
1,v2_int-v1_ca.der
1,ocspr_re.der
1,ee-EKU-EP_NS-int-EKU-EP_OS.der
1,ee-EKU-SA_TS-int-EKU-CA_OS.der
1,ee-EKU-NS_SA-int-EKU-CA.der
1,Deutsche_Telekom_Root_CA_2.der
1,ee-EKU-SA_TS-int-EKU-EP_SA.der
1,ocsp_ok3.der
1,ee-EKU-NS_SA-int-EKU-CA_TS.der
1,ee-EKU-EP_TS-int-EKU-CA_TS.der
1,int-EKU-NONE.der
1,ee-EKU-EP_TS-int-EKU-EP_OS.der
1,int-nc-perm-foo.com_c-us-ca-nc.der
1,startcomSHA2.der
1,ee-EKU-NS_OS-int-EKU-TS.der
1,v4_bc_ee-v3_int_missing_bc-v1_ca_bc.der
1,ee-EKU-EP_NS-int-EKU-CA_NS.der
1,ee-EKU-SA-int-EKU-CA_EP.der
1,verify.der
1,idp_key.der
1,pub_key.der
1,valid-croak.der
1,rsa_private_key_1024.der
1,iaca_utms.der
1,CACERT_NINTENDO_CLASS2_CA_G3.der
1,short_form_any.der
1,tstRTCrX509-sha384-cert.der
1,ec_key5_secp384r1_pkcs8.der
1,OCSP_256_EC_REVOKED.der
1,visanet.der
1,letsencrypt-stg-root-x1.der
1,lets-encrypt-r3-cross-signed.der
1,isrg-root-x2.der
1,trusted_CA.der
1,ctt_ca1U_usrU.der
1,ctt_ca1I_ca2T_appUR.der
1,ctt_ca1I_appUR.der
1,self-signed-repeated-subject-fields.der
1,rc5_algo.der
1,aesccm_algo.der
1,test_key_0_rsa_3072_exp_f4.pub.der
1,rsa_public.der
1,id-000034.der
1,CERTIFICADO-RAIZ-SHA1.der
1,rsa-4096.pkcs1.der
1,rsa10.der
1,profile-client.key.der
1,scep_resp2.der
1,cert18.der
1,v2_bc_ee-v3_int_missing_bc-v2_ca_bc.der
1,v3_bc_ee-v2_int_bc-v1_ca.der
1,ee-EKU-SA-int-EKU-EP_SA.der
1,ee-EKU-NS_TS-int-EKU-CA.der
1,dsa-valid.der
1,ee-EKU-SA_TS-int-EKU-SA_TS.der
1,ee-EKU-CA-int-EKU-OS.der
1,ee-EKU-OS-int-EKU-TS.der
1,startcom-sfsca.der
1,IdenTrust_Root_X3.der
1,ee-6-ca-3.der
1,ee-EKU-EP-int-EKU-CA_OS.der
1,ee-EKU-OS-int-EKU-NS.der
1,ee-EKU-NONE-int-EKU-EP_OS.der
1,ocsp_ok1.der
1,ee-EKU-CA-int-EKU-EP.der
1,ee-EKU-EP_OS-int-EKU-NS_OS.der
1,ee-EKU-NS-int-EKU-NS_TS.der
1,ee-EKU-NS-int-EKU-EP_SA.der
1,v2_bc_ee-v3_int-v1_ca_bc.der
1,ee-6-ca-4.der
1,ee-EKU-NS_TS-int-EKU-NONE.der
1,ee-EKU-EP-int-EKU-NS.der
1,ee-EKU-CA_SA-int-EKU-EP_TS.der
1,ee-EKU-NS-int-EKU-CA_EP.der
1,ee-EKU-CA_OS-int-EKU-SA_TS.der
1,ee-EKU-OS_SA-int-EKU-EP.der
1,v4_bc_ee-v2_int_bc-v1_ca.der
1,v3_missing_bc_ee-v1_int_bc-v1_ca_bc.der
1,ee-EKU-SA_TS-int-EKU-TS.der
1,ee-EKU-NONE-int-EKU-EP_SA.der
1,ee-EKU-CA_NS-int-EKU-NS_SA.der
1,ee-EKU-EP_NS-int-EKU-NS_SA.der
1,int-rsa-tampered.der
1,v2_bc_ee-v2_int_bc-v3_ca_missing_bc.der
1,cmp_ca6.der
1,v1_ee-v3_int-v1_ca_bc.der
1,cmp_ca9.der
1,v3_bc_ee-v2_int-v2_ca.der
1,v1_ee-v2_int-v1_ca.der
1,ee-EKU-EP_NS-int-EKU-NS.der
1,v1_bc_ee-v3_int-v1_ca_bc.der
1,ee-EKU-OS_TS-int-EKU-CA_TS.der
1,v1_ee-v2_int-v3_ca.der
1,ee-EKU-NS_SA-int-EKU-SA.der
1,ee-EKU-SA-int-EKU-CA.der
1,int-nc-foo.com-int-nc-c-us-ca-nc.der
1,ee-EKU-TS-int-EKU-OS_TS.der
1,ca-p384.der
1,ee-int-no-extensions.der
1,v3_bc_ee-v2_int-v3_ca.der
1,ee-EKU-EP_NS-int-EKU-NS_TS.der
1,v3_int-v3_ca.der
1,DigiCertGlobalRootG3.der
1,paycards.der
1,ec-pri-384-secp384r1.der
1,dev.verify.der
1,cacert_youniqx.der
1,pk-APKAI4TDCZZ35A5ORW3A.der
1,sifulan-signer.der
1,negative.der
1,ec_key2_cert.der
1,usercert.der
1,ec_key3_secp224r1_cert.der
1,acme_cs.missing_digital_signature.der
1,master-daily.der
1,largersacert.der
1,zigbert.test.pkcs7.der
1,letsencrypt-stg-int-r3-cross-signed.der
1,auth-public-key.der
1,ctt_ca1U_appUR.der
1,ctt_ca1TC_appU.der
1,NEXTAPI_TEST_public.der
1,cisco_ocsp_response_revoked.der
1,target.der
1,DCAF Client Test Certificate.der
1,zumobiCACert.der
1,id-000007.der
1,bench_dilithium_aes_level2_key.der
1,PA_PAdES_AD_RC_v1_1.der
1,PA_AD_RT_v2_2.der
1,pwd-cert.key.der
1,coelm2.der
1,datatheorem.com.der
1,ee-EKU-EP_TS-int-EKU-NS_OS.der
1,certreq1.der
1,ee-EKU-NONE-int-EKU-CA_OS.der
1,v2_ee-v2_int-v1_ca.der
1,v2_ee-v3_int_missing_bc-v1_ca.der
1,ee-EKU-CA_TS-int-EKU-EP_NS.der
1,v3_missing_bc_ee-v2_int-v2_ca_bc.der
1,DigiCertGlobalRootG2.der
1,int-limited-depth-invalid.der
1,v3_int_missing_bc-v3_ca_missing_bc.der
1,ee-EKU-SA-int-EKU-CA_TS.der
1,ee-EKU-SA-int-EKU-NS.der
1,ee-EKU-SA-int-EKU-TS.der
1,ee-EKU-EP-int-EKU-TS.der
1,cert32.der
1,certchn2.der
1,ee-EKU-NS_SA-int-EKU-EP_OS.der
1,v3_bc_ee-v1_int_bc-v1_ca.der
1,ocsp_ca2.der
1,ee-EKU-NS-int-EKU-SA_TS.der
1,int-EKU-OS_SA.der
1,v3_int-v2_ca_bc.der
1,ev-valid-anypolicy-int.der
1,root_chambers-2008.der
1,ee-EKU-OS_TS-int-EKU-SA_TS.der
1,ee-EKU-OS_SA-int-EKU-EP_NS.der
1,ee-EKU-CA_OS-int-EKU-TS.der
1,cmp_ca12.der
1,v3_missing_bc_ee-v2_int_bc-v1_ca_bc.der
1,ee-EKU-NONE-int-EKU-CA_NS.der
1,ee-EKU-EP_TS-int-EKU-SA_TS.der
1,ee-EKU-EP_SA-int-EKU-OS_TS.der
1,v3_bc_ee-v2_int_bc-v3_ca_missing_bc.der
1,ee-EKU-SA-int-EKU-CA_OS.der
1,bad_sig5.der
1,privkeyA_pk8.der
1,future.crt.der
1,mock.crt.der
1,invalid_key_p8.der
1,privileged-package-root.der
1,ipa.der
1,bad_bool.der
1,rsapriv.der
1,dsa3072cert.der
1,letsencrypt-stg-int-e2.der
1,isrg-root-x1-cross-signed.der
1,ctt_ca1TC_usrU.der
1,example-attr-cert.der
1,id-000012.der
1,cert_request_ecdsa256_sha256.der
1,myCA.der
1,test_private_key.der
1,PA_PAdES_AD_RA_v1_2.der
1,no-extensions.pub.der
1,cert16.der
1,AOLTimeWarner1.der
1,eccert07.der
1,v1_ee-v1_int_bc-v3_ca.der
1,ee-EKU-EP_NS-int-EKU-NS_OS.der
1,ee-EKU-CA_TS-int-EKU-CA_OS.der
1,ee-EKU-EP-int-EKU-EP_SA.der
1,ee-EKU-CA-int-EKU-OS_SA.der
1,E-Tugra.der
1,ee-EKU-OS_TS-int-EKU-CA_SA.der
1,ocsp_ok5.der
1,ee-7-ca-4.der
1,ee-EKU-NS_SA-int-EKU-NS_SA.der
1,ocsp_ca6.der
1,v2_bc_ee-v2_int_bc-v2_ca_bc.der
1,v2_bc_ee-v3_int-v3_ca_missing_bc.der
1,ee-EKU-SA-int-EKU-OS_SA.der
1,v2_bc_ee-v2_int_bc-v2_ca.der
1,ee-EKU-NS_SA-int-EKU-CA_OS.der
1,ee-EKU-CA-int-EKU-OS_TS.der
1,ee-EKU-CA_NS-int-EKU-NONE.der
1,v1_bc_ee-v2_int-v3_ca_missing_bc.der
1,ee-EKU-CA-int-EKU-EP_TS.der
1,v2_bc_ee-v1_int_bc-v1_ca.der
1,ee-EKU-EP-int-EKU-CA_EP_NS_OS_SA.der
1,p384-valid-int-tampered-ee.der
1,ECARootCA.der
1,v2_ee-v3_int_missing_bc-v3_ca.der
1,int-EKU-EP_NS.der
1,ee-EKU-NS_TS-int-EKU-NS_SA.der
1,ee-EKU-EP_TS-int-EKU-EP_SA.der
1,ee-EKU-NS_OS-int-EKU-OS_TS.der
1,ocsp_ok4.der
1,v1_bc_ee-v2_int-v1_ca_bc.der
1,ee-EKU-CA-int-EKU-NS_SA.der
1,v1_ee-v2_int-v3_ca_missing_bc.der
1,v1_bc_ee-v1_int-v1_ca_bc.der
1,openssl-secp256r1.1.pub.der
1,dev_certificate.der
1,privkeyB.der
1,k4.der
1,dh_private.der
1,cacert_class3.der
1,Chip-Test-PAA-FFF2-ValInFuture-Cert.der
1,sequence-empty-undef.der
1,01000003.der
1,long_form_tag.der
1,der_multiple.der
1,largersakey.der
1,PKCSReq.der
1,isrg_root_x1.der
1,tsp_request_dstu.der
1,ec-pub.der
1,root-3072-rsapss.der
1,pub-key.der
1,GreyfirstCA.der
1,cartes-bancaires.der
1,ee-EKU-CA_EP-int-EKU-CA_OS.der
1,ee-2-ca-4.der
1,ee-EKU-EP_OS-int-EKU-CA_TS.der
1,cert20.der
1,v4_bc_ee-v2_int_bc-v1_ca_bc.der
1,v1_ee-v1_int_bc-v2_ca.der
1,v2_ee-v2_int_bc-v3_ca.der
1,v3_missing_bc_ee-v1_int_bc-v3_ca.der
1,p384-tampered-int-valid-ee.der
1,ee-EKU-NS_OS-int-EKU-EP_NS.der
1,ee-EKU-NONE-int-EKU-TS.der
1,DODCA_25.der
1,eccert03.der
1,ee-EKU-CA_EP-int-EKU-NONE.der
1,int-EKU-EP_OS.der
1,ee-EKU-CA_OS-int-EKU-EP.der
1,v4_bc_ee-v3_int_missing_bc-v2_ca_bc.der
1,v1_ee-v2_int_bc-v2_ca_bc.der
1,cmp_ca8.der
1,ee-EKU-TS-int-EKU-NS_TS.der
1,v1_int_bc-v3_ca.der
1,ee-int-valid-ku-server-eku.der
1,ee-int-limited-depth-invalid.der
1,v4_bc_ee-v1_int-v2_ca_bc.der
1,v2_ee-v1_int-v2_ca.der
1,AmericaOnline2.der
1,v4_bc_ee-v2_int_bc-v3_ca_missing_bc.der
1,v2_bc_ee-v1_int_bc-v2_ca.der
1,v2_ee-v3_int-v3_ca_missing_bc.der
1,ee-EKU-SA-int-EKU-EP.der
1,osdsaparam.der
1,ee-3-ca-4.der
1,a.der
1,ee-EKU-CA_EP_NS_OS_SA-int-EKU-CA_EP.der
1,ee-EKU-OS_TS-int-EKU-NS.der
1,ee-EKU-CA_TS-int-EKU-OS_TS.der
1,ee-EKU-SA_TS-int-EKU-NS_OS.der
1,hmcl_signature_publickey.der
1,TmlRegTestTls2.der
1,570-ec-sect571r1-keypair.der
1,570-ec-sect571r1-request.der
1,05_integer_range-Interval.failure.0.der
1,Default OPC UA.der
1,e0-check-x509.der
1,fake.der
1,tstRTCrX509-sha1-cert.der
1,tstRTCrX509-sha512-cert.der
1,tstRTCrX509-sha256-cert.der
1,rsa_key5_512_cert.der
1,DSA_KEY_2048_256.der
1,macha.der
1,dsa2048key.der
1,pteid-cert-government2004.der
1,ctt_ca1T_appUR.der
1,ios_cer.der
1,id-000025.der
1,ocsp.der
1,server-rsapss-priv.der
1,client-rsapss-priv.der
1,sandbox-godaddy-intermediate.ca.der
1,pwd.key.der
1,dsa-cert.key.der
1,ee-EKU-CA_TS-int-EKU-EP_TS.der
1,ee-8-ca-2.der
1,eccert05.der
1,ee-EKU-SA_TS-int-EKU-NONE.der
1,ee-EKU-CA_SA-int-EKU-NS.der
1,pkint8k.der
1,v3_bc_ee-v1_int-v1_ca.der
1,v1_bc_ee-v3_int-v2_ca.der
1,ee-EKU-CA_EP_NS_OS_SA-int-EKU-NS_SA.der
1,ee-EKU-OS-int-EKU-CA_EP_NS_OS_SA_TS.der
1,v4_bc_ee-v3_int_missing_bc-v2_ca.der
1,ee-EKU-CA_EP_NS_OS_SA-int-EKU-SA.der
1,ee-EKU-EP-int-EKU-CA_NS.der
1,ee-EKU-CA_OS-int-EKU-OS_TS.der
1,ee-EKU-CA_EP_NS_OS_SA_TS-int-EKU-EP.der
1,cert27.der
1,ee-EKU-CA-int-EKU-SA_TS.der
1,v1_int_bc-v3_ca_missing_bc.der
1,ee-EKU-NS_TS-int-EKU-NS.der
1,ee-EKU-CA_EP-int-EKU-NS.der
1,v2_ee-v2_int-v2_ca.der
1,ee-EKU-CA_TS-int-EKU-CA_NS.der
1,ac-racine.der
1,broken_ee.der
1,ee-EKU-CA_SA-int-EKU-CA_NS.der
1,ee-EKU-EP_TS-int-EKU-CA_NS.der
1,v3_bc_ee-v3_int-v3_ca.der
1,ee-EKU-NONE-int-EKU-NS_SA.der
1,v1_ee-v1_int_bc-v1_ca.der
1,ec-pub-224-secp224r1.der
1,sp_key.der
1,sequences-all-the-way-down.der
1,dsa2048cert.der
1,ctt_ca1I_appU.der
1,rsa_2048_cert.der
1,client-rsapss-key.der
1,bench_dilithium_aes_level3_key.der
1,ed25519-2.pk8.der
1,irc.ozinger.org.der
1,error.der
1,ecc.key.der
1,ee-EKU-EP_SA-int-EKU-TS.der
1,ee-3-ca-2.der
1,v4_bc_ee-v1_int-v1_ca_bc.der
1,eepkint1.key.der
1,v3_bc_ee-v2_int_bc-v2_ca.der
1,int-EKU-TS.der
1,ee-EKU-NS_TS-int-EKU-CA_NS.der
1,eccert10.der
1,ee-EKU-EP_SA-int-EKU-OS.der
1,v3_missing_bc_ee-v3_int-v2_ca.der
1,int-nc-excl-foo.com-ca-nc.der
1,ee-EKU-TS-int-EKU-CA.der
1,ee-EKU-OS_SA-int-EKU-TS.der
1,ee-EKU-NS_SA-int-EKU-CA_SA.der
1,ee-EKU-OS_SA-int-EKU-CA_OS.der
1,ee-EKU-OS_SA-int-EKU-CA_NS.der
1,ee-EKU-OS_SA-int-EKU-NS_TS.der
1,ee-EKU-NS-int-EKU-OS.der
1,ee-EKU-CA_EP-int-EKU-CA.der
1,v2_int-v3_ca.der
1,int-EKU-EP_SA.der
1,non-evroot-ca.der
1,int-dsa-valid.der
1,ee-EKU-NS_TS-int-EKU-OS.der
1,ee-EKU-SA-int-EKU-CA_SA.der
1,no-host-url.der
1,ee-int-bad-ku-server-eku.der
1,v2_ee-v1_int-v1_ca_bc.der
1,ee-EKU-CA_EP_NS_OS_SA-int-EKU-OS_SA.der
1,ee-int-limited-depth.der
1,ee-EKU-OS-int-EKU-SA_TS.der
1,ee-EKU-OS_TS-int-EKU-SA.der
1,ee-EKU-NS-int-EKU-CA_TS.der
1,ee-EKU-OS_TS-int-EKU-EP_NS.der
1,v2_ee-v2_int-v3_ca.der
1,bad_sig8.der
1,v1_ee-v1_int-v1_ca_bc.der
1,ee-EKU-CA_TS-int-EKU-NS_OS.der
1,v3_int_missing_bc-v1_ca.der
1,ee-EKU-TS-int-EKU-SA.der
1,ee-EKU-EP_SA-int-EKU-CA_TS.der
1,ee-EKU-TS-int-EKU-EP_OS.der
1,v3_missing_bc_ee-v1_int-v1_ca_bc.der
1,v3_bc_ee-v1_int_bc-v3_ca.der
1,v3_missing_bc_ee-v1_int-v1_ca.der
1,ee-EKU-CA_TS-int-EKU-NONE.der
1,ex-signature.der
1,rsa_pkcs8.der
1,ec_p256_cert.der
1,private_key_rsa.der
1,zetes_reader_ca.der
1,CACERT_NINTENDO_CA_G3.der
1,serverPrivateKey.der
1,rds-ca-2019-root.der
1,server-oscp-req.der
1,server-key-pkcs8.der
1,3.der
1,id-000035.der
1,id-000003.der
1,agent2.der
1,rsa_private_key_2048.der
1,bench_dilithium_level2_key.der
1,test2_public_key.der
1,rsa-2048.pkcs1.der
1,acm.asd.only.der
1,attestation.der
1,rsa_key_2.der
1,scep_req2.der
1,certificate-3072-example.der
1,ee-EKU-NONE-int-EKU-EP_NS.der
1,ee-EKU-CA_TS-int-EKU-EP_SA.der
1,ee-EKU-CA_EP_NS_OS_SA_TS-int-EKU-NS.der
1,ee-EKU-EP_TS-int-EKU-NS.der
1,v4_bc_ee-v3_int-v2_ca.der
1,v1_ca.der
1,ee-EKU-NS-int-EKU-TS.der
1,ee-EKU-CA_SA-int-EKU-CA_TS.der
1,ee-1-ca-2.der
1,ee-EKU-NONE-int-EKU-OS_SA.der
1,ICA-20090901.der
1,cert12.der
1,ee-EKU-CA_SA-int-EKU-EP_OS.der
1,evroot.der
1,v3_bc_ee-v1_int_bc-v2_ca.der
1,ee-EKU-NS-int-EKU-CA_EP_NS_OS_SA.der
1,negative-port.der
1,ee-EKU-SA-int-EKU-NS_OS.der
1,ee-EKU-TS-int-EKU-CA_OS.der
1,ee-EKU-EP_OS-int-EKU-OS_SA.der
1,ee-EKU-OS-int-EKU-CA.der
1,ee-EKU-SA_TS-int-EKU-OS.der
1,Chunghwa-ROOTeCA.der
1,ee-EKU-NS-int-EKU-OS_TS.der
1,v1_bc_ee-v3_int_missing_bc-v2_ca.der
1,v1_bc_ee-v2_int-v3_ca.der
1,v1_bc_ee-v1_int_bc-v3_ca_missing_bc.der
1,v1_bc_ee-v2_int_bc-v1_ca.der
1,certreq4.der
1,v3_bc_ee-v3_int_missing_bc-v1_ca.der
1,ec-pri-224-secp224r1.der
1,rsa_pkcs1.der
1,redhat-ecc.der
1,localhost-key.der
1,one_twenty_eight.der
1,badb.der
1,ecdsa-secp256k1-key.der
1,ecdsa-secp256k1-cert.der
1,lets-encrypt-r4.der
1,isrgrootx1.der
1,letsencrypt-stg-int-r4-cross-signed.der
1,auth-private-key.der
1,ECRaizEstado_novo_assinado_GTE.der
1,GTEGlobalRoot.der
1,ctt_ca1U.der
1,client_cert.der
1,server_cert.der
1,id-000020.der
1,id-000031.der
1,verisign_root.der
1,CERTIFICADO-SHA384-AC-IDYSEG-1-2013.der
1,rsa_public_key_2048.der
1,server-rsapss-key.der
1,rsa-2048.der
1,test_identity.der
1,rsa7.der
1,g5.der
1,visa.der
1,ee-EKU-OS_TS-int-EKU-CA_OS.der
1,ee-EKU-NONE-int-EKU-OS_TS.der
1,ee-EKU-TS-int-EKU-EP_SA.der
1,ee-EKU-EP_TS-int-EKU-CA_EP.der
1,hTTp-url.der
1,ee-EKU-EP_TS-int-EKU-EP_TS.der
1,ee-EKU-EP_NS-int-EKU-NONE.der
1,swisssign.der
1,ee-int-valid-ku-no-eku.der
1,ee-EKU-CA_TS-int-EKU-OS.der
1,DigiCertAssuredIDRootG3.der
1,GoDaddyRootCertificateAuthorityG2.der
1,APCAroot.der
1,ee-EKU-OS_TS-int-EKU-NS_OS.der
1,DoDRootCA2.der
1,ee-EKU-EP_OS-int-EKU-NS_TS.der
1,p384-valid.der
1,ee-EKU-CA_EP-int-EKU-TS.der
1,ocsp_ok6.der
1,ee-EKU-NS_OS-int-EKU-CA_OS.der
1,int-c-us-int-nc-perm-c-uk-ca-nc.der
1,ee-EKU-CA-int-EKU-TS.der
1,SwissSign-Platinum_G2.der
1,v2_ee-v2_int_bc-v1_ca_bc.der
1,cert02.der
1,v1_int-v1_ca.der
1,privkeyA.der
1,rsa_x509_no_params.der
1,rsa-openssl.der
1,rsa_2048_public.der
1,login.pub.der
1,rogue-ca.der
1,Staat der Nederlanden EV Root CA.der
1,y.der
1,policy1Short.der
1,rsa_key8_2048_pkcs8.der
1,ec_key5_secp384r1_cert.der
1,genrsa_512.der
1,ctt_ca1IC_appU.der
1,sec_certificates.der
1,entrust-root.der
1,localhost.cert.der
1,params2.der
1,ctrl.der
1,root-ca2.der
1,child-cert.pub.der
1,SignedPrivateDkimKeyDer.der
1,v3_missing_bc_ee-v3_int-v1_ca_bc.der
1,ee-EKU-CA_SA-int-EKU-OS.der
1,v1_bc_ee-v1_int_bc-v2_ca_bc.der
1,cn-www.foo.org-int-nc-c-us-ca-nc.der
1,ee-EKU-CA_EP_NS_OS_SA-int-EKU-NONE.der
1,v3_bc_ee-v3_int-v2_ca_bc.der
1,ee-EKU-OS-int-EKU-EP_NS.der
1,v1_bc_ee-v2_int_bc-v3_ca.der
1,cert13.der
1,v3_int-v3_ca_missing_bc.der
1,AmericaOnline1.der
1,ee-EKU-CA_SA-int-EKU-EP_SA.der
1,ee-EKU-OS_SA-int-EKU-SA_TS.der
1,ee-EKU-TS-int-EKU-TS.der
1,rsakey_pub.der
1,AOLTimeWarner2.der
1,v2_bc_ee-v2_int-v2_ca.der
1,ee-EKU-NS_SA-int-EKU-NONE.der
1,ee-EKU-OS-int-EKU-EP_OS.der
1,int-non-ev-root.der
1,v1_bc_ee-v2_int_bc-v2_ca_bc.der
1,ca-rsa.der
1,v3_int-v2_ca.der
1,v4_bc_ee-v2_int-v1_ca.der
1,ee-EKU-OS_SA-int-EKU-CA_SA.der
1,bad_sig11.der
1,v1_ee-v3_int_missing_bc-v1_ca.der
1,ee-EKU-CA-int-EKU-CA_EP_NS_OS_SA_TS.der
1,ev-valid.der
1,cmp_ca4.der
1,v2_ee-v3_int-v3_ca.der
1,ee-EKU-NS_TS-int-EKU-CA_SA.der
1,ee-1-ca-1.der
1,issued_by_letsencrypt_not.der
1,216.der
1,manufacturer.key.der
1,bits_partial_bad.der
1,policyQES2.der
1,client.pkcs8.key.der
1,ec_key6_secp521r1_cert.der
1,rsa_key1_pkcs8.der
1,cert-invalid.der
1,lets-encrypt-e1.der
1,CartaodeCidadao002.der
1,p12.der
1,handleClientPrivKey.der
1,client_intermediate_cert.der
1,canonical-signing-public.der
1,ec.europa.eu.2013-2015.der
1,id-000011.der
1,id-000028.der
1,serverpriv.der
1,CERTIFICADO-RAIZ-SHA384.der
1,FotaSign_PubKey.der
1,alt-extensions.key.der
1,cert24.der
1,ee-EKU-OS-int-EKU-CA_TS.der
1,ee-EKU-SA_TS-int-EKU-CA_SA.der
1,no-path-url.der
1,v3_bc_ee-v3_int_missing_bc-v2_ca.der
1,ee-EKU-NS_OS-int-EKU-SA.der
1,v2_bc_ee-v2_int-v1_ca_bc.der
1,twca-root-1.der
1,ee-EKU-CA-int-EKU-NS.der
1,AffirmTrust-Premium.der
1,v4_bc_ee-v1_int-v1_ca.der
1,ee-EKU-CA_EP-int-EKU-OS_TS.der
1,v1_bc_ee-v3_int_missing_bc-v1_ca.der
1,ee-EKU-EP_SA-int-EKU-NS_SA.der
1,ee-3-ca-1.der
1,v1_bc_ee-v2_int_bc-v3_ca_missing_bc.der
1,ee-EKU-EP_OS-int-EKU-CA_EP_NS_OS_SA.der
1,ee-EKU-OS-int-EKU-NONE.der
1,v2_bc_ee-v2_int-v1_ca.der
1,ee-EKU-NONE-int-EKU-NONE.der
1,ee-EKU-OS_SA-int-EKU-OS_TS.der
1,ee-EKU-NS_OS-int-EKU-CA.der
1,ee-EKU-NONE-int-EKU-SA_TS.der
1,GlobalSign-Root-R3.der
1,ComSign-Global.der
1,v1_bc_ee-v1_int_bc-v1_ca_bc.der
1,ee-EKU-CA_EP_NS_OS_SA-int-EKU-CA_OS.der
1,cmp_ca9r.der
1,int-EKU-CA_OS.der
1,cert06.der
1,v1_int-v3_ca.der
1,ee-EKU-CA_EP-int-EKU-EP.der
1,v1_int-v3_ca_missing_bc.der
1,WellsSecurePRCA.der
1,openssl-secp256r1.1.der
1,letsencryptca.der
1,swiftyrsa-public.der
1,p256v1_named_param.der
1,ec_p256_public.der
1,Chip-Test-PAA-FFF2-ValInPast-Cert.der
1,forty_two.der
1,tstRTCrX509-cert1.der
1,rsa_key6_768_pkcs8.der
1,nemain.der
1,real-crl.der
1,pubkey1.der
1,sample_certificate3.der
1,ctt_ca1T_ca2U_appU.der
1,ctt_ca1T_ca2U.der
1,id-000029.der
1,KeyServer_PubKey.der
1,server-3072-rsapss-key.der
1,test-app-config_public-key.der
1,ed25519-4.pk8.der
1,attestation_key.der
1,code-signing-fedict.der
1,dsa.pub.der
1,root.key.der
1,ecc.pub.der
1,DigiCertHighAssuranceEVRootCA.der
1,COMODORSACertificationAuthority.der
1,ee-EKU-EP_NS-int-EKU-EP.der
1,ee-EKU-NS_SA-int-EKU-EP_NS.der
1,rtcs_ee1o.der
1,v3_missing_bc_ee-v1_int-v2_ca.der
1,ee-EKU-CA-int-EKU-NS_TS.der
1,v1_bc_ee-v1_int-v3_ca_missing_bc.der
1,ee-EKU-CA_EP_NS_OS_SA-int-EKU-EP_NS.der
1,scep_ca6.der
1,ee-EKU-CA_TS-int-EKU-CA_EP.der
1,v3_bc_ee-v1_int-v2_ca.der
1,ee-EKU-NS_OS-int-EKU-NS_SA.der
1,ee-EKU-NS_TS-int-EKU-EP_OS.der
1,ee-EKU-CA_NS-int-EKU-CA_EP.der
1,ee-EKU-EP_NS-int-EKU-OS_SA.der
1,v3_int_missing_bc-v2_ca.der
1,ee-EKU-OS_TS-int-EKU-EP_SA.der
1,ssSubjCert.der
1,ee-EKU-EP_NS-int-EKU-CA.der
1,v1_ee-v1_int-v1_ca.der
1,cert25.der
1,eccert02.der
1,ocsp_ca4.der
1,v1_ee-v3_int-v3_ca_missing_bc.der
1,DigiCertTrustedRootG4.der
1,cmp_ca3.der
1,v3_bc_ee-v1_int-v1_ca_bc.der
1,v4_bc_ee-v1_int-v3_ca.der
1,v3_missing_bc_ee-v3_int-v1_ca.der
1,int-EKU-CA_SA.der
1,int-not-a-ca.der
1,v2_bc_ee-v2_int_bc-v3_ca.der
1,v4_bc_ee-v2_int_bc-v3_ca.der
1,ec-pub-256-prime256v1.der
1,dh_public.der
1,rsa_pkcs1_pub.der
1,dsa_pkcs8.der
1,CRL.der
1,private_key_pkcs8_p4ssw0rd.der
1,double_zero.der
1,m_public_key.der
1,CertificateBuilderTest.example.der
1,gost2001ca.der
1,lets-encrypt-r4-cross-signed.der
1,issuerclient.der
1,CertRep_NoCertificatesForSigners.der
1,ocsp-basic-response.der
1,id-000001.der
1,ocsp_stapled_resp.der
1,root-3072-rsapss-priv.der
1,leaf-1277256594.der
1,child.key.der
1,ul-test.der
1,v2_ee-v1_int_bc-v1_ca_bc.der
1,ee-5-ca-4.der
1,ee-EKU-CA_SA-int-EKU-CA.der
1,v3_bc_ee-v3_int-v2_ca.der
1,ee-EKU-CA_TS-int-EKU-CA_SA.der
1,int-valid-ku-server-eku.der
1,ee-EKU-OS_SA-int-EKU-CA_EP.der
1,ee-EKU-OS-int-EKU-OS.der
1,ee-EKU-NS_OS-int-EKU-EP_SA.der
1,ee-EKU-NS_TS-int-EKU-CA_EP.der
1,v1_bc_ee-v1_int-v3_ca.der
1,cert30.der
1,ee-EKU-OS-int-EKU-NS_OS.der
1,int-EKU-CA_EP.der
1,ee-8-ca-1.der
1,ee-EKU-EP-int-EKU-OS_TS.der
1,dsa-tampered-int-valid-ee.der
1,ee-EKU-EP_TS-int-EKU-CA_SA.der
1,v3_missing_bc_ee-v1_int_bc-v2_ca.der
1,v2_ee-v1_int-v2_ca_bc.der
1,ee-EKU-NS-int-EKU-CA.der
1,int-EKU-SA.der
1,HaricaRootCA2011.der
1,ee-EKU-EP-int-EKU-OS.der
1,empty-scheme-url.der
1,ee-EKU-TS-int-EKU-OS_SA.der
1,ee-EKU-EP_OS-int-EKU-CA_SA.der
1,ee-EKU-OS-int-EKU-OS_TS.der
1,ocsp_re7.der
1,ee-EKU-EP_SA-int-EKU-EP_SA.der
1,smtp.szamoskolyok.hu.der
1,negative_rsa.der
1,dsa_private_key.der
1,explore.der
1,testx509.der
1,OCSPSignerCertificate.der
1,private_key_pkcs8.der
1,revoked_response.der
1,rsa_key4_4096_pkcs8.der
1,der_single.der
1,isrg-root-ocsp-x1.der
1,mica.der
1,ctt_ca1T_ca2U_appUR.der
1,ctt_ca1TC_ca2I_appUR.der
1,ctt_ca1IC_usrU.der
1,server_leaf_cert.der
1,OPW-CA.der
1,root-3072-rsapss-key.der
1,ca-rsapss.der
1,entrust-intermediate.der
1,chained_key.der
1,rsa-2048.spki.der
1,PA_AD_RV_v2_3.der
1,PA_AD_RB_v2_2.der
1,root-cert.pub.der
1,profile-enduser.key.der
1,class3_X0E.der
1,cert26.der
1,v2_ca.der
1,ee-EKU-NONE-int-EKU-NS_TS.der
1,ee-EKU-CA_EP-int-EKU-NS_SA.der
1,ee-EKU-CA_NS-int-EKU-NS_TS.der
1,ee-EKU-OS_TS-int-EKU-CA.der
1,ee-EKU-NS_OS-int-EKU-CA_EP.der
1,ee-EKU-CA_EP_NS_OS_SA_TS-int-EKU-TS.der
1,ca-nc-perm-foo.com.der
1,ee-EKU-EP_OS-int-EKU-CA.der
1,ee-EKU-CA-int-EKU-CA_SA.der
1,ee-EKU-CA-int-EKU-SA.der
1,v3_int-v1_ca.der
1,int-bad-ku-no-eku.der
1,ComSign-Secured.der
1,popFinnVrkrootc.der
1,ee-EKU-EP_TS-int-EKU-EP.der
1,ee-EKU-EP_SA-int-EKU-CA_EP_NS_OS_SA.der
1,ee-EKU-EP_TS-int-EKU-NS_TS.der
1,ee-EKU-OS_SA-int-EKU-CA_TS.der
1,Trustwave-STCA.der
1,v2_ee-v3_int-v1_ca.der
1,ee-EKU-OS-int-EKU-CA_EP_NS_OS_SA.der
1,v3_bc_ee-v1_int-v3_ca_missing_bc.der
1,ee-EKU-EP_TS-int-EKU-OS.der
1,ee-EKU-CA_SA-int-EKU-SA.der
1,ee-EKU-SA_TS-int-EKU-NS_TS.der
1,ee-EKU-NS_TS-int-EKU-EP_TS.der
1,ee-EKU-CA_TS-int-EKU-TS.der
1,ee-EKU-NS_TS-int-EKU-EP_NS.der
1,ee-EKU-EP_OS-int-EKU-CA_OS.der
1,v4_bc_ee-v3_int-v1_ca.der
1,dsaParam512_1.der
1,v2_bc_ee-v3_int-v3_ca.der
1,cert03.der
1,ee-EKU-TS-int-EKU-NONE.der
1,v1_ee-v1_int_bc-v3_ca_missing_bc.der
1,v2_ee-v2_int-v2_ca_bc.der
1,openssl-secp256r1.pub.der
1,cert_no_ev.der
1,2048b-rsa-example-request.der
1,private_key2.der
1,ec_p256_point_asn1_octet_string.der
1,turtle.libre.fm.der
1,trusted-app-public.der
1,rsa_key5_512_pkcs8.der
1,lugh-cert.der
1,ctt_ca1I_usrUR.der
1,rc2_algo.der
1,signed-string.der
1,bench_dilithium_level3_key.der
1,rsa-4096.spki.der
1,PA_PAdES_AD_RC_v1_2.der
1,all-extensions.pub.der
1,alt-extensions.pub.der
1,ecc-cert.key.der
1,ec_test.der
1,test-ec-key-only-decrypted.der
1,ee-EKU-CA_NS-int-EKU-CA_TS.der
1,v4_bc_ee-v1_int_bc-v1_ca.der
1,ee-2-ca-2.der
1,ee-EKU-OS-int-EKU-CA_OS.der
1,v2_ee-v2_int_bc-v2_ca.der
1,ee-EKU-CA-int-EKU-CA_EP_NS_OS_SA.der
1,ee-EKU-NONE-int-EKU-CA_EP_NS_OS_SA.der
1,ee-EKU-OS_TS-int-EKU-EP.der
1,ee-EKU-CA_TS-int-EKU-SA_TS.der
1,v3_bc_ee-v2_int-v3_ca_missing_bc.der
1,EntrustRoot-EC1.der
1,int-EKU-OS.der
1,v1_int_bc-v1_ca.der
1,ee-EKU-NONE-int-EKU-EP_TS.der
1,ee-EKU-EP_OS-int-EKU-EP_SA.der
1,v1_ee-v2_int_bc-v3_ca.der
1,v3_int_missing_bc-v2_ca_bc.der
1,int-nc-foo.com-int-nc-foo.com_a.us.der
1,ee-EKU-NS-int-EKU-EP.der
1,cert01.der
1,ee-EKU-CA_NS-int-EKU-CA_NS.der
1,ee-EKU-SA_TS-int-EKU-EP_TS.der
1,ee-EKU-CA-int-EKU-CA_EP.der
1,ee-EKU-TS-int-EKU-NS.der
1,v1_bc_ee-v1_int-v2_ca.der
1,ee-EKU-NONE-int-EKU-NS_OS.der
1,ee-EKU-TS-int-EKU-CA_TS.der
1,ee-6-ca-1.der
1,v3_ca.der
1,ee-EKU-SA_TS-int-EKU-EP_NS.der
1,JapanMinistryIAC-ApplicationCA2.der
1,v4_bc_ee-v3_int-v3_ca_missing_bc.der
1,v2_bc_ee-v1_int_bc-v2_ca_bc.der
1,certreq7.der
1,nopkey.der
1,p256v1_x509.der
1,priv_key.der
1,private-key.der
1,x690sample.der
1,good_response.der
1,mormessages-server.der
1,rsa_key3_1024_pkcs8.der
1,CertificateBuilderTest.cert.der
1,merlin.der
1,CertRep.der
1,id-000002.der
1,agent2-cert.der
1,securetrust.ca.der
1,rsa9.der
1,profile-ocsp.pub.der
1,all-extensions.key.der
1,VSCCert.der
1,ee-int-no-ku-server-eku.der
1,ee-EKU-NS_TS-int-EKU-CA_TS.der
1,ee-EKU-CA_NS-int-EKU-EP.der
1,ee-EKU-EP_SA-int-EKU-EP.der
1,ee-EKU-NS-int-EKU-CA_SA.der
1,ee-EKU-CA_EP_NS_OS_SA-int-EKU-EP_SA.der
1,certreq5.der
1,ee-EKU-OS_TS-int-EKU-NS_TS.der
1,ee-EKU-NS_TS-int-EKU-CA_OS.der
1,ee-EKU-EP-int-EKU-SA.der
1,ee-EKU-CA-int-EKU-CA.der
1,ee-EKU-NS_OS-int-EKU-OS.der
1,ee-5-ca-3.der
1,ee-EKU-EP_OS-int-EKU-TS.der
1,crl_cert1.der
1,ee-EKU-CA_EP-int-EKU-OS.der
1,ee-EKU-CA_OS-int-EKU-CA_SA.der
1,v3_int_missing_bc-v1_ca_bc.der
1,v1_ee-v3_int-v1_ca.der
1,ee-EKU-EP_TS-int-EKU-NS_SA.der
1,v1_ee-v3_int_missing_bc-v2_ca_bc.der
1,ee-EKU-CA_SA-int-EKU-CA_EP.der
1,uee8k.der
1,v2_bc_ee-v2_int-v3_ca_missing_bc.der
1,ee-EKU-CA-int-EKU-EP_OS.der
1,ee-EKU-CA_OS-int-EKU-CA_EP_NS_OS_SA.der
1,dhParams_1024.der
1,ee-EKU-CA_SA-int-EKU-TS.der
1,ee-4-ca-2.der
1,ee-EKU-NS_TS-int-EKU-EP.der
1,ee-EKU-CA_NS-int-EKU-OS.der
1,ee-EKU-OS-int-EKU-EP_TS.der
1,ee-EKU-OS_SA-int-EKU-CA.der
1,ee-EKU-CA_EP_NS_OS_SA-int-EKU-NS.der
1,int-EKU-EP.der
1,ee-EKU-EP-int-EKU-EP.der
1,ee-EKU-NS_SA-int-EKU-EP_SA.der
1,v1_ee-v2_int_bc-v1_ca.der
1,certreq2.der
1,v1_ee-v1_int-v3_ca.der
1,ee-EKU-EP-int-EKU-EP_NS.der
1,v2_int-v2_ca_bc.der
1,swiftyrsa-private.der
1,issued_by_letsencrypt.der
1,dsa_x509.der
1,banklink_private_key.der
1,TmlRegTestTls.der
1,2048b-dsa-example-cert.der
1,public_key2.der
1,altNameEdiCert39.der
1,SuperAdmin.der
1,abc.der
1,test-issuer.der
1,OCSP_256_EC_GOOD.der
1,cert-with-crl.der
1,sample_certificate1.der
1,ctt_ca1TC_usrUR.der
1,ctt_ca1TC_ca2I_appU.der
1,test_key_0_rsa_3072_exp_f4.der
1,teletex_dn.der
1,mozilla.org.der
1,id-000032.der
1,client1.der
1,ca-3072-rsapss-priv.der
1,root-rsapss-priv.der
1,PA_PAdES_AD_RA_v1_1.der
1,PA_PAdES_AD_RT_v1_0.der
1,no-extensions.key.der
1,profile-enduser.pub.der
1,ExampleSignPrivateDkimKey.der
1,v2_ee-v3_int_missing_bc-v2_ca.der
1,v3_bc_ee-v1_int_bc-v1_ca_bc.der
1,int-nc-c-us-ca-nc.der
1,Certinomis-May2013.der
1,int-EKU-OS_TS.der
1,v1_ee-v1_int-v3_ca_missing_bc.der
1,ee-EKU-CA_TS-int-EKU-EP.der
1,bad_sig1.der
1,v2_ee-v2_int_bc-v2_ca_bc.der
1,ee-EKU-NONE-int-EKU-EP.der
1,Netlock1.der
1,DODCA_26.der
1,ee-EKU-CA_SA-int-EKU-NS_OS.der
1,ee-EKU-CA_OS-int-EKU-CA_EP.der
1,v3_missing_bc_ee-v1_int_bc-v2_ca_bc.der
1,ee-EKU-EP_OS-int-EKU-NONE.der
1,ee-EKU-EP_SA-int-EKU-NONE.der
1,ee-EKU-CA_OS-int-EKU-CA_TS.der
1,ee-EKU-CA_OS-int-EKU-EP_TS.der
1,ee-EKU-OS_SA-int-EKU-SA.der
1,ee-EKU-CA_EP_NS_OS_SA_TS-int-EKU-OS.der
1,ee-EKU-EP_OS-int-EKU-EP_OS.der
1,Taiwan-GRCA2.der
1,ee-EKU-NS-int-EKU-NS_OS.der
1,ee-EKU-OS_SA-int-EKU-NONE.der
1,crl_cert2.der
1,int-rsa-valid.der
1,v2_bc_ee-v1_int-v2_ca_bc.der
1,ee-EKU-EP_NS-int-EKU-SA.der
1,certchn4.der
1,dsaParam512_2.der
1,ee-EKU-EP_OS-int-EKU-OS.der
1,v1_bc_ee-v2_int-v2_ca.der
1,ee-EKU-NS_TS-int-EKU-OS_SA.der
1,05_integer_range-Interval.1.der
1,Server Cert.der
1,valid_key_p8.der
1,localhost-cert.der
1,bits_overflow.der
1,true.der
1,expiredkey.der
1,dsa3072key.der
1,ctt_ca1IC_appUR.der
1,ec.europa.eu.der
1,id-000000.der
1,client3.der
1,admin.pub.der
1,bench_dilithium_aes_level5_key.der
1,ca-3072-rsapss.der
1,ca-3072-rsapss-key.der
1,PA_PAdES_AD_RB_v1_1.der
1,PA_AD_RA_v2_4.der
1,dsa.key.der
1,mastercard.der
1,qica.der
1,ee-int-bad-ku-no-eku.der
1,ee-EKU-CA_EP-int-EKU-OS_SA.der
1,ee-EKU-CA-int-EKU-EP_SA.der
1,bad_sig3.der
1,ee-EKU-NONE-int-EKU-SA.der
1,b.der
1,cert10.der
1,v2_int-v3_ca_missing_bc.der
1,ee-EKU-EP_SA-int-EKU-NS_TS.der
1,ee-EKU-NS_OS-int-EKU-CA_EP_NS_OS_SA.der
1,v3_missing_bc_ee-v3_int-v3_ca.der
1,ee-EKU-EP_NS-int-EKU-CA_OS.der
1,v3_bc_ee-v1_int_bc-v2_ca_bc.der
1,kisa-root-rsa-3280.der
1,ee-EKU-NS_OS-int-EKU-EP_TS.der
1,v1_ee-v1_int_bc-v2_ca_bc.der
1,ee-EKU-NS_SA-int-EKU-OS_SA.der
1,ee-EKU-EP_TS-int-EKU-EP_NS.der
1,ee-EKU-CA_NS-int-EKU-SA.der
1,ee-EKU-SA_TS-int-EKU-SA.der
1,ee-EKU-NS-int-EKU-NS_SA.der
1,ee-8-ca-3.der
1,v1_int-v1_ca_bc.der
1,ca-4.der
1,ee-EKU-NS_TS-int-EKU-SA_TS.der
1,ee-EKU-EP_NS-int-EKU-OS.der
1,v1_ee-v2_int-v1_ca_bc.der
1,ee-EKU-CA_EP-int-EKU-CA_NS.der
1,int-valid-ku-no-eku.der
1,SwissSign-Gold_G2.der
1,ee-EKU-OS_SA-int-EKU-NS_OS.der
1,ee-EKU-CA-int-EKU-NONE.der
1,RSA_Root_CA.der
1,v2_bc_ee-v3_int_missing_bc-v3_ca.der
1,cert21.der
1,ee-EKU-EP_NS-int-EKU-CA_SA.der
1,KIR-SZAFIR-Trusted.der
1,rsa_x509.der
1,p.der
1,coinbase-callback.pub.der
1,bits_partial.der
1,indefinite_any.der
1,zero.der
1,rsa_key7_3072_cert.der
1,lugh.der
1,sigclient.der
1,ctt_ca1TC_appUR.der
1,ctt_appU.der
1,id-000008.der
1,id-000033.der
1,client-3072-rsapss.der
1,rsa-4096.der
1,rsa-4096.pk8.der
1,www_braintreegateway_com.ca.der
1,fedict-2010-2011.der
1,cscanner.c.der
1,v1_ca_bc.der
1,ee-EKU-EP_TS-int-EKU-TS.der
1,cert22.der
1,ca-3.der
1,v3_bc_ee-v3_int-v1_ca_bc.der
1,v4_bc_ee-v2_int-v1_ca_bc.der
1,DigiCertAssuredIDRootG2.der
1,v4_bc_ee-v1_int_bc-v1_ca_bc.der
1,ee-EKU-CA_NS-int-EKU-TS.der
1,ee-EKU-NS-int-EKU-SA.der
1,ee-EKU-TS-int-EKU-CA_SA.der
1,ee-EKU-OS-int-EKU-NS_SA.der
1,ocsp_ok7.der
1,v3_int_missing_bc-v3_ca.der
1,nochn_ee.der
1,v3_missing_bc_ee-v2_int_bc-v1_ca.der
1,AppleROOTCA.der
1,ee-EKU-EP-int-EKU-CA_EP_NS_OS_SA_TS.der
1,v3_missing_bc_ee-v2_int-v1_ca.der
1,ee-EKU-CA_EP-int-EKU-SA_TS.der
1,ee-EKU-OS_TS-int-EKU-CA_EP.der
1,ee-EKU-EP_NS-int-EKU-CA_EP_NS_OS_SA.der
1,kisa-root-wrsa.der
1,v3_missing_bc_ee-v2_int-v2_ca.der
1,cn-www.foo.com-int-nc-c-us-ca-nc.der
1,entrust2048.der
1,ee-EKU-SA-int-EKU-CA_EP_NS_OS_SA_TS.der
1,int-EKU-NS_TS.der
1,ee-EKU-OS_SA-int-EKU-EP_SA.der
1,ee-EKU-SA_TS-int-EKU-CA_EP.der
1,ee-EKU-TS-int-EKU-CA_EP_NS_OS_SA_TS.der
1,ee-EKU-CA_OS-int-EKU-EP_SA.der
1,ee-EKU-EP_SA-int-EKU-CA_SA.der
1,ee-EKU-NS_OS-int-EKU-EP_OS.der
1,v4_bc_ee-v2_int-v3_ca.der
1,terena_ssl_ca_2_whole_chain.der
1,alloscompcom.der
1,k3.der
1,z7bis.der
1,sect113r1_explicit_param.der
1,CA_root.crt.der
1,TestModule.PDU.der
1,sequence-empty.der
1,utms_reader_ca.der
1,apiclient_iat_chain.der
1,rsa_key6_768_cert.der
1,ec_key1_pkcs8.der
1,digicert.der
1,sample_private_key.der
1,blog.fefe.de.der
1,letsencrypt-stg-int-r3.der
1,letsencrypt-stg-root-x2.der
1,crt1.der
1,ctt_ca1TC_ca2I_usrU.der
1,ctt_ca1I_ca2T_usrUR.der
1,ctt_ca1IC_usrUR.der
1,ctt_ca1T_ca2U_usrU.der
1,ctt_ca1T_usrU.der
1,ctt_appUE.der
1,id-000019.der
1,id-000005.der
1,SerPay.der
1,untrusted_ca1.der
1,sha1pkcs_plain.der
1,profile-webserver.pub.der
1,root-cert.key.der
1,dsa-cert.pub.der
1,profile-webserver.key.der
1,scep_req0.der
1,serverPublicKey.der
1,ee-EKU-NS_SA-int-EKU-SA_TS.der
1,ee-EKU-EP_SA-int-EKU-CA_NS.der
1,rsa-valid.der
1,v1_bc_ee-v3_int_missing_bc-v1_ca_bc.der
1,v3_missing_bc_ee-v1_int-v2_ca_bc.der
1,ee-EKU-CA-int-EKU-EP_NS.der
1,v2_int_bc-v2_ca.der
1,int-EKU-CA_EP_NS_OS_SA.der
1,ee-int-not-a-ca.der
1,rsa_pub.der
1,AffirmTrust-Premium-ECC.der
1,cert09.der
1,ee-EKU-NS-int-EKU-CA_OS.der
1,ee-EKU-CA_OS-int-EKU-NONE.der
1,v1_bc_ee-v3_int-v3_ca_missing_bc.der
1,v1_ee-v3_int_missing_bc-v3_ca.der
1,non-ev-root.der
1,v2_ee-v1_int_bc-v1_ca.der
1,ee-EKU-EP_SA-int-EKU-OS_SA.der
1,ee-EKU-OS-int-EKU-SA.der
1,int-nc-foo.com_a.us.der
1,trustCenter-root-5.der
1,IdenTrust_Root_X6.der
1,ee-EKU-OS_SA-int-EKU-OS_SA.der
1,ee-EKU-EP_TS-int-EKU-NONE.der
1,ee-EKU-EP_TS-int-EKU-SA.der
1,ee-EKU-NS-int-EKU-CA_NS.der
1,v1_bc_ee-v3_int_missing_bc-v2_ca_bc.der
1,int-EKU-NS_OS.der
1,cert31.der
1,ec-pub-384-secp384r1.der
1,p256v1_explicit_param.der
1,AdminCA1.der
1,Chip-Test-PAA-FFF2-ValInPast-Key.der
1,paybox-pubkey.der
1,rcvs_capture_response.der
1,123654.der
1,nonempty_null.der
1,nine_thousand.der
1,dev_ca_keys.der
1,unittest.simplenfast.org.key.der
1,letsencrypt-stg-int-e1.der
1,4.der
1,sample_certificate4.der
1,www2.elearning.rwth-aachen.de.der
1,plca_cert.der
1,server-rsapss.der
1,client-3072-rsapss-priv.der
1,ee-EKU-OS_SA-int-EKU-OS.der
1,v1_ee-v2_int-v2_ca_bc.der
1,v3_bc_ee-v3_int_missing_bc-v2_ca_bc.der
1,int-EKU-CA_EP_NS_OS_SA_TS.der
1,ee-EKU-OS_TS-int-EKU-TS.der
1,v1_ee-v3_int_missing_bc-v1_ca_bc.der
1,ee-EKU-CA_SA-int-EKU-OS_SA.der
1,int-EKU-CA.der
1,v2_ee-v1_int_bc-v2_ca_bc.der
1,ee-EKU-OS_TS-int-EKU-OS.der
1,ee-EKU-NS_OS-int-EKU-OS_SA.der
1,v1_bc_ee-v2_int-v1_ca.der
1,ee-EKU-NONE-int-EKU-CA.der
1,v3_bc_ee-v2_int_bc-v2_ca_bc.der
1,ee-EKU-EP_SA-int-EKU-SA.der
1,bad_sig6.der
1,v3_bc_ee-v1_int-v3_ca.der
1,ee-EKU-NS-int-EKU-NS.der
1,ee-EKU-EP_NS-int-EKU-EP_NS.der
1,v2_bc_ee-v3_int-v2_ca.der
1,ee-EKU-NS_OS-int-EKU-CA_TS.der
1,derive_pub.der
1,v2_int-v2_ca.der
1,ee-EKU-SA_TS-int-EKU-CA_TS.der
1,bad_sig10.der
1,ee-EKU-OS_TS-int-EKU-NONE.der
1,ee-EKU-EP-int-EKU-OS_SA.der
1,v3_bc_ee-v2_int_bc-v3_ca.der
1,ee-EKU-SA_TS-int-EKU-NS_SA.der
1,ee-EKU-CA_NS-int-EKU-EP_OS.der
1,ee-EKU-CA_EP_NS_OS_SA-int-EKU-EP.der
1,ee-2-ca-1.der
1,issued_by_letsencrypt_2.der
1,03_enumeration.0.der
1,GlobalSignRootCA.der
1,good_response_nocert.der
1,rds-combined-ca-bundle.der
1,ec_key4_secp256r1_cert.der
1,rsa_key1_cert.der
1,ec_key6_secp521r1_pkcs8.der
1,ISD1-B1-S1.pld.der
1,ctt_ca1T_ca2U_usrUR.der
1,ce-key.der
1,id-000013.der
1,client2.der
1,verisign_sub.der
1,sample.der
1,profile-server.pub.der
1,v3_missing_bc_ee-v2_int_bc-v2_ca.der
1,ee-EKU-SA_TS-int-EKU-NS.der
1,ee-EKU-CA_NS-int-EKU-NS_OS.der
1,cert15.der
1,scep_ca2.der
1,v1_bc_ee-v2_int_bc-v1_ca_bc.der
1,ee-EKU-CA_OS-int-EKU-EP_NS.der
1,ee-EKU-CA_SA-int-EKU-EP.der
1,ee-EKU-EP-int-EKU-CA_TS.der
1,rsa_priv.der
1,client_key.der
1,ee-EKU-SA-int-EKU-SA_TS.der
1,ee-EKU-SA-int-EKU-CA_EP_NS_OS_SA.der
1,ee-EKU-OS-int-EKU-NS_TS.der
1,v4_bc_ee-v1_int-v2_ca.der
1,v1_int-v2_ca.der
1,cert07.der
1,ee-EKU-EP_SA-int-EKU-NS.der
1,ee-EKU-NS_OS-int-EKU-NONE.der
1,int-no-ku-no-eku.der
1,v2_bc_ee-v1_int-v1_ca_bc.der
1,v1_ee-v3_int-v3_ca.der
1,ee-EKU-NS_SA-int-EKU-EP.der
1,ee-EKU-NS_SA-int-EKU-TS.der
1,ee-8-ca-4.der
1,v1_ee-v3_int_missing_bc-v2_ca.der
1,ee-EKU-NS_SA-int-EKU-CA_EP.der
1,ocsp_ok2.der
1,other-test-ca.der
1,ee-EKU-CA_NS-int-EKU-OS_SA.der
1,ee-EKU-NONE-int-EKU-CA_TS.der
1,Poland-Certum-CTNCA.der
1,v2_int_bc-v3_ca.der
1,ee-EKU-SA-int-EKU-SA.der
1,beid-cert-belgiumrca3.der
1,pubkeyA.der
1,k.der
1,v5_ff.der
1,generated2.verify.der
1,1.0-SNAPSHOT.der
1,davePub.der
1,balor.der
1,pteid-cert-government.der
1,DST_root.der
1,vapid_test_key.der
1,ctt_ca1U_usrUR.der
1,twitter_ocsp_response_v1.der
1,id-000017.der
1,id-000021.der
1,id-000010.der
1,pkcs8_rsa_private_key_2048.der
1,example_server.der
1,ed25519-3.pk8.der
1,LPA_CAdES.der
1,ecc-cert.pub.der
1,pwd.pub.der
1,scep_req1.der
1,temp.der
1,ee-EKU-EP_SA-int-EKU-EP_TS.der
1,ee-EKU-CA_OS-int-EKU-NS_OS.der
1,ee-EKU-SA-int-EKU-EP_NS.der
1,ee-4-ca-4.der
1,ee-EKU-CA_NS-int-EKU-CA_EP_NS_OS_SA.der
1,ee-EKU-NS-int-EKU-NONE.der
1,v4_bc_ee-v2_int-v2_ca.der
1,TrustisFPSRootCA.der
1,v4_bc_ee-v3_int_missing_bc-v1_ca.der
1,ee-EKU-EP_SA-int-EKU-CA_OS.der
1,ee-EKU-CA_OS-int-EKU-EP_OS.der
1,v3_bc_ee-v1_int-v2_ca_bc.der
1,eccert06.der
1,v2_ee-v2_int_bc-v3_ca_missing_bc.der
1,v3_bc_ee-v1_int_bc-v3_ca_missing_bc.der
1,ee-EKU-EP_SA-int-EKU-EP_OS.der
1,v2_bc_ee-v1_int-v3_ca.der
1,v2_bc_ee-v1_int-v3_ca_missing_bc.der
1,ee-EKU-SA-int-EKU-CA_NS.der
1,ee-EKU-NS-int-EKU-EP_OS.der
1,v1_int-v2_ca_bc.der
1,v2_ee-v1_int_bc-v3_ca_missing_bc.der
1,ee-EKU-EP_OS-int-EKU-SA.der
1,v1_ee-v2_int-v2_ca.der
1,ee-EKU-EP-int-EKU-NS_OS.der
1,ee-EKU-CA_TS-int-EKU-CA.der
1,v4_bc_ee-v3_int-v3_ca.der
1,ee-EKU-OS_TS-int-EKU-OS_SA.der
1,int-p384-tampered.der
1,cert14.der
1,disig-root-1.der
1,v2_bc_ee-v1_int-v2_ca.der
1,bad_sig7.der
1,cmp_ca2.der
1,ee-EKU-CA_OS-int-EKU-CA_NS.der
1,v3_missing_bc_ee-v2_int-v1_ca_bc.der
1,int-nc-perm-foo.com-ca-nc.der
1,v1_ee-v1_int_bc-v1_ca_bc.der
1,cmp_ca1.der
1,ee-EKU-CA_TS-int-EKU-CA_TS.der
1,privkeyB_pk8.der
1,p256v1_pkcs8.der
1,qa.verify.der
1,BPushVerisignroot.der
1,Chip-Test-PAA-FFF2-ValInFuture-Key.der
1,robojamCertificate.der
1,revoked_response_nocert.der
1,carolPub.der
1,policy2Short.der
1,tstRTCrX509-md5-cert.der
1,rsa_key7_3072_pksc8.der
1,rsa_key2_cert.der
1,rsa_key4_4096_cert.der
1,5.der
1,rsa-privkey-nopass.der
1,game.public.der
1,id-000022.der
1,agent2-key.der
1,bench_dilithium_level5_key.der
1,test-app-config_secret-key.der
1,profile-client.pub.der
1,pwd-cert.pub.der
1,scep_resp0.der
1,public256.der
1,pkint8k.key.der
1,ee-EKU-EP_OS-int-EKU-OS_TS.der
1,v2_ee-v3_int_missing_bc-v2_ca_bc.der
1,ee-EKU-NONE-int-EKU-OS.der
1,ee-EKU-OS-int-EKU-OS_SA.der
1,ee-EKU-SA_TS-int-EKU-CA_NS.der
1,ee-EKU-CA_NS-int-EKU-OS_TS.der
1,certchn3.der
1,v2_ee-v1_int-v3_ca_missing_bc.der
1,ocsp_re2.der
1,int-dsa-tampered.der
1,ee-EKU-NS_SA-int-EKU-OS.der
1,ee-EKU-EP-int-EKU-NONE.der
1,DODEMAILCA_26.der
1,cert04.der
1,ee-6-ca-2.der
1,v2_ee-v1_int_bc-v3_ca.der
1,v3_missing_bc_ee-v3_int-v2_ca_bc.der
1,int-EKU-CA_NS.der
1,ee-EKU-CA_EP_NS_OS_SA-int-EKU-EP_OS.der
1,bad_sig4.der
1,v3_bc_ee-v3_int-v1_ca.der
1,ee-EKU-SA_TS-int-EKU-EP.der
1,ee-EKU-CA_EP_NS_OS_SA-int-EKU-CA_SA.der
1,ee-EKU-CA_EP_NS_OS_SA-int-EKU-OS.der
1,ee-int-no-ku-no-eku.der
1,rsa-valid-int-tampered-ee.der
1,v4_bc_ee-v1_int_bc-v2_ca_bc.der
1,cert11.der
1,ee-EKU-SA-int-EKU-NS_TS.der
1,ocsp_ca7.der
1,ee-EKU-EP_SA-int-EKU-EP_NS.der
1,v1_ee-v3_int-v2_ca_bc.der
1,pubkeyB.der
1,letsencrypt-ISRG-Root-X1.der
1,WIIU_COMMON_1_CERT.der
1,PROD_RootKey_group1.der
1,bits_total.der
1,acme_cs.valid.der
1,ca2cert.der
1,signer1.der
1,letsencryptauthorityx4.der
1,pteid-cert-government2005.der
1,ctt_ca1U_appU.der
1,ctt_ca1I_ca2T_appU.der
1,ctt_usrUE.der
1,ctt_ca1T_usrUR.der
1,cpauth_private.der
1,id-000018.der
1,TestCertOctetOverflow.der
1,ocsp_resp_revoked.der
1,rsa.pub-padded.der
1,client-3072-rsapss-key.der
1,BehindMedia_public.der
1,PA_PAdES_AD_RC_v1_0.der
1,child-cert.key.der
1,ISD-B1-S1.pld.der
1,CGA.der
1,ee-EKU-TS-int-EKU-EP.der
1,v1_bc_ee-v3_int-v1_ca.der
1,ee-EKU-EP_NS-int-EKU-EP_TS.der
1,v3_bc_ee-v2_int-v1_ca_bc.der
1,ee-EKU-NS_SA-int-EKU-NS.der
1,v2_ee-v1_int-v3_ca.der
1,ee-EKU-EP-int-EKU-CA_EP.der
1,ee-EKU-EP_SA-int-EKU-CA_EP.der
1,ee-EKU-OS_SA-int-EKU-EP_TS.der
1,v2_ee-v2_int-v3_ca_missing_bc.der
1,v3_ca_missing_bc.der
1,cert08.der
1,ee-EKU-CA_EP_NS_OS_SA_TS-int-EKU-SA.der
1,eccert08.der
1,v2_ee-v3_int_missing_bc-v1_ca_bc.der
1,ee-EKU-SA_TS-int-EKU-OS_SA.der
1,ee-EKU-OS_SA-int-EKU-EP_OS.der
1,TWCARootCA-4096.der
1,v4_bc_ee-v2_int_bc-v2_ca_bc.der
1,bad_sig2.der
1,v2_ee-v3_int-v1_ca_bc.der
1,ee-EKU-NS_TS-int-EKU-EP_SA.der
1,ee-7-ca-2.der
1,ee-EKU-CA_SA-int-EKU-EP_NS.der
1,v3_bc_ee-v2_int_bc-v1_ca_bc.der
1,ee-EKU-EP_OS-int-EKU-SA_TS.der
1,ee-EKU-EP_SA-int-EKU-NS_OS.der
1,ee-EKU-CA_NS-int-EKU-CA_SA.der
1,v3_bc_ee-v3_int_missing_bc-v3_ca.der
1,ee-EKU-EP-int-EKU-EP_TS.der
1,ee-EKU-CA_NS-int-EKU-EP_NS.der
1,ee-EKU-CA_OS-int-EKU-NS_TS.der
1,ee-7-ca-3.der
1,ee-EKU-CA_TS-int-EKU-NS_TS.der
1,v3_missing_bc_ee-v2_int_bc-v3_ca.der
1,v1_bc_ee-v3_int-v3_ca.der
1,ee-EKU-EP-int-EKU-CA.der
1,v1_bc_ee-v1_int-v2_ca_bc.der
1,ee-EKU-EP-int-EKU-NS_TS.der
1,ee-1-ca-3.der
1,int-EKU-NS_SA.der
1,eccert01.der
1,ee-EKU-EP_TS-int-EKU-OS_SA.der
1,ee-EKU-SA-int-EKU-EP_TS.der
1,int-EKU-EP_TS.der
1,ee-EKU-NS_TS-int-EKU-SA.der
1,ee-EKU-EP_SA-int-EKU-SA_TS.der
1,Firmaprofesional-CIF-A62634068.der
1,ee-EKU-SA-int-EKU-NONE.der
1,v4_bc_ee-v1_int-v3_ca_missing_bc.der
1,ec-pri-256-prime256v1.der
1,ev_cert.der
1,dh_param.der
1,v9_ff.der
1,internal-public.der
1,production.der
1,ca_certs_der.der
1,www.globalsign.com.der
1,customer.der
1,false.der
1,unittest.simplenfast.org.cert.der
1,sample_certificate2.der
1,ctt_ca1T_appU.der
1,pub_key512.der
1,id-000026.der
1,id-000006.der
1,id-000023.der
1,PSC-PROCERT-SHA256.der
1,ed25519-1.pk8.der
1,ocsp-response-sct-extension.der
1,rsa6.der
1,discover.der
1,ee-EKU-EP_OS-int-EKU-EP_TS.der
1,ee-EKU-TS-int-EKU-NS_OS.der
1,int-EKU-NS.der
1,StartCom May 2013 G2.der
1,https-url.der
1,v3_missing_bc_ee-v1_int_bc-v1_ca.der
1,v4_bc_ee-v3_int-v1_ca_bc.der
1,v1_int_bc-v1_ca_bc.der
1,ee-EKU-CA_OS-int-EKU-CA.der
1,ee-EKU-OS_SA-int-EKU-NS_SA.der
1,v1_bc_ee-v1_int_bc-v3_ca.der
1,ee-EKU-SA_TS-int-EKU-EP_OS.der
1,ee-3-ca-3.der
1,v2_bc_ee-v1_int_bc-v3_ca.der
1,v4_bc_ee-v2_int_bc-v2_ca.der
1,no-scheme-url.der
1,ee-EKU-NS_SA-int-EKU-CA_NS.der
1,cn-www.foo.com-int-nc-foo.com_a.us.der
1,int-limited-depth.der
1,ee-EKU-CA_TS-int-EKU-NS.der
1,v2_ee-v3_int-v2_ca.der
1,v2_bc_ee-v3_int_missing_bc-v2_ca.der
1,openssl-secp256r1.der
1,client.key.der
1,freedns.afraid.org.ocsp.resp.der
1,SDPSchoolsCA.der
1,policyQES.der
1,userkey.der
1,google_printable!.der
1,letsencrypt-stg-root-dst.der
1,lets-encrypt-e2.der
1,privkey1.der
1,ctt_ca1TC_ca2I_usrUR.der
1,isrg_root_x2.der
1,SerMC.der
1,server-3072-rsapss-priv.der
1,PA_AD_RA_v2_3.der
1,PA_AD_RC_v2_3.der
1,profile-server.key.der
1,amex.der
1,COMODOECCCertificationAuthority.der
1,ee-EKU-EP_SA-int-EKU-CA.der
1,ee-EKU-EP-int-EKU-SA_TS.der
1,ee-EKU-NS-int-EKU-EP_TS.der
1,int-no-ku-server-eku.der
1,ee-EKU-NONE-int-EKU-CA_EP.der
1,ee-EKU-TS-int-EKU-EP_TS.der
1,ee-EKU-NS_TS-int-EKU-OS_TS.der
1,ee-EKU-EP-int-EKU-EP_OS.der
1,v1_ee-v3_int-v2_ca.der
1,ee-EKU-CA_SA-int-EKU-CA_EP_NS_OS_SA.der
1,ee-EKU-NS_SA-int-EKU-CA_EP_NS_OS_SA.der
1,ee-EKU-TS-int-EKU-NS_SA.der
1,ee-EKU-TS-int-EKU-CA_EP.der
1,v1_bc_ee-v2_int_bc-v2_ca.der
1,ee-7-ca-1.der
1,ee-EKU-NS-int-EKU-OS_SA.der
1,ee-EKU-OS-int-EKU-CA_NS.der
1,cn-www.foo.org-int-nc-foo.com_a.us.der
1,ee-EKU-NS-int-EKU-EP_NS.der
1,ee-EKU-NS-int-EKU-CA_EP_NS_OS_SA_TS.der
1,cisco-ca2048.der
1,cert28.der
1,ee-EKU-TS-int-EKU-EP_NS.der
1,int-p384-valid.der
1,ee-EKU-NS_SA-int-EKU-NS_OS.der
1,ee-4-ca-1.der
1,v2_bc_ee-v3_int-v1_ca.der
1,cert19.der
1,certreq6.der
1,bad_sig9.der
1,ee-EKU-NS_OS-int-EKU-CA_SA.der
1,int-ev-valid.der
1,scep_ca7.der
1,UTN-USERFirst-NetworkApplication.der
1,int-no-extensions.der
1,v2_ca_bc.der
1,root_chambersign-2008.der
1,Trustwave-SGCA.der
1,ftp-url.der
1,ee-EKU-OS_TS-int-EKU-EP_TS.der
1,thawteEVSSLCA-G3.der
1,certdata.der
1,passcodeCheckCert.der
1,ec_key1_cert.der
1,ec_key4_secp256r1_pkcs8.der
1,ctt_ca1I_ca2T_usrU.der
1,cms-signed-indefinite-length.der
1,certbag.der
1,sites_private.der
1,id-000009.der
1,PSCFII-SHA256.der
1,root-rsapss-key.der
1,server-3072-rsapss.der
1,ed25519-5.pk8.der
1,sample_ocsp_response.der
1,PA_AD_RC_v2_2.der
1,crl_testpki_testpca.der
1,v2_bc_ee-v2_int_bc-v1_ca.der
1,rsa-tampered-int-valid-ee.der
1,ee-EKU-OS_TS-int-EKU-EP_OS.der
1,ee-EKU-EP_OS-int-EKU-CA_NS.der
1,ee-EKU-EP_NS-int-EKU-CA_TS.der
1,ee-EKU-CA_EP-int-EKU-EP_OS.der
1,ee-EKU-EP-int-EKU-NS_SA.der
1,ee-EKU-OS-int-EKU-EP.der
1,ee-EKU-OS-int-EKU-CA_SA.der
1,ee-EKU-EP_TS-int-EKU-OS_TS.der
1,ee-EKU-NS_OS-int-EKU-NS_TS.der
1,v1_bc_ee-v1_int_bc-v1_ca.der
1,v4_bc_ee-v3_int_missing_bc-v3_ca.der
1,ee-EKU-CA_TS-int-EKU-SA.der
1,ee-EKU-CA_NS-int-EKU-CA_OS.der
1,ee-EKU-CA_NS-int-EKU-SA_TS.der
1,ocspr_ok.der
1,v2_bc_ee-v1_int_bc-v3_ca_missing_bc.der
1,ee-EKU-CA-int-EKU-CA_TS.der
1,ee-EKU-EP_NS-int-EKU-OS_TS.der
1,certchn5.der
1,ee-EKU-OS_TS-int-EKU-OS_TS.der
1,certreq3.der
1,ee-EKU-CA_SA-int-EKU-OS_TS.der
1,v2_bc_ee-v1_int-v1_ca.der
1,ocsp_re3.der
1,ee-EKU-OS_TS-int-EKU-NS_SA.der
1,v1_bc_ee-v1_int-v1_ca.der
1,ee-EKU-NS_TS-int-EKU-TS.der
1,v2_bc_ee-v2_int-v2_ca_bc.der
1,SwissSign-Silver_G2.der
1,ee-EKU-NS_TS-int-EKU-NS_OS.der
1,v2_bc_ee-v2_int_bc-v1_ca_bc.der
1,CA_3.crt.der
1,expired.crt.der
1,UPush.der
1,2048b-dsa-example-request.der
1,junk.der
1,lilli_ios_cert.der
1,unknown_response.der
1,rsa_key2_pkcs8.der
1,ec_key2_pkcs8.der
1,trustid-x3-root.der
1,ctt_usrU.der
1,meca2_compressed.der
1,dsa-privkey-nopass.der
1,id-000027.der
1,id-000024.der
1,id-000004.der
1,ocsp_resp_ok.der
1,mitm_server.der
1,ed25519-6.pk8.der
1,rsa-2048.pk8.der
1,rsa_key_3.der
1,PA_AD_RB_v2_3.der
1,profile-ocsp.key.der
1,scep_resp1.der
1,pkcs8PubKey.der
1,v2_bc_ee-v3_int-v2_ca_bc.der
1,ee-EKU-EP_OS-int-EKU-NS_SA.der
1,v3_bc_ee-v3_int_missing_bc-v1_ca_bc.der
1,ee-EKU-CA_EP-int-EKU-SA.der
1,eccert09.der
1,v3_bc_ee-v3_int-v3_ca_missing_bc.der
1,ee-EKU-NS_OS-int-EKU-CA_NS.der
1,cert05.der
1,ee-EKU-CA_EP-int-EKU-NS_TS.der
1,ee-EKU-TS-int-EKU-SA_TS.der
1,ocsp_ca5.der
1,ee-EKU-EP_OS-int-EKU-CA_EP.der
1,ee-EKU-NS_OS-int-EKU-NS_OS.der
1,ee-EKU-SA-int-EKU-OS.der
1,ee-EKU-NONE-int-EKU-NS.der
1,ee-EKU-EP_OS-int-EKU-EP_NS.der
1,v2_ee-v2_int-v1_ca_bc.der
1,no-scheme-host-port.der
1,int-EKU-SA_TS.der
1,ocsp_re1.der
1,v1_ee-v2_int_bc-v1_ca_bc.der
1,v4_bc_ee-v1_int_bc-v2_ca.der
1,ee-EKU-CA-int-EKU-CA_NS.der
1,ee-EKU-CA_EP-int-EKU-CA_EP_NS_OS_SA.der
1,ca-dsa.der
1,ee-EKU-NS_SA-int-EKU-NS_TS.der
1,int-ca-nc-perm-foo.com.der
1,v2_bc_ee-v1_int_bc-v1_ca_bc.der
1,cert29.der
1,ee-EKU-NONE-int-EKU-CA_SA.der
1,explore_old.der
1,2048b-dsa-example-keypair.der
1,2048b-rsa-example-keypair.der
1,huge_int.der
1,null.der
1,disposable.public.der
1,policy1.der
1,shortkey-csr.der
1,ec_key3_secp224r1_pkcs8.der
1,wikipedia.der
1,openuat.der
1,verifierclient.der
1,search_public_key.der
1,ca-rsapss-priv.der
1,sandbox-godaddy-root.ca.der
1,root.pub.der
1,v1_int_bc-v2_ca.der
1,ee-EKU-CA_SA-int-EKU-NONE.der
1,AffirmTrust-Networking.der
1,ee-EKU-CA_EP-int-EKU-EP_TS.der
1,v3_int-v1_ca_bc.der
1,cmp_ca7.der
1,ComSign-CA.der
1,int-nc-perm-c-uk-ca-nc.der
1,v2_int_bc-v2_ca_bc.der
1,ocspca.der
1,v1_ee-v1_int-v2_ca_bc.der
1,ee-EKU-CA_NS-int-EKU-CA.der
1,ee-EKU-OS_SA-int-EKU-CA_EP_NS_OS_SA.der
1,UTN-USERFirst-ClientAuthentication.der
1,ee-EKU-EP-int-EKU-CA_SA.der
1,ee-EKU-CA_EP-int-EKU-CA_SA.der
1,ee-EKU-CA_SA-int-EKU-NS_SA.der
1,ssRootCert.der
1,v2_ee-v2_int_bc-v1_ca.der
1,ee-EKU-TS-int-EKU-CA_NS.der
1,cert17.der
1,ee-EKU-CA-int-EKU-NS_OS.der
1,ee-EKU-NS_OS-int-EKU-NS.der
1,ee-EKU-CA_SA-int-EKU-CA_SA.der
1,ee-EKU-OS_TS-int-EKU-CA_NS.der
1,v1_ee-v2_int_bc-v3_ca_missing_bc.der
1,v4_bc_ee-v1_int_bc-v3_ca.der
1,v2_int_bc-v1_ca_bc.der
1,ocsp_ca1.der
1,ocsp_ca3.der
1,v2_ee-v3_int-v2_ca_bc.der
1,unknown-scheme.der
1,ee-EKU-CA_EP-int-EKU-EP_NS.der
1,certchn1.der
1,signreq.der
1,postgres.crt.der
1,generated1.verify.der
1,mlcastle.der
1,sequence-empty-null.der
1,GeoTrust_Primary_CA_G2_ECC.der
1,EET_CA1_Playground-CZ1212121218.p12.der
1,rsa_key3_1024_cert.der
1,scapy-tls-client.crt.der
1,SecUtilsTest.cert.der
1,letsencryptauthorityx3.der
1,isrg-root-x2-cross-signed.der
1,server_intermediate_cert.der
1,client_leaf_cert.der
1,e-trust.ru.der
1,id-000016.der
1,id-000015.der
1,root-rsapss.der
1,ca-rsapss-key.der
1,deployment_cert.der
1,ed25519-1.spki.der
1,gov-ca-2011.der
1,fedict-2011-2014.der
1,PA_PAdES_AD_RT_v1_1.der
1,int-ev-valid-anypolicy-int.der
1,v2_int-v1_ca_bc.der
1,ee-EKU-CA_TS-int-EKU-NS_SA.der
1,ee-EKU-NS_OS-int-EKU-EP.der
1,v2_bc_ee-v2_int-v3_ca.der
1,v1_ee-v2_int_bc-v2_ca.der
1,AffirmTrust-Commercial.der
1,v1_bc_ee-v2_int-v2_ca_bc.der
1,ee-EKU-CA_NS-int-EKU-EP_SA.der
1,ee-EKU-CA_EP_NS_OS_SA-int-EKU-CA.der
1,ee-EKU-CA_EP_NS_OS_SA-int-EKU-NS_OS.der
1,ee-EKU-CA_OS-int-EKU-CA_OS.der
1,ee-EKU-TS-int-EKU-OS.der
1,int-EKU-CA_TS.der
1,ee-EKU-EP_TS-int-EKU-CA_OS.der
1,ee-EKU-CA_NS-int-EKU-NS.der
1,ee-EKU-SA-int-EKU-NS_SA.der
1,ee-EKU-CA_EP_NS_OS_SA-int-EKU-CA_NS.der
1,ee-EKU-SA-int-EKU-EP_OS.der
1,v3_missing_bc_ee-v1_int-v3_ca.der
1,ee-EKU-CA_EP-int-EKU-CA_EP.der
1,ee-EKU-CA_SA-int-EKU-SA_TS.der
1,v1_ee-v1_int-v2_ca.der
1,ee-EKU-CA_NS-int-EKU-EP_TS.der
1,empty-port.der
1,v2_int_bc-v3_ca_missing_bc.der
1,thawtePrimaryRootCA.der
1,CA_2.crt.der
1,WIIU_COMMON_1_RSA_KEY.der
1,local_public_key.der
1,policy2.der
1,tstRTCrX509-md4-cert.der
1,rsa_key8_2048_cert.der
1,cert CLEANED.der
1,cert (copy).der
1,server-keypub.der
1,pteid-cert-portugalrca.der
1,test-auth0.der
1,baltimore.der
1,PositiveSSLCA.der
1,placehol.der
1,test_user.cert.der
1,g4.der
1,g6.der
1,PA_AD_RT_v2_3.der
1,child.pub.der
1,private256.der
