30,sndblast.drv
24,refcount.drv
18,test.drv
14,adeno-genome.lf.drv
10,preisle2.drv
10,garouo.drv
10,tophuntr.drv
10,rbff1a.drv
10,rbff2k.drv
10,kof95h.drv
10,lastsold.drv
10,nam1975.drv
10,zintrckb.drv
10,lastbld2.drv
10,zupapa.drv
10,samsho5b.drv
10,bbbuster.drv
10,garou.drv
10,kof2k4se.drv
10,lresort.drv
10,panicbom.drv
10,mslug3.drv
10,kof2000.drv
10,2020bbh.drv
10,pbobblen.drv
10,wh2.drv
10,mslug.drv
10,kotm.drv
10,kf2k3pcb.drv
10,ncombath.drv
10,kof2002b.drv
10,aof.drv
10,mosyougi.drv
10,kizuna.drv
10,rbff1.drv
10,jockeygp.drv
10,kf10thep.drv
10,kf2k3pl.drv
10,samsho5.drv
10,quizkof.drv
10,kof97.drv
10,rbff2.drv
10,trally.drv
10,roboarmy.drv
10,marukodq.drv
10,neocup98.drv
10,gpilots.drv
10,mslug4.drv
10,kf2k2mp2.drv
10,socbrawl.drv
10,shocktra.drv
10,sengoku.drv
10,preview.drv
10,kof94.drv
10,ragnagrd.drv
10,sonicwi3.drv
10,kof96.drv
10,2020bb.drv
10,fswords.drv
10,pgoal.drv
10,turfmast.drv
10,neomrdo.drv
10,kf2k3bla.drv
10,pspikes2.drv
10,kog.drv
10,puzzldpr.drv
10,kof2003.drv
10,diggerma.drv
10,aof2.drv
10,goalx3.drv
10,strhoop.drv
10,ct2k3sa.drv
10,ssideki4.drv
10,mslug3b6.drv
10,pbobblena.drv
10,samsh5spn.drv
10,spinmast.drv
10,samsh5sph.drv
10,sdodgeb.drv
10,janshin.drv
10,minasan.drv
10,rotd.drv
10,svcboot.drv
10,sengoku3.drv
10,maglord.drv
10,ncommand.drv
10,kof2001h.drv
10,magdrop3.drv
10,s1945p.drv
10,kf2k3upl.drv
10,bstars2.drv
10,svcplus.drv
10,twinspri.drv
10,breakers.drv
10,kof10th.drv
10,nitdbl.drv
10,svc.drv
10,superspy.drv
10,overtop.drv
10,bjourney.drv
10,pulstar.drv
10,ironclado.drv
10,kf2k2pls.drv
10,joyjoy.drv
10,wh1.drv
10,lans2004.drv
10,stakwin2.drv
10,galaxyfg.drv
10,ganryu.drv
10,ssideki2.drv
10,kof2002.drv
10,burningfh.drv
10,lbowling.drv
10,mahretsu.drv
10,fatfury2.drv
10,ssideki.drv
10,svcsplus.drv
10,kf2k3bl.drv
10,wh2j.drv
10,3countb.drv
10,aof3.drv
10,mslug2.drv
10,samsho4.drv
10,gururin.drv
10,ncombat.drv
10,nitd.drv
10,popbounc.drv
10,quizdais.drv
10,wh1ha.drv
10,burningf.drv
10,ridheroh.drv
10,ctunattach.drv
10,kof2000n.drv
10,ghostlop.drv
10,samsho.drv
10,kotmh.drv
10,pnyaa.drv
10,sengoku2.drv
10,kof99a.drv
10,kof99p.drv
10,ms5plus.drv
10,kf2k5uni.drv
10,lastblad.drv
10,fightfeva.drv
10,kof98n.drv
10,svcpcb.drv
10,cthd2003.drv
10,eightman.drv
10,bstars.drv
10,aodk.drv
10,samshoh.drv
10,mslug5h.drv
10,ninjamas.drv
10,wakuwak7.drv
10,kof2001.drv
10,fatfury3.drv
10,mslug5.drv
10,ms5pcb.drv
10,kof97pls.drv
10,neodrift.drv
10,quizdai2.drv
10,cyberlip.drv
10,viewpoin.drv
10,wh2jh.drv
10,kof2003h.drv
10,kof97a.drv
10,neobombe.drv
10,neogeo.drv
10,zedblade.drv
10,2020bba.drv
10,savagere.drv
10,matrimbl.drv
10,kof99n.drv
10,magdrop2.drv
10,ssideki3.drv
10,blazstar.drv
10,wh1h.drv
10,rbff2h.drv
10,mslugx.drv
10,kabukikl.drv
10,ct2k3sp.drv
10,legendos.drv
10,tws96.drv
10,fatfury1.drv
10,gowcaizr.drv
10,kotm2.drv
10,shocktr2.drv
10,shocktro.drv
10,fightfev.drv
10,doubledr.drv
10,matrim.drv
10,kf2k2mp.drv
10,breakrev.drv
10,bangbead.drv
10,kf2k2pla.drv
10,samsho2.drv
10,garoup.drv
10,fatfursa.drv
10,pbobbl2n.drv
10,kof99.drv
10,sengokh.drv
10,bakatono.drv
10,miexchng.drv
10,svcplusa.drv
10,wjammers.drv
10,gpilotsh.drv
10,vliner.drv
10,flipshot.drv
10,ridhero.drv
10,fbfrenzy.drv
10,samsho3.drv
10,tophuntra.drv
10,ctattach.drv
10,irrmaze.drv
10,ctomaday.drv
10,maglordh.drv
10,kof95.drv
10,kof99e.drv
10,samsh5sp.drv
10,kof98.drv
10,sonicwi2.drv
10,stakwin.drv
10,ms4plus.drv
10,puzzledp.drv
10,rbffspec.drv
10,ironclad.drv
10,crsword.drv
10,samsho3h.drv
10,svcpcba.drv
10,androdun.drv
10,kof96h.drv
10,aof2a.drv
10,vlinero.drv
10,aof3k.drv
10,socbrawla.drv
10,whp.drv
10,totcarib.drv
10,karnovr.drv
10,garoubl.drv
10,samsho5h.drv
10,kof98k.drv
10,mutnat.drv
10,fatfursp.drv
10,lastbladh.drv
10,tpgolf.drv
10,alpham2.drv
10,mslug3h.drv
9,BigArrays.drv
9,AbstractBigListIterator.drv
9,OpenHashSet.drv
9,AbstractSortedMap.drv
9,IndirectHeaps.drv
9,Collection.drv
9,BigListIterators.drv
9,LinkedOpenCustomHashSet.drv
9,ArrayList.drv
9,AbstractBigList.drv
9,OpenCustomHashSet.drv
9,AbstractStack.drv
9,Collections.drv
9,TextIOFragment.drv
9,AVLTreeSet.drv
9,AbstractSortedSet.drv
9,LinkedOpenHashMap.drv
9,AbstractSet.drv
9,BidirectionalIterator.drv
9,IndirectPriorityQueue.drv
9,Hash.drv
9,AbstractMap.drv
9,AbstractList.drv
9,AbstractComparator.drv
9,LinkedOpenCustomHashMap.drv
9,HeapPriorityQueue.drv
9,RBTreeSet.drv
9,BinIO.drv
9,Set.drv
9,List.drv
9,Function.drv
9,PriorityQueues.drv
9,Iterators.drv
9,ArraySet.drv
9,BigList.drv
9,Comparators.drv
9,ArrayFIFOQueue.drv
9,BigArrayBigList.drv
9,SortedMap.drv
9,BigLists.drv
9,Functions.drv
9,AbstractCollection.drv
9,SortedMaps.drv
9,AbstractFunction.drv
9,BinIOFragment.drv
9,OpenHashBigSet.drv
9,Arrays.drv
9,LinkedOpenHashSet.drv
9,HeapIndirectPriorityQueue.drv
9,OpenHashMap.drv
9,Comparator.drv
9,Iterable.drv
9,HeapSemiIndirectPriorityQueue.drv
9,ArrayFrontCodedList.drv
9,Lists.drv
9,Map.drv
9,BigListIterator.drv
9,ArrayPriorityQueue.drv
9,Stack.drv
9,OpenCustomHashMap.drv
9,SortedSets.drv
9,AbstractListIterator.drv
9,AbstractPriorityQueue.drv
9,SemiIndirectHeaps.drv
9,ArrayMap.drv
9,SortedSet.drv
9,Sets.drv
9,TextIO.drv
9,Heaps.drv
9,ListIterator.drv
9,ArrayIndirectPriorityQueue.drv
9,AbstractIterator.drv
9,Iterator.drv
9,AbstractBidirectionalIterator.drv
9,Maps.drv
9,AVLTreeMap.drv
9,RBTreeMap.drv
9,PriorityQueue.drv
8,mslug3n.drv
8,winspool.drv
7,winejoystick.drv
7,winex11.drv
7,msacm32.drv
7,wineps.drv
7,StripedOpenHashMap.drv
7,winealsa.drv
6,bibentry.drv
6,geometry.drv
5,drv_de.drv
5,ArrayIndirectDoublePriorityQueue.drv
5,LinkedOpenDoubleHashSet.drv
5,OpenDoubleHashMap.drv
5,vdowave.drv
5,OpenDoubleHashSet.drv
5,mysql.drv
5,OpenCustomDoubleHashMap.drv
5,LinkedOpenCustomDoubleHashMap.drv
5,rscriptd.drv
5,file.drv
5,msh261.drv
5,LinkedOpenCustomDoubleHashSet.drv
5,OpenCustomDoubleHashSet.drv
5,HeapIndirectDoublePriorityQueue.drv
5,IndirectDoublePriorityQueue.drv
5,mikrotik.drv
5,LinkedOpenDoubleHashMap.drv
4,grouping.drv
4,postscript.drv
4,minimum.drv
4,laserjet-basic.drv
4,color.drv
4,r300-remote.drv
4,vga.drv
4,constraint.drv
4,custom.drv
4,r300-colorman.drv
4,laserjet-pjl.drv
4,sample.drv
4,r300-basic.drv
3,wineaudioio.drv
3,rules.drv
3,winecoreaudio.drv
3,eprover.drv
3,tptp-tff1.drv
3,winejack.drv
3,alt_ergo.drv
3,pvs-realize.drv
3,helloworld.drv
3,coq-realize.drv
3,metis.drv
3,pvs.drv
3,mathsat.drv
3,verit.drv
3,coq.drv
3,vampire.drv
3,system.drv
3,iprover.drv
3,sound.drv
3,tectpcl2.drv
3,simplify_array.drv
3,cvc4.drv
3,gappa.drv
3,alt_ergo_smt2.drv
3,princess.drv
3,alt_ergo_model.drv
3,spass.drv
3,ocaml32.drv
3,metitarski.drv
3,mouse.drv
3,winenas.drv
3,Makefile.drv
3,tptp-tff0.drv
3,why3.drv
3,wineps16.drv
3,ocaml64.drv
3,mathematica.drv
3,display.drv
3,keyboard.drv
3,beagle.drv
3,ocaml-gen.drv
3,z3_smtv1.drv
3,why3_tptp.drv
3,yices.drv
3,simplify.drv
3,spass_types.drv
3,wineesd.drv
3,cvc3.drv
3,comm.drv
3,z3.drv
3,why3_smt.drv
3,wineoss.drv
3,zenon.drv
3,foo.drv
2,plop.drv
2,alt_ergo_bare.drv
2,Consumer.drv
2,alt_ergo_0.92.drv
2,z3_bare.drv
2,stlth64.drv
2,isabelle-realize.drv
2,metropol.drv
2,drv_hdmi.drv
2,fortune.drv
2,env_backup.drv
2,winepulse.drv
2,ati.drv
2,alt_ergo_0.93.drv
2,tseng4k.drv
2,BidirectionalIterable.drv
2,cvc4_bare.drv
2,isabelle.drv
2,vesa.drv
2,alt_ergo_0.94.drv
2,cvc3_bare.drv
2,ImmutableList.drv
2,yices_bare.drv
1,passthrough.drv
1,eqnarray.drv
1,MapCollectors.drv
1,nomencl.drv
1,psyche.drv
1,example1.drv
1,bzip2-1.0.6.0.1.drv
1,ML1.drv
1,Spliterators.drv
1,sobolev.drv
1,textpos.drv
1,try_alt_ergo.drv
1,ImmutableSet.drv
1,rastertosag-gdi.drv
1,drv_twi.drv
1,uw-wkrpt.drv
1,cvc4_14.drv
1,fis615f.drv
1,zjdrv.drv
1,ImmutableSortedPair.drv
1,canon-lbp.drv
1,accenti.drv
1,ocaml-no-arith.drv
1,f320f3.drv
1,fislx300.drv
1,multitoc.drv
1,remarkable.drv
1,cvc4_15.drv
1,alt_ergo_common.drv
1,zenon_modulo.drv
1,apacite.drv
1,m2x00w.drv
1,xymtx-ps.drv
1,jss.drv
1,UnaryOperator.drv
1,metapostscript.drv
1,yices-smt2.drv
1,Nat.drv
1,ocaml-unsafe-int.drv
1,z3_432.drv
1,BinaryOperator.drv
1,authblk.drv
1,quotes.drv
1,Collectors.drv
1,drv_de_480272.drv
1,z3-realize.drv
1,cvc4-realize.drv
1,Immutables.drv
1,cpio-2.12.drv
1,feynmf.drv
1,safeprover.drv
1,calculation.drv
1,everyshi.drv
1,Predicate.drv
1,polya.drv
1,polypaver.drv
1,isabelle2016-realize.drv
1,coq-ssreflect.drv
1,example0.drv
1,ImmutablePair.drv
1,isabelle2015-realize.drv
1,unzip-6.0.drv
1,prn2pdf.drv
1,AbstractSpliterator.drv
1,SIunits.drv
1,parallel.drv
1,fmfman.drv
1,epslx300.drv
1,feynmp.drv
1,fmfmanps.drv
1,fis320f.drv
1,count1to.drv
1,graphfig.drv
1,functan.drv
1,audiofile-0.3.6.drv
1,Spliterator.drv
1,hpcups.drv
1,indexbraille.drv
1,BigArraysFragment.drv
1,Iterables.drv
1,BigSpliterators.drv
1,isabelle2016.drv
1,Application Extension File.drv
1,wpower.drv
1,yhmath.drv
1,everysel.drv
1,carps.drv
1,irc.drv
1,tty.drv
1,hppcla4v.drv
1,evenpage.drv
1,dblfont.drv
1,Pair.drv
1,smt-libv2.drv
1,epsgenct.drv
1,epstopdf.drv
1,prelim2e.drv
1,ArrayFrontCodedBigList.drv
1,envlab.drv
1,Apple ImageWriter II.drv
1,z3_440.drv
1,transmission-1.91.drv
1,xeroxfolly.drv
1,BigArraysCommon.drv
1,ct-voice.drv
1,FIS250HF.drv
1,htmliste.drv
1,MutablePair.drv
1,hpdes810.drv
1,mathcmd.drv
1,ImmutableMap.drv
1,tm300a.drv
1,mprinter.drv
1,isabelle2015.drv
1,f320f2.drv
1,envmath.drv
1,ragged2e.drv
1,structured-attrs-1.drv
1,zebra.drv
1,SortedPair.drv
1,rtfold.drv
1,readme.drv
1,cyrus-sasl-2.5.10.drv
1,MappedBigList.drv
1,hpijs.drv
