40,stub-spring.ear
31,test.ear
20,cfme_test_ear_middleware.ear
14,jee-example-app-1.0.0.ear
10,app.ear
10,jaxrpc-simple.ear
9,some.ear
8,VSOP87C.ear
8,duplicate-ear-test-1.ear
7,server.ear
7,duplicate-ear-test-3.ear
7,duplicate-ear-test-2.ear
5,WlsSampleApp.ear
5,VSOP87A.ear
5,application-with-dependencies.ear
4,VSOP87B.ear
3,WebFOPWrapper2.ear
3,VSOP87D.ear
3,VSOP87E.ear
3,testEAR.ear
2,itfim-ivtapp.ear
2,DataSync.ear
2,OpenAPIEarOverwriteContextRoot.ear
2,RepeatableDSDAnnTest.ear
2,simple.ear
2,MailerSample.ear
2,consumer.ear
2,pharmacy.ear
2,edusys.ear
2,spaces.ear
2,filter-bundle.ear
2,RepeatableDSDMixTest.ear
2,reader.ear
2,RepeatableTransactionTest.ear
2,RESTFulFusion.ear
2,openAPIEarWithServer.ear
2,medrec.ear
2,physician.ear
2,WAS-EAR.ear
2,extensions-filter-bundle.ear
2,ticket2rock.ear
2,fragmentOrderedAnnotations.ear
2,CRM.ear
2,CFHandler.ear
2,RepeatableEnvEntryMixTest.ear
2,RepeatableDSDXMLTest.ear
2,openAPIEarWithoutServerObject.ear
2,tc~sec~ume~logon~ui_vosslohEAR.ear
2,stockgrant.ear
2,HR.ear
2,sender.ear
2,SimpleCIEar.ear
2,history.ear
2,web_pkg_scope.ear
1,dummyR022.ear
1,Test-ear.ear
1,TdpApp.ear
1,JMS.ear
1,CrudEnterprise.ear
1,openempi-ear-1.0-SNAPSHOT.ear
1,rest-cliente-ear-1.0.ear
1,nda-0.9.026.ear
1,CoHome.ear
1,wildfly-kitchensink-ml-ear-ear.ear
1,pingesoTareaCRUD-ear-1.0.ear
1,CONNECT.ear
1,Triary.ear
1,petstoreadmin.ear
1,eartest.ear
1,SemantikosCentralEAR-1.0.0.ear
1,dummyR519.ear
1,petstore.ear
1,gics-2.11.0.ear
1,testTemplate.ear
1,Maven-ear.ear
1,test-ear-no-lib-in-classpath.ear
1,todo-ear.ear
1,tdpApp.ear
1,OLASampleLiberty.ear
1,jboss-kitchensink-ear.ear
1,CourseManagementMavenEAR-1.0.ear
1,TestEar-1.0.0-SNAPSHOT.ear
1,PortalThemeV85Bootstrap.ear
1,javaee-deployment.ear
1,jboss-ejb-multi-server-app-main.ear
1,jboss-ejb-in-ear.ear
1,swat.ear
1,simpleearR001.ear
1,test-ear-no-lib.ear
1,loader-tester.ear
1,dcm4chee-web-ear-3.0.3-mysql.ear
1,supplier.ear
1,LeitorRSS_LPIII.ear
1,prenat.ear
1,amq-ibm-sample.ear
1,CIMAM.ear
1,eeSample.ear
1,JMSWorker.ear
1,blast.ear
1,Educa05-ear-1.0-SNAPSHOT.ear
1,ComplexEarDeployerTest.ear
1,Venice-EAR-1.0.ear
1,jboss-kitchensink-ml-ear.ear
1,tibco.bwce.sample.http_1.0.0.ear
1,Enem-ear-1.0.ear
1,todolist_jdk7.ear
1,jmsapp.ear
1,wildfly-ejb-in-ear-ear.ear
1,opc.ear
1,ClinicApp.ear
1,AerolineaEE.ear
1,test-1.ear
1,BACMty.ear
1,mqlight_sample_backend_mdb.ear
1,bank.ear
1,wildfly-ejb-multi-server-app-main.ear
1,jboss-ejb-throws-exception.ear
1,zoeTest-ear-1.0-SNAPSHOT.ear
1,ProcessOperatorApp.ear
1,embedded-jee-ear.ear
1,UnaCloudWebPortal.ear
1,RADAAPP.ear
1,Auction-ear-1.0-SNAPSHOT.ear
1,illegally-nested-earR001.ear
1,simple-sample-app.ear
1,acs.ear
1,daytrader-ear-3.0.0.ear
1,jboss-ejb-multi-server-app-two.ear
1,jboss-ejb-multi-server-app-one.ear
1,test-ear-lib-in-classpath.ear
1,BookstoreEAR.ear
1,EarDeployerTest.ear
1,tc~sec~ume~logon~ui_stadlerEAR.ear
1,MyEJBShop.ear
1,fuffiR007.ear
1,blog.ear
1,wildfly-ejb-multi-server-app-two.ear
1,nda-0.9.024.ear
1,webschool-ear.ear
1,dummyR020.ear
1,wildfly-application-client.ear
1,todolist_jdk8.ear
1,jboss-app-client.ear
1,anotherearR777.ear
1,oracle.adf.desktopintegration.model.ear
1,daytrader-ear-2.2.1.ear
1,fuffiR001.ear
1,hotel_reservation_system.ear
1,Assignment2SE1068.ear
1,wildfly-wicket-ear-ear.ear
1,KOA.ear
1,AccessibilityWebsite2.ear
1,wildfly-ejb-multi-server-app-one.ear
1,opencrx-core-CRX.ear
1,OpenSPCoop2.ear
1,tc~sec~ume~logon~ui_sothisEAR.ear
1,stampshare.ear
1,uptEAR.ear
1,dcm4chee-web-ear-3.0.4-mysql.ear
1,wstestclient.ear
1,TP1CustomerApplication.ear
1,wildfly-kitchensink-ear-ear.ear
1,ejb-throws-exception-ear.ear
1,ajm_122013_v1.0.ear
1,BiblioEAR.ear
1,webApp.ear
1,Lab3-MueblesDeLosAlpes.ear
