81,TestRunner.hta
26,flash_setup.hta
14,test.hta
13,Wizard.hta
12,index.hta
11,install.hta
11,VNCTest.hta
10,RemoteRunner.hta
6,Start.hta
4,template.hta
4,app.hta
3,gsa_win_utility.hta
3,Crear_logo.hta
3,find-miktex.hta
3,wehaveoddjobs.hta
3,README.hta
2,testevents.hta
2,undbx.hta
2,_!!!_README_!!!_VBLSK_.hta
2,hostEdit.hta
2,Launcher.hta
2,compare.hta
2,default.hta
2,wb_launcher.hta
2,GenerateScriptnProJS.hta
2,make.hta
2,main.hta
2,AChoir.hta
2,MakeID.hta
2,Setup.hta
2,jinput.hta
2,resultado2.hta
2,ui.hta
2,_!!!_README_!!!_RUWSAJ_.hta
2,launchMenu.hta
1,split_nmea.hta
1,start_game_remotedb.hta
1,ChangeFileExtensions4Transfer.hta
1,BuildMp3Diags.hta
1,light.hta
1,AMCCS_1.101.hta
1,T1218.005.hta
1,GCode_Spherical_Bowl.hta
1,StartItems.hta
1,classified1.hta
1,nGen.hta
1,cmd.hta
1,connolly-extended-secure-v002_old.hta
1,KeyCode.hta
1,pig.hta
1,menuexample.hta
1,volusia.hta
1,GCode_Nut_Recess.hta
1,BatteryStatus.hta
1,commando.old.hta
1,print_sentence.hta
1,GI_Builder.hta
1,downloadexec2.hta
1,open_popup.hta
1,KS_Helper.hta
1,blank_32x32.hta
1,IconExtractor.hta
1,sample_dialog.hta
1,admin.hta
1,DAGFilterEditor.hta
1,dropper.hta
1,Sisulator.hta
1,todo.hta
1,GCode_Knock_in_Nut_Recess.hta
1,puttymassive.hta
1,nougakudo.hta
1,Territory Manager.hta
1,SystemAnalysis.hta
1,KS_Helper_Portable.hta
1,FidessaSimulated.hta
1,VBSApp.fixture.hta
1,print_tweets.hta
1,Erinnerung.hta
1,diff.hta
1,EZADScriptomatic.hta
1,greasyspoon.hta
1,UserInfo.hta
1,allTypes.hta
1,new.hta
1,VBSInterpreter.hta
1,RegistryClasses.hta
1,MovieBox.hta
1,PTK_PSD_Browser.hta
1,NidImport.hta
1,AnyFolder.hta
1,WindowsUpdatePauser.hta
1,view_example.hta
1,calc.hta
1,ScriptomaticV2.hta
1,uploader.hta
1,update.hta
1,PushPrep.hta
1,Dashboard.hta
1,.hta
1,fade.hta
1,_!!!_README_!!!_DT143CH_.hta
1,vmpr.hta
1,tifftodjvu.hta
1,kwyjibo.hta
1,clock.hta
1,PresentationSettings.hta
1,Illusion of Safety7.hta
1,RunAs.hta
1,holeb.hta
1,NDT_v312.hta
1,sandbox.hta
1,blank_256x256.hta
1,shawjenkins.hta
1,AppPack.hta
1,Party Timer.hta
1,Installer Compiler.hta
1,wotexx.hta
1,BarsSimulated.hta
1,recab.hta
1,handy.hta
1,RemoteShutdown.hta
1,home.hta
1,ppp3.hta
1,proxy.hta
1,pie.hta
1,downloadexec.hta
1,sample.hta
1,remoteuninstallutility.hta
1,PickMyMovie.hta
1,jelloapp.hta
1,myDriveApp.hta
1,HELP.hta
1,Revulex1.hta
1,Noname1.hta
1,aa.hta
1,SimulDOS.hta
1,WorldClock.hta
1,Pnglet.hta
1,cc.hta
1,commando.hta
1,batchFtpUpload.hta
1,ODDJOB_BUilder_v3.hta
1,Synth1_BankSetup.hta
1,commando_.hta
1,vesuvius-air.hta
1,WindowsTestTool.hta
1,wtlscriptgui.hta
1,mapdrive.hta
1,sender.hta
1,run_notepad.hta
1,AMCCS_150.82.hta
1,hta_helpomatic.hta
1,CreateSite.hta
1,hosts.hta
1,hello_filewsh_with_bootstrap3.hta
1,evil.hta
1,psdbnoz.hta
1,index-dbj-elm-2016-jan-22.hta
1,InstallPrinters.hta
1,hello_roots.hta
1,form.hta
1,autosms.hta
1,VisFI.hta
1,FinalConfig.hta
1,thebatchman.hta
1,triangulo1.hta
1,AUP.hta
1,bibduck.hta
1,DumpConfigurator.hta
1,MovieboxPlayer.hta
1,testhta.hta
1,GUID-Generator.hta
1,Configurer.hta
1,Fixer.hta
1,t-adicNAF.hta
1,MessageBox.hta
1,Convertidor de JSON.hta
1,LOG.hta
1,Revulex.hta
1,textbelter.hta
1,base64_test.hta
1,VSD_installer.hta
1,dl.hta
1,xhta.hta
1,samples.hta
1,HTML_EscapeCodes.hta
1,S_Analysis.hta
1,DDos_attacker.hta
1,Aledrez.hta
1,ordreliste_fag.hta
1,LoadingReport.hta
1,Executable Script File.hta
1,HardwareDetector.hta
1,titlebar.hta
1,ComponentEventExample.hta
1,takvim.hta
1,T_analysis.hta
1,PortableStarter.hta
1,wifi.hta
1,pop_mail.hta
1,GenerateScriptnSpecJS.hta
1,policy.hta
1,browsercheck.hta
1,CodeRender.hta
1,runsdk.hta
1,oscHta.hta
1,content_mover.hta
1,GCode_Conic_Spiral.hta
1,SpeechSynthesis.hta
1,colorpicker.hta
1,biorhythm.hta
1,jello5.hta
