11259,ft3000.img
11259,ft1000.img
1290,PLG298-F004.img
442,boot.img
390,PLG126-E029-PR1383035-DS4.3.5.1.16.img
344,initrd.img
197,dt.img
187,kernel.img
180,default_case.img
180,s390-ccw.img
132,floppy.img
116,header.img
115,a.img
85,c.img
74,core.img
70,dtb.img
57,lnxboot.img
57,test1.img
57,test2.img
57,diskboot.img
56,cramfs-little.img
56,cramfs-big.img
55,pxeboot.img
55,cdboot.img
51,linux-0.2.img
49,lzma_decompress.img
47,ramdisk.img
47,u-boot.img
46,landcover.img
43,fs.img
41,fake.img
40,freedos.img
39,xv6.img
38,ramfs64.img
37,test.img
36,disk.img
35,recovery.img
35,main.img
35,data.img
30,L0L55P1_1_11.img
30,gdb_module.img
29,kernel7.img
28,AllAreas_v18.img
28,latitude.img
28,longitude.img
28,AllAreas_v17.img
26,imagefile.img
26,modem.img
26,modem_1_3g_n.img
25,logo.img
24,duke-beerjpg.img
24,mbr-wholedisk-vfat.img
23,spmT_0001.img
22,pm.img
21,grubfloppy.img
20,modem_1_lwg_n.img
20,ramfs256.img
19,efi.img
19,PR1690629-s3320t_00000000_A208A.img
19,bs.img
18,image.img
18,sdcard.img
18,ramdisk-recovery.img
17,uefi-ntfs.img
17,userdata.img
17,fake-image.img
17,l2_flags.img
16,xhos.img
15,box-disk1.img
15,kernel8-32.img
15,deeplearning4j.img
14,random300.img
14,Test_suppress.img
14,Lightning_Ignition_Map.img
14,random110.img
14,random_point4_point5.img
14,ecoregions3.img
14,constantpoinzero8.img
14,mc13224v.img
14,kernel8.img
14,pc-boot.img
14,random50.img
14,random_point01_point5.img
14,random9000.img
14,random1294.img
14,constantpointzero4.img
14,pc-core.img
14,gphy_firmware.img
14,random145.img
14,randompoint01.img
14,random4500.img
14,constantpoint4.img
14,box.img
14,Accidental_Ignition_Map.img
14,random50_100.img
14,random9.img
14,topaz-linux.lzma.img
14,randompoint3.img
14,random150.img
14,grub.img
14,random_point05_point099.img
14,random6.img
14,constantpoint9.img
14,constantpoint75.img
14,random_point1_point2.img
14,randompoint009.img
14,randompoint2.img
13,i_ladder.img
13,i_arbiter.img
13,i_histo.img
13,cirros-0.3.2-x86_64-disk.img
13,i_nearest.img
13,haribote.img
13,i_plot.img
13,i_flow.img
13,grub-qemu.img
12,aboot.img
12,ramfs1024.img
12,L0L57P1_0_08.img
12,ramfs128.img
12,jffs2.img
12,Fedora-25.img
12,suppress3.img
12,SlaveFifoSync.img
12,helloos.img
12,ramfs512.img
12,C30_LU2020_01_00.img
12,redboot_ROM.img
12,redboot_RAM.img
12,ramfs2048.img
11,blank.img
11,ramfs8192.img
11,modem_1_wg_n.img
11,cirros-0.3.4-x86_64-disk.img
11,fd.img
11,gpt.img
10,rad_2.img
10,rad_1.img
10,romfs.img
10,Image1.img
10,armpid-eCos.img
10,armpid-redboot.img
10,frontend.img
10,v44k1q05.img
10,intfac.img
10,snapshots.img
10,ext2.img
10,armpid-cygmon.img
9,mbr.img
9,100singlecell.img
9,cirros-0.3.4-i386-disk.img
9,rootfs.img
9,eltorito.img
9,system.img
9,c-gif.img
9,hfsbootdata.img
9,genode.img
9,fat.img
9,dem_azimuth50_pa.img
8,hfs.img
8,iso2.img
8,dos.img
8,001-bad-file-extent-bytenr.img
8,cirros-0.5.2-x86_64-disk.img
8,abootvzw.img
8,ver1.img
8,intfac_differentOil.img
8,udf.img
8,abootatt.img
8,t00740_tr1_segm.img
8,test-libvirt-php.img
8,iso3.img
8,efiboot.img
8,iso.img
8,phantom.img
8,cplus.img
8,002-bad-transid.img
8,boot.8.img
8,fastboot.img
8,grub2-head.img
7,keyed_block_ref.img
7,ext2-enospc.img
7,shared_block_ref.img
7,abootATT.img
7,mask.img
7,m8boot.img
7,keyed_data_ref.img
7,ucore.img
7,Makefile.img
7,x64BareBonesImage.img
7,KONA-E036.img
7,m8bboot.img
7,vio.img
7,no_skinny_ref.img
7,boot_hybrid.img
7,HEXIWEAR_MK64_factory_settings.img
7,HEXIWEAR_KW40_factory_settings.img
7,snapcopy.img
7,m8recovery.img
7,m8brecovery.img
7,ahci.img
7,shared_data_ref.img
7,grubfloppy-hd0.img
7,no_inline_ref.img
6,L0L57P1_1_35.img
6,modem_1_tg_n.img
6,TM2429-001.img
6,View000_0000000.img
6,.img
6,redboot.img
6,README.img
6,harddisk.img
6,reflec_2.img
6,texture.img
6,aml_logo.img
6,orig-boot.img
6,incident_angle.img
6,grldr.img
6,Amplitude.img
6,fatfs.img
6,404.img
6,samples.img
6,slef.img
6,g2hdr.img
6,cloud_abundance.img
6,forrest_abundance.img
6,abootVZW.img
6,modem_1_ltg_n.img
6,bochs.img
6,slant_range_time.img
6,image1.img
6,ocean_abundance.img
6,initramfs.img
6,cygmon.img
6,image2.img
6,cropland_abundance.img
6,qcow2.img
6,reflec_1.img
6,dosgames.img
5,cirros-0.3.1-i386-disk.img
5,mx_logo.img
5,wl-stable-xmas-logo.img
5,e960_ramdisk.img
5,TM2561-001.img
5,odin070.img
5,uboot_n55u.img
5,noavatar.img
5,redboot2.img
5,wl-alpha-logo.img
5,uboot-spi-cd570-2wan-partition.img
5,wl-stable-logo.img
5,d-png.img
5,algal_2.img
5,cirros-0.3.1-x86_64-disk.img
5,uboot-spi.img
5,sun_azimuth.img
5,lon.img
5,uboot_n55u_b.img
5,uboot-spi-ar8316.img
5,TM2451-001.img
5,L0L53P1_1_14.img
5,fat12.img
5,sun_zenith.img
5,b-jpg.img
5,firadisk.img
5,dropped-snapshot.img
5,wl-alpha-xmas-logo.img
5,L0L55P1_1_05.img
5,recovery-ww-2.20.40.13.img
5,wl-beta-logo.img
5,wl-beta-xmas-logo.img
5,TM2450-000.img
5,radiance_1.img
5,lat.img
5,mo.img
5,redboot1.img
5,e-svg.img
5,l1_flags.img
5,fdboot.img
5,new_boot.img
5,addr_ramdisk.img
4,BPI-R2-HEAD1-512b.img
4,radiance_6.img
4,human_g1k_v37.20.2000000.3000000.img
4,smap.img
4,img2043_en.img
4,img2044_en.img
4,olga_4.img
4,img2036.img
4,cirros-0.3.2-i386-disk.img
4,disk2.img
4,secro.img
4,extent.img
4,f_select_en.img
4,olga_1.img
4,cl_width.img
4,pboot_fat12.img
4,BPI-R2-HEAD440-0k.img
4,radiance_3.img
4,gdos_ahn.img
4,map.img
4,crystal.img
4,xcontrol.img
4,stop.img
4,img.img
4,ecu1.img
4,radiance_11.img
4,fmt-383-signature-id-568.img
4,megt90n000cb.img
4,fenster_en.img
4,C30_LU2020_01_02.img
4,lon_corr.img
4,e_coli_k12_mini.fa.img
4,img2043.img
4,pipeline.img
4,saida.img
4,radiance_7.img
4,radiance_4.img
4,hilix.img
4,meta_3.img
4,cirros-0.3.3-x86_64-disk.img
4,radiance_10.img
4,radiance_8.img
4,radiance_14.img
4,x-fmt-159-signature-id-397.img
4,003-shift-offsets.img
4,drvuproc.img
4,img2035_en.img
4,fontinfo.img
4,olga_3.img
4,shared_data_ref_only.img
4,bubblegem.img
4,metafile.img
4,wr_modi_en.img
4,cl_width_en.img
4,anatomy3.img
4,anatomy2.img
4,hg19mini.fasta.img
4,C30_LU2020_01_03.img
4,lat_corr.img
4,1191601.img
4,img2040.img
4,BPI-R2-preloader-2k.img
4,common-boot.img
4,detector_index.img
4,sspicon_.img
4,info.img
4,radiance_13.img
4,img2039.img
4,stage2.img
4,atm_press.img
4,dem_alt.img
4,marker.img
4,radiance_2.img
4,single_cell_3.img
4,default.img
4,f_select.img
4,ozone.img
4,view_azimuth.img
4,radiance_15.img
4,L0L57P1_1_49.img
4,004-no-dir-index.img
4,floppybird.img
4,img2038.img
4,linien.img
4,rel_hum.img
4,radiance_5.img
4,human_g1k_v37.20.21.fasta.img
4,005-bad-item-offset.img
4,ttylinux.img
4,dwarf.img
4,muster.img
4,xcontrol_en.img
4,sony-boot.img
4,newboot.img
4,ref.fa.img
4,img2042.img
4,C30_LU2020_01_01.img
4,radiance_9.img
4,raster_en.img
4,cirros-0.3.5-x86_64-disk.img
4,img2045.img
4,drv_udev.img
4,frage.img
4,mtk-boot.img
4,linux.img
4,boot_new.img
4,rufen.img
4,qcom-boot.img
4,box_0b_vs_1b.img
4,tpa_en.img
4,koords_en.img
4,olga_2.img
4,img2034.img
4,baremetal_bootloader_kernel.img
4,filesys.img
4,img2037_en.img
4,img2041.img
4,img2034_en.img
4,anatomy4.img
4,view_zenith.img
4,wr_modi.img
4,img2037.img
4,Dummy-Data_0000000.img
4,hdd.img
4,taskman_en.img
4,img2041_en.img
4,img2040_en.img
4,img2035.img
4,stockboot.img
4,hd.img
4,merid_wind.img
4,radiance_12.img
4,fontinfo_en.img
4,openwrt-brcm2708-sdcard-vfat-ext4.img
4,drv_u.img
4,reference.img
4,bbkimos.img
4,common-v1-boot.img
4,floppy_raw.img
4,extent_en.img
4,tpa.img
4,anatomy1.img
4,BPI-R2-EMMC-boot0-0K-0905.img
4,zonal_wind.img
4,img2045_en.img
4,aligment.img
4,raster.img
4,dir.img
4,fenster.img
4,img2044.img
4,koords.img
4,taskman.img
4,dem_rough.img
4,hello.img
4,img2042_en.img
3,hadoop.one.img
3,Yaesu_FT-817ND.img
3,QHY294.img
3,edb7211_redboot.img
3,k.img
3,stvmx-bootloader.img
3,Yaesu_VX-3.img
3,csf.img
3,QHY2020.img
3,redboot_RAM-BE.img
3,hppa-firmware.img
3,Icom_ID-31A.img
3,Yaesu_FT-7800_7900.img
3,TM2429-7020.img
3,rVisual_lateral_corr.img
3,tutorail1.img
3,floppya.img
3,offset_by_one.img
3,keyed_data_ref_with_shared_leaf.img
3,inline_regular_coexist.img
3,redboot_ROMRAM.img
3,droidbox_logo.img
3,H1_LG4945_0.01.img
3,qcdt-boot.img
3,boot_stock.img
3,Yaesu_VX-2.img
3,Icom_IC-2100H.img
3,rECN_L_corr.img
3,Transm.img
3,template.img
3,cherry_synaptics_CHRYH_YASSY.img
3,s3d.img
3,kvmvapic.img
3,scalaris-wiki.one.img
3,Yaesu_FT-2800M.img
3,Yaesu_FTM-350.img
3,Yaesu_FT-1802M.img
3,Yaesu_FT-8900.img
3,T2.img
3,sdn-favicon.img
3,utmsmall.img
3,avg152T1_brain.img
3,TYT_TH-UV3R.img
3,Icom_IC-T70.img
3,T1.img
3,QHY5III224.img
3,keyed_data_ref_with_reloc_leaf.img
3,QHY183.img
3,QHY6060.img
3,avg152T1_gray.img
3,Kenwood_TK-8102.img
3,SPECT.img
3,avg152PD.img
3,disk_8_partitions.img
3,QHY367.img
3,raspberrypi.img
3,ref_count_mismatch_false_alert.img
3,Icom_IC-2720H.img
3,Yaesu_FT-60.img
3,rAuditory_corr.img
3,qgroup_corrupted.img
3,Icom_IC-V82_U82.img
3,Wouxun_KG-818.img
3,Puxing_PX-2R.img
3,icbm_template_2.00mm.img
3,twrp.img
3,abooteur_lte.img
3,avg152T1_white.img
3,Wouxun_KG-UV6.img
3,Yaesu_VX-7.img
3,Baofeng_F-11.img
3,avg305T1.img
3,ELSA_LG4945_0.01.img
3,QHY5III185.img
3,Baofeng_UV-5R.img
3,edgeplus_synaptics.img
3,initrd0.img
3,knee.img
3,abooteur_3g.img
3,chm_synaptics_SHNHW_lensone.img
3,white.img
3,L0L55P1_1_04.img
3,nullBoot.img
3,cherry_synaptics_CHRYH_oflim.img
3,diskette.img
3,Vertex_Standard_VXA-700.img
3,Yaesu_FT-857_897.img
3,Baofeng_UV-B5.img
3,rDMN_corr.img
3,1.img
3,cdkboot.img
3,k1.img
3,Yaesu_VX-6.img
3,Yaesu_FT-8800.img
3,rVisual_occipital_corr.img
3,ext4.img
3,recovery-WW-3.23.40.52.img
3,cirros-0.3.3-i386-disk.img
3,QHY42.img
3,no_rescan_kicked_in.img
3,prog_flash_BE_image_LE_system.img
3,redboot_ROM_40.img
3,Icom_ID-800H_v2.img
3,gray.img
3,brainmask.img
3,plpbt.img
3,spiffs_image.img
3,kernel-boot.img
3,Ogre.img
3,disk1.img
3,edb7212_redboot.img
3,multiboot.img
3,scalaris.one.img
3,EPI.img
3,filT1.img
3,QHY224.img
3,PARDg5GM.img
3,pid9_cygmon.img
3,v850flash.img
3,fat32.img
3,linuxboot.img
3,s390-netboot.img
3,Yaesu_FT-857_897_US.img
3,Icom_IC-2200H.img
3,grace_synaptics_S3320_jdi.img
3,chm_synaptics_SHNHW_oflim.img
3,Homo_sapiens_assembly38.20.21.fasta.img
3,edb7211_cygmon.img
3,droidtv_logo.img
3,Icom_ID-880H.img
3,Kenwood_TH-D72_clone_mode.img
3,irt_core.img
3,QHY5III174.img
3,QHY247.img
3,normal-boot.img
3,chm_synaptics_SHNHW_truly.img
3,redboot_ROM-BE.img
3,squashfs.img
3,Alinco_DJ175.img
3,rSalience_corr.img
3,rVisual_medial_corr.img
3,PD.img
3,kernel_emergency.img
3,mtk-v1-boot.img
3,QHY5III290.img
3,bootloader.img
3,dos_mbr.img
3,example.img
3,Polmar_DB-50M.img
3,appfs.img
3,QHY42PRO.img
3,lena.img
3,edb7212_redboot_ROM.img
3,install.img
3,reslice4.img
3,L0L55P1_1_03.img
3,QHY290.img
3,QHY4040.img
3,dav_synaptics_S3320_jdi.img
3,carrera_synaptics_S3718_samsung.img
3,theaterinabox_logo.img
3,stvmx-g02_recovery.img
3,Icom_IC-T8A.img
3,Icom_IC-208H.img
3,Yaesu_FT-817ND_US.img
3,TYT_TH-UVF1.img
3,FT8xx6_Pramboot_Vx.x_xxxx.img
3,edb7211_gdb_module.img
3,jynxbox_logo.img
3,Yaesu_FT-817.img
3,car.img
3,QHY178.img
3,plk_synaptics_S3320_jdi.img
3,no_extent_bad_dev.img
3,prog_flash.img
3,jynxboxm6_logo.img
3,topmediabox_logo.img
3,Wouxun_KG-UVD1P.img
3,Baofeng_BF-888.img
3,Wouxun_KG-816.img
3,Yaesu_VX-5.img
3,Jetstream_JT220M.img
3,rECN_R_corr.img
3,avg152T1.img
3,PET.img
3,reslice1.img
3,n61w150.img
3,QHY128.img
3,edb7212_gdb_module.img
3,Puxing_PX-777.img
3,rSensorimotor_corr.img
3,reduce.img
3,vera.img
3,Grayscale.img
3,keyed_data_ref_only.img
3,Alinco_DJ596.img
3,rCerebellum_corr.img
3,reslice2.img
3,cherry_synaptics_CHRYH_GIS.img
3,FT_Upgrade_App.img
3,L0L53P1_1_22.img
3,sophia_synaptics.img
3,avg152T2.img
3,reslice3.img
3,QHY168.img
3,QHY174.img
3,QHY165.img
3,extent_data_ref.img
3,gdb_module-revC.img
3,Icom_IC-W32A.img
3,Icom_IC-Q7A.img
3,Icom_IC-2820H.img
3,atlas.img
3,QHY5III178.img
3,basic.img
3,edb7212_cygmon.img
3,edb7211_redboot_ROM.img
3,Icom_IC-T7H.img
3,QHY163.img
3,ipl.img
3,avg152T1_csf.img
3,pidBE_gdb_module.img
3,redboot_RAM_40.img
3,Alinco_DR235T.img
3,single_subj_T1.img
3,QHY550.img
3,Baofeng_UV-3R.img
3,Mew.img
3,elev_1k_wgs.img
2,empty.img
2,hi_oa_2005_ccap_land_cover.img
2,float32.img
2,singlecell_2point62.img
2,slope.img
2,drain_cont.img
2,AtmosN_Clip.img
2,teste.img
2,smri_iskull.img
2,status_attach.img
2,status_unread_spam.img
2,unsupported-format.img
2,BTECH_UV-25X2.img
2,dts.img
2,mean_calculation.img
2,base.img
2,uint32.img
2,1469183_btn.img
2,fire_new.img
2,cache.img
2,Cat2.img
2,prefs_receive.img
2,images.img
2,smily_smile.img
2,Copy.img
2,fM00223_043.img
2,fM00223_087.img
2,fM00223_008.img
2,fM00223_031.img
2,hc.img
2,geico.img
2,Leixen_VV-898.img
2,KYD_NC-630A.img
2,boot_nexus7_JWR66Y_kprobes.img
2,byte.img
2,PercentSand.img
2,AtmosNinter.img
2,SOM3N_dummy.img
2,MinrlN.img
2,Filter.img
2,prefs_spam.img
2,status_old_partial.img
2,Delete.img
2,prefs_read.img
2,status_download.img
2,fM00223_048.img
2,fM00223_071.img
2,fM00223_096.img
2,voice.img
2,dummy_storage.img
2,zds-dbase-01.img
2,zds-dos-prome1-01.img
2,p_n.img
2,int16.img
2,goodknownworkingboot.img
2,BaseFFrac.img
2,singlecell_0.img
2,wifly7-441.img
2,wifly7-400.img
2,kkavanaanand.img
2,MailDelete.img
2,folder_outgoing.img
2,fM00223_007.img
2,fM00223_017.img
2,boots6ep.img
2,floppy-3.img
2,floppy-2.img
2,cirros-0.3.0-x86_64-disk.img
2,k6_biel_d2b.img
2,Yaesu_VX-8R.img
2,Feidaxin_FD-268A.img
2,Retevis_RT23.img
2,vm696_zv5_stock_boot.img
2,DecayRateSOM2.img
2,bvs.img
2,sblink.img
2,foo.img
2,dsx_tpk_3039.img
2,dsx_tpk_3038.img
2,imgfile.none.img
2,17490_bin4_500-2000_bgstow_goodreg.img
2,AddAttachment.img
2,AttachmentList.img
2,fM00223_085.img
2,fM00223_097.img
2,fM00223_044.img
2,urls.img
2,horseshoe2_20110623_barc256_alb.img
2,BTECH_UV-5X3.img
2,WACCOM_MINI-8900.img
2,mini-os.img
2,hi_hi_2005_ccap_land_cover.img
2,DenitrifRate.img
2,c2smri.img
2,dsx_ecw_3037.img
2,status_norcpt.img
2,status_sent.img
2,status_unread_partial.img
2,littleendian.img
2,fM00223_042.img
2,fM00223_011.img
2,BLANK.img
2,h30l_synaptics_oflim.img
2,input.img
2,AnyTone_OBLTR-8R.img
2,extract_system.img
2,upgrade.img
2,dab-wufs.img
2,hi_ka_2005_ccap_land_cover.img
2,Commodore-C64-Chargen.img
2,SMS_peripheral1.img
2,ecoregions5_2.img
2,init-comm.img
2,ramdisk-uboot.img
2,noip_1_0.img
2,010-no-dir-item-or-index.img
2,splash-f2a-parallel-ilinker.img
2,Footman.img
2,MailForward.img
2,status_new_partial.img
2,MailNew.img
2,fM00223_092.img
2,wideband-voice.img
2,a10.img
2,zds-cpm2-01.img
2,zds-mbasic-01.img
2,fat16.img
2,k6_biel.img
2,BTECH_GMRS-V1.img
2,Kenwood_TK-760G.img
2,Feidaxin_FD-268B.img
2,tos-debug.img
2,shapes.img
2,custom.img
2,Floppy - Grub.img
2,Tree2.img
2,SpamIsolate.img
2,smily_laugh.img
2,status_new.img
2,fM00223_050.img
2,pmean_all.img
2,BTECH_UV-5001.img
2,uimage.img
2,Master 512 Disc 3 (GEM data).img
2,PR1593801-s3203_n_dsx8232_TTOUCH.img
2,angstrom-x11-image-20090201.ubi.img
2,mulswav_16_2.img
2,smri.img
2,009-bad-dir-index-name.img
2,FilterEdit.img
2,Redo.img
2,ramdisk.cpio.img
2,windows101.img
2,KYD_IP-620.img
2,recovery_twrp_mm.img
2,mini-os-2.img
2,uint16.img
2,singlecell_point16.img
2,DrainSlope.img
2,c3smri.img
2,userdata-qemu.img
2,fpkmgr_1_0.img
2,Catapult.img
2,MailMove.img
2,bigendian.img
2,fM00223_025.img
2,fM00223_063.img
2,fM00223_021.img
2,fM00223_072.img
2,fM00223_056.img
2,fM00223_058.img
2,zds-dos-dos1-01.img
2,upperayres_20110929_barc256_alb.img
2,highpark_barc4.img
2,Puxing_PX-888K.img
2,BTECH_UV-50X3.img
2,Icom_IC-P7.img
2,tos.img
2,heddle.img
2,slice.img
2,radio.img
2,singlecell_7point88.img
2,extplorer_1_0.img
2,dummy_1_1.img
2,czo_1m_bt1.img
2,i-boot-cerf-board-pxa250_1.7-lite.img
2,bios_settings.img
2,Archer.img
2,qemu_disk.img
2,folder_deleted.img
2,raspbian.img
2,fM00223_054.img
2,filemode_000_ramdisk.img
2,stereo-music.img
2,zds-dos-prome3-01.img
2,BTECH_UV-2501+220.img
2,bios.img
2,blink.img
2,rampatch_tlv.img
2,initramfs-linux-fallback.img
2,hilix-harddisk.img
2,singlecell_ecoregions_s3e1.img
2,status_forward.img
2,Group.img
2,fM00223_038.img
2,wideband-stereo.img
2,pxekboot.img
2,dtmean8_12.img
2,Icom_IC-W32E.img
2,Alinco_DJ-G7EG.img
2,Icom_ID-51.img
2,QYT_KT7900D.img
2,BTECH_UV-25X4.img
2,sys.img
2,cues.img
2,plpbtin.img
2,2bit_compressed.img
2,uefi-togo.img
2,resource.img
2,singlecell_441point4.img
2,singlecell_70.img
2,g2ldr.img
2,Print.img
2,fM00223_041.img
2,fM00223_074.img
2,fM00223_015.img
2,fM00223_009.img
2,fM00223_077.img
2,zds-clifo-01.img
2,L0L53P1_1_16.img
2,Yaesu_VX-8DR.img
2,minix.img
2,singlecell_point4.img
2,SOM2C_dummy.img
2,RR_rCT.img
2,edison-config.img
2,dem.img
2,Map.img
2,status_reply.img
2,Paste.img
2,status_old.img
2,MorphOS_startup.img
2,fM00223_070.img
2,fM00223_073.img
2,root_shield.img
2,zds-dos-dos1-02.img
2,Bushido Blade.img
2,orig_fat.img
2,alert_bomb.img
2,TYT_TH9000_144.img
2,Radtel_T18.img
2,Master 512 Disc 2 (GEM).img
2,PR1624204_s3508_r_9010.img
2,PR1593801-s3203_n_dsx8232_JTOUCH.img
2,boot_nexus4_KOT49H_kprobes.img
2,smcwm.img
2,latest.img
2,LTW_SOM2N.img
2,AtmosN.img
2,Latitude.img
2,SOM2N_dummy.img
2,rJT2_CT.img
2,Image2.img
2,fM00223_069.img
2,fM00223_005.img
2,fM00223_019.img
2,fM00223_028.img
2,fM00223_081.img
2,zds-dos-game1-01.img
2,htcboot.img
2,LUITON_LT-725UV.img
2,rigid-disk-block.img
2,mft0.img
2,init.img
2,mtwrp.img
2,float64.img
2,depth_cont.img
2,aster.img
2,Foot2.img
2,MailsFetch.img
2,SpamCheck.img
2,MailRead.img
2,status_error.img
2,folder_sent.img
2,smily_weird.img
2,fM00223_047.img
2,fM00223_006.img
2,zds-dos-word1-01.img
2,Icom_ID-51_Plus.img
2,test_ms.img
2,Miniboot.img
2,second.img
2,PR1479246-S3202_SYNAPTICS.img
2,DecayRateSurf.img
2,DecayRateSOM1.img
2,cirros.img
2,loader.img
2,boot-ww-2.20.40.13.img
2,status_crypt.img
2,Undo.img
2,smily_cry.img
2,fM00223_035.img
2,fM00223_076.img
2,fM00223_030.img
2,fM00223_029.img
2,fM00223_051.img
2,zds-dos-util1-02.img
2,zds-dos-util1-01.img
2,zds-util-01.img
2,atlas71.img
2,tmax8.img
2,dummy.img
2,Retevis_RT22.img
2,spm2_single_subj_T1_scalped.img
2,dsx_tpk_3036.img
2,LudOS.img
2,recovery_60.img
2,status_urgent.img
2,smily_neutral.img
2,MorphOS_shutdown.img
2,prefs_readplain.img
2,fM00223_098.img
2,fM00223_057.img
2,k6_ofilm.img
2,AnyTone_TERMN-8R.img
2,Yaesu_FT-1D_R.img
2,Leixen_VV-898S.img
2,Baofeng_UV-6R.img
2,demo_tos.img
2,pr_landcover_wimperv_10-28-08_se5.img
2,singlecell_point3.img
2,singlecell_1point55.img
2,fire_new_456.img
2,WiltPoint.img
2,SoilDepth.img
2,boot-bestmjh47.img
2,hd-grub.img
2,18703_bin4_500-2000_bgstow_goodreg.img
2,initramfs-linux.img
2,prefs_signature.img
2,folder_group.img
2,Addressbook.img
2,prefs_main.img
2,fM00223_066.img
2,fM00223_084.img
2,fM00223_036.img
2,fM00223_091.img
2,disk144.img
2,int_cnl_euc.img
2,alert_system.img
2,Kenwood_TK-272G.img
2,BTECH_UV-50X2.img
2,TDXone_TD-Q8A.img
2,int32.img
2,singlecell_point9.img
2,SOM1Nsurf_dummy.img
2,smile.img
2,17170_bin4_500-2000_bgstow_goodreg.img
2,splash-f2a-usb-linker-gundam.img
2,sdes-memorystick.img
2,shutdown.img
2,fM00223_093.img
2,fM00223_004.img
2,fM00223_088.img
2,zds-cpm-04.img
2,QYT_KT8900D.img
2,floppy2.img
2,hi_ni_2005_ccap_land_cover.img
2,cirros-0.3.5-i386-disk.img
2,DecayRateSOM3.img
2,LTW_SOM1soilN.img
2,PercentClay.img
2,singlecell_point1.img
2,singlecell_139point7.img
2,smri_cortex.img
2,boot_60.img
2,Search.img
2,MailModify.img
2,smily_undecided.img
2,fM00223_079.img
2,zds-dos-prome2-01.img
2,wheezy.img
2,atos.img
2,user-icon.img
2,SOM1Csoil_dummy.img
2,singlecell_31point5.img
2,baymax.img
2,Z.img
2,Save.img
2,status_new_spam.img
2,MailNext.img
2,dreamos.img
2,fM00223_010.img
2,fM00223_090.img
2,hifi-voice.img
2,root_tn7.img
2,zds-dbase-02.img
2,atlas116.img
2,LC80920842016180LGN01.fmask.img
2,kernel-rpi1_install.img
2,Yaesu_FT-2900R_1900R.img
2,singlecell_315point3.img
2,LTW_SOC.img
2,ICval10_TM.img
2,LTW_SOM1surfN.img
2,008-bad-offset-snapshots.img
2,floppy-cfg.img
2,Rock.img
2,Fort.img
2,folder_incoming.img
2,fM00223_068.img
2,fM00223_037.img
2,fM00223_023.img
2,fM00223_075.img
2,zds-dos-dlook1-01.img
2,zds-cpm1-01.img
2,smaguluri.img
2,TYT_TH-UV3R-25.img
2,pboot.img
2,pixel_classif_flags.img
2,history.img
2,80m.img
2,openwrt-gm812x-squashfs.img
2,SOM1Csurf_dummy.img
2,Tree.img
2,folder_other.img
2,Config.img
2,MailsSend.img
2,status_group.img
2,status_reply_partial.img
2,fM00223_082.img
2,fM00223_052.img
2,fM00223_094.img
2,Mask.img
2,zds-cpm-03.img
2,zds-pgb-01.img
2,isynax.img
2,newBoot.img
2,TYT_TH-7800.img
2,Yaesu_FT-50.img
2,globe2.img
2,boot_nexus5_LMY48B_kprobes.img
2,atlas_labels_combined.img
2,init_comm.img
2,StormFFrac.img
2,singlecell_point56.img
2,ecoregions5.img
2,NsoilSOM1_dummy.img
2,deadpool.img
2,2.img
2,extras_0_3.img
2,dsx_tpk_3037.img
2,EX3-update-zImage-uboot.img
2,Wall.img
2,smily_sad.img
2,prefs_readhtml.img
2,smily_crazy.img
2,MailGetAddress.img
2,fM00223_032.img
2,fM00223_053.img
2,fM00223_012.img
2,fM00223_089.img
2,fM00223_083.img
2,fM00223_080.img
2,zds-cpm-02.img
2,atlas90.img
2,RIM_SBS_final_10m.img
2,gt_dem.img
2,HDD.img
2,uboot128.img
2,a4.img
2,diffAvg_0_16.img
2,hi_maui_county_2005_ccap_land_cover.img
2,LTW_SOM3N.img
2,onecell_ID3.img
2,FieldCap.img
2,singlecell_8point8.img
2,twonky7_1_0.img
2,dsx_ecw_3034.img
2,dsx_ecw_3040.img
2,ulixboot.img
2,folder_spam.img
2,fM00223_095.img
2,fM00223_033.img
2,fM00223_099.img
2,freedos722.img
2,k6_laibao.img
2,boot_nexusS_GRK39F_kprobes.img
2,SOM3C_dummy.img
2,dsx_ecw_3039.img
2,status_waitsend.img
2,prefs_phrase.img
2,fM00223_065.img
2,fM00223_045.img
2,fM00223_022.img
2,fM00223_039.img
2,fM00223_061.img
2,tripod_20060911_barc4_alb.img
2,TYT_TH-9800.img
2,stock_recovery_mm.img
2,mini-os-1.img
2,AWARD_ATARI_PC_BIOS_3.08.img
2,cirros-0.3.1-x86_64-blank.img
2,aws_cont.img
2,os.img
2,012-no-inode-item.img
2,5786_bin4_500-2000_bgstow_goodreg.img
2,MailReply.img
2,prefs_write.img
2,smily_uhoh.img
2,Edit.img
2,fM00223_067.img
2,fM00223_040.img
2,fM00223_064.img
2,fM00223_027.img
2,fM00223_086.img
2,zds-dos-dos2-01.img
2,Retevis_RT21.img
2,eecs343.img
2,minixdata.img
2,pytellapic.img
2,Ogre2.img
2,Sign.img
2,smily_angry.img
2,fM00223_060.img
2,fM00223_059.img
2,bootn5.img
2,h30l_synaptics_truly.img
2,Yaesu_VX-8GE.img
2,stock_boot_mm.img
2,Master 512 Disc 1 (DOS Plus Boot).img
2,boot_nexus5_LRX22C_kprobes.img
2,kyloren.img
2,c1smri.img
2,dsx_tpk_3035.img
2,Skirm2.img
2,Archer2.img
2,status_trashcan.img
2,status_unread.img
2,smily_cool.img
2,startup.img
2,Cut.img
2,fM00223_055.img
2,fM00223_026.img
2,colin_1mm.img
2,cirros-0.3.0-i386-disk.img
2,atlas86.img
2,atlas84.img
2,bl31.img
2,tmean_all.img
2,Icom_IC-2300H.img
2,Yaesu_FTM-3200D_R.img
2,Jetstream_JT270MH.img
2,Fx3Firmware.img
2,singlec_eco_TM.img
2,singlecell_100.img
2,recovery-philz.img
2,dsx_ecw_3036.img
2,colin180.img
2,MailSave.img
2,smily_winky.img
2,smily_kiss.img
2,Encrypt.img
2,status_signed.img
2,fM00223_013.img
2,fM00223_034.img
2,fM00223_046.img
2,zds-mbasic-02.img
2,Atlas69.img
2,Jetstream_JT270M.img
2,L0L57P1_1_50.img
2,detector1_2.img
2,splash.img
2,upslope.img
2,18702_bin4_500-2000_bgstow_goodreg.img
2,House.img
2,Skirmish.img
2,User.img
2,prefs_account.img
2,MailPrev.img
2,fM00223_014.img
2,fM00223_016.img
2,fM00223_078.img
2,fM00223_018.img
2,grub-boot-only.img
2,initfs.img
2,Yaesu_FT2D_R.img
2,Baojie_BJ-9900.img
2,Master 512 Disc 4 (Miscellaneous).img
2,a5.img
2,singlecell_point24.img
2,smri_scalp.img
2,dsx_ecw_3041.img
2,011-no-rootdir-inode-item.img
2,100m.img
2,smily_nyha.img
2,status_mark.img
2,status_hold.img
2,fM00223_020.img
2,fM00223_049.img
2,fM00223_062.img
2,fM00223_024.img
2,floppy-1.img
2,zds-dbase1-01.img
2,zds-cpm2-02.img
2,school_082505_barc256_alb.img
2,kernel-rpi2_install.img
2,Wouxun_KG-UV8D.img
2,Feidaxin_FD-288B.img
1,sp.img
1,smallaster.img
1,image_indirect.img
1,QHY294PRO.img
1,QHY128PRO.img
1,spm2_single_subj_T1.img
1,remi_mean_T2.img
1,RVM_mask.img
1,Dos5.0.img
1,boot_3-0-61.img
1,img3.img
1,mbr_master.img
1,overworld_fg.img
1,bootable2.img
1,fdata.001.002.00005.img
1,zero.img
1,logo_smallTBS.img
1,logo_smallQRR.img
1,logo_smallNSB.img
1,art_mask.img
1,WS4.img
1,GAMES1.img
1,ProjectBar_Left.img
1,ddl.img
1,espfs.img
1,sampleroi.img
1,stmf051-sysmem.img
1,mask_3.img
1,landuse-4.img
1,Kenwood_TS-480_CloneMode.img
1,Resistance_map1.img
1,oCam-1MGN-U-T-R2006.img
1,dat-prop008.img
1,dat-prop034.img
1,bq-E4_5-ubuntu-recovery.img
1,XLIMG.img
1,sfsimg.img
1,drive.img
1,IMG000AA9.img
1,IMG005FF1.img
1,IMGRAND19.img
1,EvilZB014.img
1,konnected-filesystem-0x100000-2-3-3.img
1,titan_fis_rb_20160308.img
1,fuzix.img
1,ptable-fedora.img
1,kernel_SNAPPY_ZRAM.img
1,u-boot-overo.img
1,extra_input_09.img
1,extra_ref_05.img
1,ref_07.img
1,input_10.img
1,tiki0034.img
1,tiki0086.img
1,tiki0010.img
1,u-boot-env.img
1,twrp-prebuilt-kernel.img
1,dem10.img
1,intro_talan.img
1,clear_water_count.img
1,canonical_white_matter.img
1,floppy5.img
1,floppy1+rt11.img
1,img4.img
1,recovery-twrp.img
1,gnss-soc-es6-data.img
1,ConsoleKit.img
1,1253Dump.img
1,fdata.002.001.00003.img
1,emptyfloppy.img
1,vmox.img
1,startup_fw_update.img
1,9-misc.img
1,logo_smallLFR.img
1,Projects.img
1,bkdmos.img
1,bootdisk.img
1,wifly7-223.img
1,endmembers.img
1,santeeband4subset.img
1,nfdata.img
1,zdos31-diag.img
1,landuse-9.img
1,ColorOS-1.0.2i-Beta-11-04-13_09:30.img
1,hda.img
1,node 1.img
1,Evil122A001.img
1,Wouxun_KG-UV9D_Plus.img
1,TYT_TH-350.img
1,storage.img
1,oCam-1CGN-U-R1903.img
1,dat-prop012.img
1,head_ct_8bit_32x32x32.img
1,pkzd.img
1,flash.img
1,bootB001.img
1,virtMan.img
1,imgn32w107_1.img
1,initramfs_4.4.0-rc1-ARCH.img
1,simon.img
1,tiki0018.img
1,tiki0040.img
1,tiki0023.img
1,tiki0082.img
1,spm2_image.img
1,touch_module_id_0x16.img
1,twrp-3.1.1-0-condor.img
1,newboot2.img
1,modem_3_3g_n.img
1,vegetation_index_mean.img
1,custom5.img
1,QHY410.img
1,QHY5III485.img
1,spm2_brainstem.img
1,con_00810012.img
1,boot-e100.img
1,progressBarEdge.img
1,rpi_boot.img
1,Dos6.0.img
1,selene.img
1,twrp-z5-sbinsh.img
1,characters.img
1,core64.img
1,1253HDump.img
1,fdata.003.001.00001.img
1,fdata.001.001.00005.img
1,fdata.003.003.00001.img
1,logo_small802.img
1,logo_smallFMT.img
1,path11.img
1,AZTEC_C.img
1,Z80DOS1.img
1,imageMagick_BLK.BMP.img
1,boot_signed.img
1,setup.img
1,stock.img
1,basfigmon.img
1,oCam-2WRS-U_R1901.img
1,dat-prop047.img
1,dat-prop038.img
1,IMG004A9F.img
1,bootA006s2w.img
1,sans.img
1,fs-0x00dcc605-ext2-10240.img
1,hexing89_we_jb2_ramdisk.img
1,pulse_sequence_macros.xml.img
1,root-0.97.img
1,extra_input_03.img
1,tiki0094.img
1,tiki0054.img
1,rdiskimg.img
1,aot_flags.img
1,boot-4.img
1,twrp-3.2.1-0-cancro-20171212-themed.img
1,small1bit.img
1,ext2 - Copy.img
1,partdb.img
1,sr_4_uncertainty.img
1,kernel14.img
1,QHY600-9267-1203.img
1,con_00810026.img
1,floppy1.img
1,initramfs-5.4.7-100.fc30.x86_64.img
1,initramfs-310-x86_64-fallback.img
1,gnss-soc-es6.img
1,boot-pac-kk.img
1,cirros-0.3.3-x86_64-rootfs-non_ec2.img
1,7-boot.img
1,5-aboot.img
1,78-recovery.img
1,my-cloudinit_1.img
1,base_256b_inodes.img
1,EastSppComp.img
1,zds-cpm2-03.img
1,cpm-try1-3740.img
1,Icom_ID-51A.img
1,wa1444_WML.img
1,g3g-jffs2.img
1,Abner Llerena Picture.img
1,fd3.img
1,fd1.img
1,stockkk.img
1,lifter2.img
1,oCam-1MGN-U_R1709_170925.img
1,oCam-5CRO-U-M_R1907_Win7.img
1,dat-prop010.img
1,IMG00AA90.img
1,IMG006A9A.img
1,IMGRAND11.img
1,dsos.img
1,22src1.img
1,row.img
1,restore-gnu.img
1,input_02.img
1,extra_input_10.img
1,hisi-fastboot.img
1,test disk.img
1,MR-head.Coronal.img
1,tiki0015.img
1,tiki0072.img
1,intro_bg.img
1,jewelbag_closed.img
1,griz_exist_cum_curmap.img
1,boot2.img
1,BATTERY_INFO_SAMB11_XPLAINED_PRO1.img
1,fsm_cust_df_3_3g_n.img
1,custom9.img
1,lateral_orbitofrontal.img
1,kk6abq-dm1801-bay-area.img
1,SLJ.img
1,bootloader-crespo-i9020xxlc2.img
1,AV45ROI.4dfp.img
1,fdata.003.002.00005.img
1,raspberrypi-os2.img
1,logo_smallFMO.img
1,zcpr3-20060624.img
1,Compiler.img
1,boot-4.5.0-stock.img
1,L0L53P1_1_08.img
1,m75_ramdisk.img
1,landuse-3.img
1,Yaesu_FT-450D.img
1,coast_dist.img
1,shadow.img
1,oCam-1CGN-U-T_R2101.img
1,oCam-1CGN-U_R1705_170428.img
1,dat-prop039.img
1,dat-prop046.img
1,archlinux-2017.08.01-x86_64.img
1,boot_with_diag.img
1,LC.img
1,floppy_base.img
1,IMG00FFD8.img
1,IMG00953E.img
1,IMG000000.img
1,IMG002AA4.img
1,boota004.img
1,bootA007s2wmdj.img
1,20141104-ftrace-stable-boot.img
1,laf.img
1,test_hdd.img
1,tiki0056.img
1,tiki0035.img
1,tiki0058.img
1,touch_module_id_0x12.img
1,touch_module_id_0x11.img
1,boot-g920f.img
1,kickstarter_disk_image.img
1,custom17.img
1,spm2_hipp.img
1,doq1.img
1,newboot123.img
1,progressBarBackground.img
1,ram.img
1,boot-3.23.40.60.img
1,PIOMAS_Mask.img
1,fdata.002.003.00005.img
1,fdata.002.003.00002.img
1,startup_fw_update_txd.img
1,GTstock.img
1,path2.img
1,01.img
1,boots6etmo.img
1,NEDB2.img
1,HTECH.img
1,setenv_poly_tx48.img
1,imgGoPro64go.img
1,lpm3.img
1,nifti_testData.img
1,aboot-E6782.img
1,mask_2.img
1,radiance_17.img
1,floppy_with_testing_files.img
1,mc1.img
1,landuse-10.img
1,landuse-7.img
1,f_holedir3.img
1,oCam-1CGN-U_R1803_180404.img
1,dat-prop049.img
1,dat-prop045.img
1,head_ct_8bit.img
1,IMG00354D.img
1,IMG007FEC.img
1,IMGRAND15.img
1,Mac Classic Twitter.img
1,L80Plus.img
1,konnected-filesystem-0x100000-2-3-1.img
1,konnected-filesystem-0x100000-2-2-7.img
1,D724CM.img
1,epi0002.img
1,initramfs-linux-lts.img
1,extra_input_02.img
1,openrecovery-twrp-2.7.1.0-dlx.img
1,Wouxun_KG-UVD1P_20171001.img
1,tiki0027.img
1,tiki0073.img
1,tiki0016.img
1,griz_sim_cum_curmap.img
1,image_direct.img
1,con_00810027.img
1,scalped_avg152T1.img
1,d878uv-km6jxe.img
1,twolevel.img
1,dummy_1_0.img
1,geniux.img
1,misc_loadercmd.img
1,megt90n000eb.img
1,fdata.003.002.00001.img
1,brainMRI.img
1,gt.img
1,DAVIS_Red_346_80MHz_16bit_v5.img
1,base_4k_blocks.img
1,path9.img
1,hifi_6402.img
1,hifi_6402_2spk.img
1,jynxboxm1v2_logo.img
1,PGBUTIL.img
1,ubi_boot.img
1,RHEL5EmptyImage.img
1,sdi-KC-S701.img
1,thuillier.img
1,mask_9.img
1,santee.img
1,fake_psx_game.img
1,DSX_P897A21_Tpk.img
1,blackhole.img
1,Yaesu_FT-7100M.img
1,sw00032094004ugu_rw.img
1,icon_blue.img
1,diskFileTest.img
1,oCam-1MGN-U_R1705_170420.img
1,oCam-1MGN-U_R1607_160722.img
1,IMGRAND12.img
1,IMG00B539.img
1,IMG001FFB.img
1,IMGRAND21.img
1,kernel_oldrp1.img
1,bootB003.img
1,bootRC1test3.img
1,lfs-2.3.2.img
1,epi0004.img
1,dataflash.img
1,extra_out_02.img
1,ref_06.img
1,input_08.img
1,extra_input_04.img
1,tiki0044.img
1,tiki0084.img
1,fakefujibas.img
1,extro_closed_bag.img
1,TinkerBoard-Uboot.img
1,sr_12_uncertainty.img
1,sr_3_uncertainty.img
1,clear_snow_ice_count.img
1,kernel16.img
1,spm2_thal.img
1,ortofoto_e14s427q41.img
1,extras_0_2.img
1,5sec.img
1,nextfs.img
1,oled_face_confuse.img
1,fdata.001.003.00002.img
1,fdata.001.002.00001.img
1,last.img
1,new_boot1.img
1,IIITBKernel.img
1,path6.img
1,tunnel.img
1,floppyOS_0_014.img
1,i386.img
1,floppy_zeros.img
1,floppyA.img
1,landuse-8.img
1,floppy98.img
1,bos.img
1,oCam-1MGN-U_R1707_170629.img
1,dat-prop036.img
1,tap.img
1,IMGRAND09.img
1,a-zet.img
1,mean_comparison.img
1,PR1296077-s3202_30303034.img
1,grub-x86-stage2.img
1,ref_04.img
1,extra_ref_02.img
1,hisi-lpm3.img
1,kernel_rpi.img
1,xtal2_3_014.img
1,forest1.img
1,E4412_tzsw_2G.img
1,sr_13_uncertainty.img
1,con_00810021.img
1,SPM8_insula_ribbon_LR.img
1,Dos6.22-5.25.img
1,dungeon_bg.img
1,logo_smallOBC.img
1,path10.img
1,dsmem.img
1,spiffs1.img
1,hd64mb.img
1,Cara_MT048.img
1,akenia.img
1,upload.img
1,net20.img
1,landuse-0.img
1,sw00032094018ugu_rw.img
1,OpenWRT.img
1,original.img
1,insecured-boot.img
1,oCam-1CGN-U_R1709_170925.img
1,oCam-1MGN-U_R1808_180815.img
1,dat-prop031.img
1,dat-prop007.img
1,80-memcached.img
1,EvilZB013.img
1,arrow_up.img
1,AmungoItsFx3Firmware17050700.img
1,picture.img
1,AndTestCard.img
1,tiki0066.img
1,tiki0036.img
1,tiki0059.img
1,tiki0076.img
1,motoboot.img
1,rat.img
1,float.img
1,extro_wall.img
1,boot3.img
1,sr_14_mean.img
1,custom8.img
1,QHY600.img
1,sdcard_boot.img
1,con_00810017.img
1,PR1690629-s3320t_00000000.img
1,Guerrier.img
1,gnss-soc-es6-rfdev.img
1,OuyaCWMrecovery6.0.3.2.img
1,ics4blade_boot.img
1,fdata.002.002.00003.img
1,fdata.003.003.00005.img
1,fdata.002.003.00001.img
1,twrp-2.8.7.1-hammerhead.img
1,logo_smallCCL.img
1,path15.img
1,VDE.img
1,MBASIC.img
1,Z80DOS2.img
1,DBASE243.img
1,fat12_bsect.img
1,henrix-rpi-4.1.y.img
1,mask_17.img
1,mask_4.img
1,___img onload=prompt(1)_.img
1,fd2.img
1,oCam-1MGN-U-R1903.img
1,dat-prop016.img
1,320220.img
1,sfs.img
1,IMG00CA8B.img
1,IMG007543.img
1,IMG00DFDD.img
1,EvilZB012.img
1,konnected-filesystem-0x100000-2-3-5.img
1,konnected-filesystem-0x100000-2-3-0.img
1,jdev.img
1,twrp_recovery.img
1,piCore-qemu.img
1,hhh.img
1,stelprdb5350805.img
1,root.img
1,boot-0.97.img
1,input_07.img
1,extra_ref_04.img
1,tiki0024.img
1,tiki0080.img
1,tiki0052.img
1,tiki0050.img
1,tiki0063.img
1,boot-3b.img
1,ext2_mbr.img
1,grub2_full.img
1,cpp_web.img
1,pmtest2.img
1,new_band_2.img
1,custom13.img
1,QHY432.img
1,mtdboot.img
1,gray_matter_mask_sparse.img
1,spm8_brainstem.img
1,gray_matter_mask.img
1,con_00810022.img
1,con_00810019.img
1,VMPFC_display_mask.img
1,keuken_2014_enhanced_for_underlay.img
1,orbitofrontal.img
1,kk6abq-d868uv-bay-area.img
1,largefile.img
1,blank-floppy.img
1,swap.img
1,boot-2020b.img
1,minOS.img
1,fdata.003.002.00003.img
1,fdata.001.002.00002.img
1,DAVIS_Red_640h_80MHz_16bit_v5.img
1,my-cloudinit_3.img
1,p2dos.img
1,ZDE.img
1,BDSC.img
1,fondo.img
1,dos3.3.img
1,shsudrv1.img
1,lst_webui.img
1,rpm-KC-S701.img
1,tz-KC-S701.img
1,mask_12.img
1,fs_mit.img
1,stockll.img
1,cwm-6028-normandy.img
1,oCam-5CRO-U_R1607_160711.img
1,dat-prop044.img
1,ZodiacOS.img
1,IMGRAND13.img
1,MyDB.img
1,konnected-filesystem-0x100000-2-3-2.img
1,openwrt-greymattr-ultimate-14.img
1,extra_ref_09.img
1,extra_out_01.img
1,testboot.img
1,grub2_mini.img
1,myLoader.img
1,forest2.img
1,boot4.img
1,pmtest.img
1,sr_8_mean.img
1,inertitem-wall03.img
1,Horst.img
1,joyBackground.img
1,bigdisk.img
1,bekap.img
1,flashimg.img
1,suivrelaligne.img
1,fdata.001.001.00002.img
1,raspberrypi-os1.img
1,baremetal.img
1,CircuitOS.img
1,BASCOM.img
1,bbios.img
1,x.img
1,aboot-KC-S701.img
1,subvol-rw-recv.img
1,swift_casi_2000-07-01_subset.img
1,IC_highbioplotsLitter0.img
1,aquaris5_ramdisk.img
1,Yaesu_FT-1500M.img
1,sw00032094018uw2_ex.img
1,patched.t430s.img
1,dat-prop013.img
1,bootB004.img
1,exe.img
1,btn_delete.img
1,rootimage-0.11.img
1,grub-x86-stage2-eltorito.img
1,ogrp-os.img
1,hisi-sec_usb_xloader.img
1,hisi-sec_uce_boot.img
1,tiki0030.img
1,tiki0038.img
1,recovery-kernel.img
1,87test.img
1,fl73n003_alt_truncated.img
1,adonthell_03.img
1,sr_3_mean.img
1,sr_9_mean.img
1,spm2_amy.img
1,con_00810004.img
1,T1_face_exemplar.img
1,floppy3.img
1,yushu-b3.img
1,lts-class.img
1,twrp-3.2.3-0-t6univ.img
1,initramfs-2.6.0.img
1,fdata.002.002.00004.img
1,fdata.002.001.00002.img
1,fdata.001.001.00001.img
1,build.img
1,CuRT-x86.img
1,mikeos.img
1,bss.img
1,startup_fw_update_key.img
1,path17.img
1,CRUNCH.img
1,asmkernos_disk.img
1,multi7-313.img
1,cirros-0.3.4-x86_64-blank.img
1,stage2_xmodem_eth3_ram_loader.img
1,id001_resegm2.img
1,unitTest.img
1,cwm-6048-normandy.img
1,oCam-1MGN-U_R1611_161109.img
1,dat-prop026.img
1,dat-prop041.img
1,myboot.img
1,y.img
1,IMG008A95.img
1,IMG00BFE2.img
1,bootRC.img
1,boota002.img
1,dhelix_dti_tensor.img
1,arrow_left.img
1,online_mp.img
1,viper_fis_rb_20160909.img
1,chrisos0.01.img
1,android1.img
1,ref_02.img
1,input_05.img
1,extra_ref_01.img
1,pac4.4_ramdisk.img
1,tiki0008.img
1,tiki0092.img
1,testBoot.img
1,fsm_rf_df_3_3g_n.img
1,sr_12_mean.img
1,clear_land_count.img
1,sr_10_mean.img
1,image (copy).img
1,QHY367PRO.img
1,con_00810009.img
1,inertitem-wall01.img
1,fdSO1H.img
1,thunix.img
1,aa66_ramdisk.img
1,characters_32x32.img
1,fd-notest.img
1,fdata.001.003.00003.img
1,manta-boot.img
1,path16.img
1,ntfs4dos.img
1,mask_11.img
1,firmware.img
1,santeeband2.img
1,Kenwood_TK-8180.img
1,colin.img
1,dat-prop027.img
1,gpt-linux-disk-01.img
1,boot_stock_P600XXUDOJ3_P600DBTDOK1.img
1,IMGRAND03.img
1,image-new.img
1,bootsector.img
1,extra_input_07.img
1,app.img
1,Wouxun_KG-UVD1P_25miles.img
1,tiki0025.img
1,tiki0014.img
1,tiki0019.img
1,tiki0013.img
1,tiki0042.img
1,view_zenith_mean.img
1,xtal2_3_004.img
1,recovery7l.img
1,current_pixel_state.img
1,sr_7_uncertainty.img
1,QHY411ERIS.img
1,Globus_Pallidus_Internal.img
1,dtORIG.img
1,floppy4.img
1,structural.img
1,BoardFace.img
1,megc90n000cb.img
1,fdata.001.003.00004.img
1,fdata.002.001.00005.img
1,DAVIS_Red_TEST_80MHz_32bit_v5.img
1,Boot.img
1,floppy_origin.img
1,huawei89_we_kk_ramdisk.img
1,asbestos.img
1,EK0003Small.img
1,hd_oldlinux.img
1,xaos.img
1,mask_1.img
1,llayerstack.img
1,new_floppy_data_master.img
1,EFI-2_88MB.img
1,DSX_P897A21_Laibao.img
1,discovery.img
1,Icom_IC-2730A.img
1,Yaesu_FT-4XR.img
1,Wouxun_KG-UV8D_Plus.img
1,ironstockt805.img
1,sw00032094004uw2_sk.img
1,icon.img
1,fd0.img
1,oCam-1MGN-U_R1803_180404.img
1,dat-prop019.img
1,IMGRAND10.img
1,EvilZRC3.img
1,restore-seven.img
1,newsystem.img
1,ref_11.img
1,hisi-sec_xloader.img
1,tiki0004.img
1,tiki0064.img
1,tiki0065.img
1,tiki0005.img
1,tiki0078.img
1,picuntu-kernel-4.5.img
1,twrp-3.0.2-2-bullhead.img
1,xtal2_2_4_036.img
1,player.img
1,forest3.img
1,jewelbag_open.img
1,image_jpeg.img
1,sr_2_uncertainty.img
1,custom14.img
1,QHY4040PRO.img
1,QHY268.img
1,con_00810023.img
1,icbm152_2009_symmetric_for_underlay.img
1,con_00810008.img
1,con_00810005.img
1,VMPFC_left.img
1,dartel_spm12_mni152_brainmask_tight.img
1,con_00810024.img
1,Zombie.img
1,fmt-1215-signature-id-1592.img
1,domain.img
1,minixdata-old.img
1,img1.img
1,Trystram_Denis.img
1,StudyArea.img
1,falcon.img
1,megc90n000eb.img
1,megr90n000cb.img
1,extend_disk.img
1,misc.img
1,AMF7boot.img
1,path8.img
1,path1.img
1,bootn5tmo.img
1,multi.img
1,Sources.img
1,sacos007a1001_Atlas.img
1,Fedora15EmptyImage.img
1,slit-vs-profile.img
1,u-boot-script.img
1,kernel1080p-oc-30-07-2013.img
1,qemu.img
1,landuse-6.img
1,sw00032094004ugu_sk.img
1,dat-prop004.img
1,pad.img
1,rsc.img
1,kernel7l.img
1,EvilZgovfix3.img
1,feel.img
1,viper_fis_rb_20160813.img
1,wdhxnc-01.02.14.img
1,asp_1k_wgs.img
1,floppy_1_44.img
1,input_01.img
1,f2fs_ramdisk.img
1,dingus.img
1,haribote_21h.img
1,tiki0021.img
1,tiki0017.img
1,tiki0083.img
1,boot-2.img
1,boot-1.img
1,fl73n003_truncated.img
1,sr_13_mean.img
1,sr_5_mean.img
1,custom2.img
1,con_00810010.img
1,pdsImage.img
1,newbootshowp.img
1,fmt-1609-signature-id-1944.img
1,ubi.img
1,fda.img
1,psf_4096.img
1,boot_unrooted.img
1,fdata.003.002.00002.img
1,fdata.002.001.00001.img
1,fdata.003.001.00004.img
1,fdata.001.003.00005.img
1,modded.img
1,alpine-cloud.img
1,logo_smallFMJ.img
1,hifi_6403_tfa.img
1,pivos_logo.img
1,ProjectBar_Right.img
1,image_001_floppy.img
1,lst_repl.img
1,logfs.img
1,VGCP_PLC_050D_AV_2005_PLOC.img
1,database.img
1,stockt805.img
1,sw00032094018uw2_rw.img
1,dat-prop035.img
1,dat-prop006.img
1,IMGRAND07.img
1,IMGRAND18.img
1,IMG009FE7.img
1,bootgovfixtest1.img
1,boota005.img
1,epi0001.img
1,prex-0.8.0.i386-pc.img
1,repeat_me_4_btn.img
1,ProtocolBrowserKeywords.img
1,input_04.img
1,ref_10.img
1,input_11.img
1,input_00.img
1,tiki0037.img
1,tiki0009.img
1,tiki0087.img
1,tiki0022.img
1,tiki0032.img
1,tiki0002.img
1,picuntu-kernel-4.4.img
1,dt-g925f.img
1,sr_8_uncertainty.img
1,spm2_caudate.img
1,con_00810003.img
1,Joueur.img
1,initramfs-4.16.11-100.fc26.x86_64.img
1,initramfs-3.10.1-1.el7.img
1,Dos3.3.img
1,modem_sys2.img
1,boot_rooted.img
1,incell_fw_120hz.img
1,fdata.003.003.00003.img
1,fdata.001.001.00003.img
1,raspberrypi-with-device-type.img
1,fdubcd.img
1,CT_HEAD.img
1,andorra-bike-onroad.img
1,floppyOS_0_013_b1.img
1,GAMES3.img
1,Yaesu_VX-8_R.img
1,ProjectsGhost.img
1,manhattan_synaptics_MAHA261001_lg.img
1,manhattan_synaptics_MAHA211000_lg.img
1,Cara_ET 208.img
1,boot-4.1.6-stock.img
1,PING.img
1,EK0003SmallI.img
1,kdtos.img
1,tz-E6782.img
1,CTData.img
1,Yeo7LiberalMask_lables.img
1,ST_map1.img
1,FreeRTOS.img
1,TWRP-2.7.0.2-normandy.img
1,oCam-18CRN-U_R2101.img
1,dat-prop050.img
1,dat-prop040.img
1,IMGRAND20.img
1,cx919-jjhkernel-800mhz-1080p.img
1,testimage.img
1,exemplo.img
1,kernel_ZRAM_LZ4.img
1,locator_statements_default.xml.img
1,synaptics-rmi-0x.img
1,tiki0041.img
1,boot-3a.img
1,berryterminal.img
1,mc02_truncated.img
1,stats_signed_byte.img
1,uboot_env.img
1,sr_2_mean.img
1,custom3.img
1,canonical_ventricles.img
1,VMPFC_right.img
1,anat_lbpa_thal.img
1,onefile.img
1,Fluellen.img
1,Curtis.img
1,memtest.img
1,zImage.img
1,u-boot-am335x-evm.img
1,clean.img
1,brainmask.4dfp.img
1,fdata.002.003.00003.img
1,fdata.003.002.00004.img
1,fdata.001.002.00003.img
1,my-cloudinit_2.img
1,left.img
1,screen.img
1,CPM3-Blank.img
1,006-bad-offset-snapshots.img
1,fat32_bsect.img
1,hd0-dist.img
1,mask_7.img
1,radiance_16.img
1,mask_6.img
1,id001.img
1,bootimage.img
1,darkstar.img
1,oCam-1MGN-U-R1906.img
1,oCam-1CGN-U_R2101.img
1,dat-prop033.img
1,dat-prop001.img
1,head_ct256.img
1,IMGRAND05.img
1,IMGRAND16.img
1,IMGRAND01.img
1,22src2.img
1,EvilZB011.img
1,dosnet.img
1,arm_root.img
1,vab.img
1,cpBOX.img
1,extra_input_06.img
1,ref_05.img
1,extra_out_00.img
1,tiki0003.img
1,tiki0089.img
1,tiki0011.img
1,tiki0088.img
1,ext2_standalone.img
1,to_be_deployed.img
1,intro_inn.img
1,eks.img
1,sr_6_mean.img
1,QHY411.img
1,con_00810001.img
1,inertitem-wall02.img
1,Dos6.22.img
1,pds.img
1,dlxj_boot_repacked.img
1,QrcodeImage1.img
1,items.img
1,cri+suivrelaligne.img
1,gradient_bc.img
1,path5.img
1,SO1 (hd).img
1,twrp-3.1.1-2-oneplus3T.img
1,wifly7-228.img
1,ntfs.img
1,bios402-msdos401-1.img
1,Retevis_RT26.img
1,Kenwood_TS-590SG_CloneMode.img
1,nuke.img
1,bladeRF_fw_v1.9.1.img
1,stockt800.img
1,sw00032094004uw2_rw.img
1,philzkk.img
1,oCam-5CRO-U_R1604_160419.img
1,dat-prop043.img
1,OAS1_0001_MR1_mpr-1_anon.img
1,boot_dlxj_OC.img
1,disk-4096.img
1,IMG001552.img
1,IMGRAND02.img
1,IMGRAND04.img
1,IMG005548.img
1,IMGRAND17.img
1,dummyfloppy.img
1,initramfs-linux-lts-fallback.img
1,initramfs_4.4.0-next-20160115-ARCH.img
1,tiki0093.img
1,tiki0061.img
1,touch_module_id_0x1b.img
1,boot-0.img
1,xtal2_2_4_006.img
1,cloud_count.img
1,c2rcc_flags.img
1,custom15.img
1,custom4.img
1,CyBootProgrammer.img
1,con_00810029.img
1,hello-world-1.img
1,qb_RoadExtract.img
1,pressedBtn.img
1,captainamerica.img
1,img2.img
1,empty-diskette.img
1,IRONMAN-07-19-13_01:17.img
1,oled_face_angry.img
1,roadsTest150m.img
1,fdata.003.001.00005.img
1,fdata.001.002.00004.img
1,startup_fw_update_no_key.img
1,base_simple.img
1,path12.img
1,007-bad-dir-index-name.img
1,boots6f.img
1,MP.img
1,ZBASIC.img
1,twrp-3.0.4-1-oneplus3.img
1,decompiler.img
1,mask_8.img
1,mask_15.img
1,BTECH_GMRS-50X1.img
1,twrpkk.img
1,initramfs-4.1.2-lamobo-r1.img
1,oCam-1CGN-U_R1707_170629.img
1,oCam-5CRO-U-M_R1907.img
1,dat-prop025.img
1,dat-prop017.img
1,EvilZgovfix2.img
1,dti_axial_6dir_dti_tensor.img
1,arrow_right.img
1,news.img
1,epi0005.img
1,bootsect.img
1,nc2_kernel_boot.img
1,protocol_param_list.img
1,extra_ref_06.img
1,extra_ref_03.img
1,extra_input_00.img
1,hisi-ptable.img
1,floppy.pristine.img
1,tiki0070.img
1,tiki0067.img
1,tiki0085.img
1,familiarfaces.img
1,newimg.img
1,tco3.img
1,KaX.img
1,adonthell_green.img
1,image3.img
1,rose_256.img
1,sr_7_mean.img
1,custom11.img
1,spm5_pag.img
1,con_00810018.img
1,inertitem-wall04.img
1,joyStick.img
1,fmt-1105-signature-id-1487.img
1,IRONMAN-07-22-13_19:50.img
1,mega90n000eb.img
1,incell_fw_default.img
1,oled_face_normal.img
1,1252HDump.img
1,img_output.img
1,jynxboxm1_logo.img
1,GAMES5.img
1,Serials.img
1,hd10meg.img
1,atlas281.img
1,wifly7-236.img
1,wifly7-232.img
1,radiance_18.img
1,mask_18.img
1,fdos.img
1,Baofeng_BF-T1.img
1,PasswordDetection_img1_v1.img
1,ironstockt800.img
1,sw00032094018ugu_dt.img
1,ramfs.img
1,dat-prop030.img
1,dat-prop021.img
1,dat-prop028.img
1,bootB005.img
1,etm-038031-042600-123457.img
1,extra_ref_10.img
1,input_03.img
1,tiki0074.img
1,tiki0012.img
1,tiki0026.img
1,tiki0051.img
1,tiki0028.img
1,booticj.img
1,Stock 4.4.4 recovery.img
1,cse506-5.img
1,xtal2_3_024.img
1,boot-g925f.img
1,xbin.img
1,i8u_c_i.img
1,E4412_nbl1_2G.img
1,conc_chl_masked.img
1,custom16.img
1,con_00810006.img
1,HFAGeoreferenced.img
1,apTvUtQuicklookSpot5.img
1,Baliste.img
1,rootfs_qtopia_qt4_20110305.img
1,extras_0_1.img
1,sprite.img
1,forth.img
1,alotware.img
1,nand.mbr.img
1,gnss-soc-data.img
1,sfos.img
1,fdata.002.002.00001.img
1,opencv_lib.img
1,Abyon.img
1,wall.img
1,sgd_0.9450_english.img
1,zcpr3dsk.img
1,L0L53P1_1_18.img
1,kernel-3.10_qemu_aufs.img
1,mask_14.img
1,Atlantic_spotted_dolphin_abundance.img
1,CT_WHOLE.img
1,LC1.img
1,bootimage-0.11.img
1,extras_0_4.img
1,android2.img
1,study_param_list.img
1,shuffler_param_list.img
1,extra_ref_00.img
1,extra_out_03.img
1,haribote_10a.img
1,t0mm13bROM_boot.img
1,tiki0055.img
1,tiki0053.img
1,bootsense.img
1,spm99_image.img
1,dt-g920f.img
1,disco.img
1,boot1.img
1,I2C_QUICK_START_MASTER3.img
1,hex32boot.img
1,sr_9_uncertainty.img
1,QHY411_1.3.3.img
1,QHY0204.img
1,QHY5III462.img
1,QHY533.img
1,spm2_hythal.img
1,con_00810011.img
1,hello-world-2.img
1,qb_RoadExtract_200x200.img
1,monster-spider-red.img
1,Troll.img
1,Gower.img
1,test_1.img
1,KKrenel.img
1,thehatefuleight.img
1,tcpmod_firmware.img
1,gnss-soc.img
1,helloworld.img
1,V2_OS.img
1,HDD2MRAM.img
1,lede-17.img
1,DVS_Red_132s_80MHz_16bit_v5.img
1,mask_colin27.img
1,right.img
1,b.img
1,boots6ftmo.img
1,hifi_6403.img
1,exfat_bsect.img
1,bootable.img
1,Fedora14EmptyImage.img
1,stmf051-flash.img
1,sbl1-E6782.img
1,sdi-E6782.img
1,mask_13.img
1,landuse-2.img
1,ColorOS-1.0.2i-Beta-11-06-13_19:04.img
1,TYT_TH-UV8000.img
1,Wouxun_KG-UV8E.img
1,sw00032094004ugu_dt.img
1,pbIMG_ws.img
1,IMG00EA86.img
1,cx919-jjhkernel-400mhz-1080p.img
1,cx919-jjhkernel-800mhz-720p.img
1,HTC-Desire-510-64-Bit-Root.img
1,mount_test.img
1,filetable.img
1,me301t_rd.img
1,recovery-dt.img
1,tiki0090.img
1,tiki0046.img
1,recovery-rootfs.img
1,twrp-3.1.1-0-cancro-20171211.img
1,fakecpgSIRC.img
1,spill.img
1,ipq806x_squashfs_root.img
1,bone_hello.exe-sdcard.img
1,cajal2.img
1,color.img
1,iop_apig.img
1,dartel_spm12_mni152_brainmask.img
1,yushu-res-4.img
1,Mannequin.img
1,Orc.img
1,oled_face_smile.img
1,oled_face_sleep.img
1,{rootfs.nor.jffs2}.img
1,fdata.003.001.00002.img
1,bl.img
1,Grub.img
1,path7.img
1,GAMES2.img
1,bad-partition.img
1,bsect.img
1,SO1 (fd).img
1,tiffinfo_caspian.tif.img
1,nir-transmittance.img
1,mask_16.img
1,kernel720p-oc-30-07-2013.img
1,orig.img
1,zdos4-1.img
1,Boblov_X3Plus.img
1,Yaesu_FT3D_R.img
1,logic.img
1,hypercard.img
1,RM980_1.1.2.2_recovery.img
1,dat-prop005.img
1,dat-prop015.img
1,dat-prop032.img
1,dat-prop020.img
1,dat-prop011.img
1,kernel-image.img
1,script.img
1,heimdall_boot.img
1,bootloader-hammerhead-HHZ11d.img
1,boota001.img
1,bootstrapreduce.img
1,Soho_PR1509905_S7301B_WTK_12070001.img
1,testimg.img
1,input_06.img
1,tiki0043.img
1,tiki0029.img
1,tiki0033.img
1,boo.img
1,small_ov.img
1,bug_1109.img
1,newboot1.img
1,sr_1_mean.img
1,custom1.img
1,QHY461.img
1,u-boot-beaglebone-2013.04-r0.img
1,radio-crespo-i9020uclh1.img
1,megr90n000eb.img
1,aguilaOS.img
1,lu98_2_150mr.img
1,tacotaco.img
1,LICENSE.img
1,base_indirect.img
1,path0.img
1,ZPM3-Blank.img
1,rootfs2.img
1,GAMES4.img
1,fat16_bsect.img
1,kernel-d33z.img
1,aux.img
1,wifly-EZX.img
1,sbl1-KC-S701.img
1,mask_5.img
1,IC_highbioplotsWoodyDebris0.img
1,Baofeng_BF-A58S.img
1,recovery.cust.hh44.img
1,dat-prop009.img
1,MemoryImage20140506.img
1,uv-5re-plus.img
1,recovery_ww-6.6.3.0.img
1,D722CM.img
1,p.img
1,wakeonlan_1_0.img
1,slp_1k_wgs.img
1,extra_input_01.img
1,extra_ref_07.img
1,tiki0068.img
1,tiki0007.img
1,B9.img
1,cse506-6.img
1,basic-grub-floppy.img
1,bin.img
1,my-seed.img
1,extro_open_bag.img
1,initramfs-3.10.0-957.el7.x86_64.img
1,fsm_rw_df_3_3g_n.img
1,golden.img
1,simple.img
1,new_band_3.img
1,lateral_prefrontal.img
1,con_00810014.img
1,monster-spider-greyscale.img
1,psf_1024.img
1,mega90n000cb.img
1,sranjan.img
1,ZXD22.img
1,MTBASIC.img
1,all-types-tiny.img
1,EK0003SmallLE.img
1,rtest.img
1,Win2k8mptyImage.img
1,ubuntu-16.04-minimal-odroid.img
1,ColorOS-1.0.2i-Beta-11-02-13_22:20.img
1,title.img
1,BTECH_MURS-V1.img
1,boot-trace-rooted.img
1,twrpll.img
1,hypercard2.0.img
1,oCam-1MGN-U_R1703_170404.img
1,oCam-5CRO-U_R1602_160218.img
1,dat-prop024.img
1,IMGRAND06.img
1,IMG00D534.img
1,IMGRAND08.img
1,bootB002.img
1,cluster_floppy.img
1,Mosa.BootLoader.x86.img
1,extra_input_08.img
1,tiki0045.img
1,tiki0031.img
1,tiki0001.img
1,touch_module_id_0x1c.img
1,os_floppy.img
1,twrp-3.1.1-0-cancro-20171211-themed.img
1,extro_chest.img
1,cloud_shadow_count.img
1,image_direct (copy).img
1,QHY600ERIS-12-qxx.img
1,Globus_Pallidus_External.img
1,con_00810030.img
1,con_00810025.img
1,con_00810007.img
1,Gnome.img
1,barebox-dt-2nd-64bit.img
1,notPressedBtn.img
1,hello_os.img
1,Dos4.01.img
1,FDSTD.720.img
1,nandc.img
1,initramfs-310-x86_64.img
1,dd.img
1,dirty_1024.img
1,prostate.img
1,fdata.001.001.00004.img
1,DAVIS_Blue_346_80MHz_16bit_v5.img
1,logo_smallABC.img
1,rtosdemo.img
1,isp_dts.img
1,BBCBASIC.img
1,CompilerGhost.img
1,mos.img
1,atlas86_old.img
1,testCT.img
1,exfat-test2.img
1,ColorOS-1.0.2i-Beta-11-04-13_07:43.img
1,ColorOS-1.0.2i-Beta-11-04-13_09:07.img
1,DSX_P897A21_Truly.img
1,frak.img
1,uboot.img
1,Yaesu_FT-818.img
1,sw00032094004uw2_ex.img
1,land_mask.img
1,ext4_blank.img
1,oCam-18CRN-U_R1908.img
1,oCam-5CRO-U_R1707_170629.img
1,dat-prop023.img
1,disk_test.img
1,boota003.img
1,pied.img
1,boot_ww-6.6.3.0.img
1,download.img
1,tiki0047.img
1,tiki0039.img
1,analyze_image.img
1,elevation.img
1,envirpc.img
1,BBkimOS.img
1,newboot3.img
1,E4412_nbl1.img
1,sr_14_uncertainty.img
1,medial_frontal.img
1,con_00810020.img
1,con_00810028.img
1,SPM8_colin27T1_cortical_ribbon.img
1,con_00810016.img
1,Fontaine.img
1,boot_repack.img
1,cwm.img
1,fdata.003.001.00003.img
1,fdata.003.003.00004.img
1,fdata.002.002.00005.img
1,newinitrd.img
1,HTECH1.img
1,ZEX.img
1,Dillon_Cr_Grid 30m.img
1,kfs.img
1,T0L57P1_0_29.img
1,bootfloppy.img
1,cartridge.img
1,Yaesu_FT-65R.img
1,Yaesu_FT-70D.img
1,wdhxnc-99.99.99.sp99.img
1,dat-prop029.img
1,rLC.img
1,IMGRAND14.img
1,balder.img
1,epi0003.img
1,repeat_me.img
1,etm-038031-042600-123457_CROP.img
1,extra_ref_08.img
1,extra_input_11.img
1,ref_00.img
1,ref_03.img
1,input_09.img
1,tiki0060.img
1,tiki0049.img
1,tiki0062.img
1,tiki0057.img
1,view_azimuth_mean.img
1,intro_player.img
1,initrd-stock.img
1,site.img
1,simpleloop.bios.img
1,sr_5_uncertainty.img
1,sr_4_mean.img
1,PBN_mask.img
1,con_00810013.img
1,spm8_brainstem_pag.img
1,NTS_mask.img
1,floppy6.img
1,doq2.img
1,gnss-soc-rfdev.img
1,testfile.img
1,mbrlspci.img
1,AV45_A01_PETtmp.4dfp.img
1,pivos_ds_logo.img
1,boots6eptmo.img
1,boots6e.img
1,DBASEII.img
1,ASM.img
1,dslegacy.img
1,VaultTecOS.img
1,shsudrv0.img
1,ei.img
1,Recovery.img
1,mask_10.img
1,zdos31-1.img
1,etos192uk.img
1,Elite.img
1,sw00032094018uw2_sk.img
1,parrot_dfeet.img
1,hypercard2.1.img
1,oCam-1CGN-U-T-R2006.img
1,70-nginx.img
1,IMGRAND00.img
1,boota009nos2w.img
1,org.kernel.img
1,arrow_down.img
1,oct_image.img
1,protectmode.img
1,simon_4_btn.img
1,hisi-sec_fastboot.img
1,tiki0069.img
1,tiki0071.img
1,tiki0077.img
1,nginx-docker.img
1,B8A.img
1,hdd.template.img
1,twrp-3.2.1-0-cancro-20171212.img
1,int.img
1,fakeeir.img
1,extro_bjarn.img
1,testBoot1.img
1,demo.img
1,sr_10_uncertainty.img
1,custom12.img
1,custom6.img
1,custom10.img
1,sulf01.img
1,example2.img
1,hello-world-loop.img
1,emptydisk.img
1,philz.img
1,msedlinuxpba.img
1,temp.img
1,dungeon_fg.img
1,overworld_bg.img
1,rbharadwaj.img
1,ATA0.img
1,fdata.002.002.00002.img
1,fdata.002.001.00004.img
1,fdata.001.003.00001.img
1,cpm.img
1,taco.img
1,DAVIS_DevKit_80MHz_16bit_v5.img
1,filesystem.img
1,logo_smallMBS.img
1,path13.img
1,landtype.img
1,TPASCAL.img
1,MIXED.img
1,PGB.img
1,PDOS.img
1,1mb.img
1,multi7-312.img
1,retro-11.5.img
1,trumpos.img
1,fdd.img
1,dat-prop022.img
1,dat-prop003.img
1,Baofeng_UV-5R_20170706.img
1,boot_3.2.img
1,IMG00F52F.img
1,boota008nos2w.img
1,hackapie.img
1,btn_edit.img
1,konnected-filesystem-0x100000-2-3-4.img
1,lang.img
1,empty-ext4.img
1,ref_01.img
1,hisi-nvme.img
1,tiki0075.img
1,tiki0095.img
1,tiki0006.img
1,collocation_flags.img
1,base_uncompressed.img
1,xtal2_2_4_008.img
1,intro_guard.img
1,SMS_Central1.img
1,sr_6_uncertainty.img
1,AUXCODE.img
1,con_00810002.img
1,con_00810015.img
1,spm2_nac.img
1,SPM8_colin27T1_seg.img
1,onedirectory.img
1,Stolas.img
1,barebox-dt-2nd-32bit.img
1,fmt-1087-signature-id-1468.img
1,.check.img
1,fdata.002.003.00004.img
1,BrainMask_05_61x73x61.img
1,fishos.img
1,path14.img
1,MR_BRAIN.img
1,floppyOS_0_015.img
1,ndosboot.img
1,dsdos.img
1,SBASIC.img
1,boot-4.1.7-stock.img
1,brainMask_53_63_46.img
1,tictac.img
1,profilePicture.img
1,product.img
1,landuse-1.img
1,VGCP_PLC_050D_AV_2005_DAFTER.img
1,Radioddity_R2.img
1,floppy0.img
1,philzll.img
1,systemfs.img
1,square_eye.img
1,oCam-1CGN-U-T2-R2203.img
1,dat-prop002.img
1,dat-prop037.img
1,arm1.img
1,IMG003FF6.img
1,control.img
1,first.img
1,boot-backup.img
1,Aston_PR1532162_S7301B_TPK_11080007.img
1,Colorado 24K Topos.img
1,tave_yr_av.img
1,fnix.img
1,unet.img
1,initd_ramdisk.img
1,synaptics-rmi-10.img
1,tiki0048.img
1,tiki0079.img
1,tiki0081.img
1,tiki0020.img
1,tiki0091.img
1,_newimg.img
1,v2_test-00.img
1,fdimage.img
1,bone_gpio.exe-sdcard.img
1,hacky.img
1,E4412_tzsw.img
1,sr_1_uncertainty.img
1,custom7.img
1,insula_liberal_no_operc.img
1,ft-60-factory-vak.img
1,AndorCam.img
1,dirty_4096.img
1,00000004.img
1,os-tiny.img
1,fdata.003.003.00002.img
1,gradient_astc.img
1,clean-fs.img
1,my-cloudinit.img
1,logo_smallINT.img
1,path4.img
1,path3.img
1,P112-Blank.img
1,boot-force-hdmi-resolution.img
1,u-boot_bringup.img
1,xybasic.img
1,STOCK-Boot-OTA_029_1612131737-3.5.4.img
1,rpm-E6782.img
1,EFI-16MB.img
1,landuse-5.img
1,os1.img
1,efifat.img
1,urootfs-lcd.img
1,gibbonsdotio_custom.img
1,sw00032094018ugu_sk.img
1,oCam-1CGN-U_R1808_180815.img
1,oCam-1MGN-U-T-R1811.img
1,oCam-1CGN-U-T-R1811.img
1,dat-prop014.img
1,dat-prop018.img
1,dat-prop048.img
1,dat-prop042.img
1,usbboot64-current.img
1,beacon.img
1,cx919-jjhkernel-400mhz-720p.img
1,fmin.img
1,GaXus.img
1,simon_4_btn_twisted.img
1,Bootes.img
1,extra_input_05.img
1,extra_ref_11.img
1,TWRP_multirom_hammerhead_20160210.img
1,stock_boot.img
