307,test.iso
66,empty.iso
53,boot.iso
49,SampleKernel.iso
45,headers.iso
40,ttylinux-pc_i486-16.1.iso
27,cloud-init.iso
20,small.iso
20,menu_c32_test.iso
17,whatever.iso
16,systemd-definitions.iso
15,Windows To Go.iso
14,ipxe.iso
13,rhevh-5.8-20111010.0.el6.iso
13,rhevh-6.2-20111010.0.el6.iso
11,kernel.iso
11,hyper-vbox-boot.iso
11,copying.iso
10,3.iso
10,1.iso
10,test1.iso
10,2.iso
10,rhevh-7.0-20111010.0.el6.iso
10,os.iso
9,joliet.iso
8,myos.iso
8,dummy.iso
8,Core-7.2.iso
8,in.iso
7,test-udf1.iso
7,udf102.iso
7,iAmCdRom.iso
7,copying-rr.iso
6,mc.iso
6,ISO.iso
5,test2.iso
5,emanuel.iso
5,haribote.iso
4,cidata.iso
4,casper_test.iso
4,windows_to_go.iso
4,testiso.iso
4,sample.iso
4,super_real.iso
4,image.iso
4,Kconfig.iso
4,fdbasecd.iso
4,cds.iso
4,fmt-468-signature-id-730.iso
4,arch_trunc.iso
4,weird_names.iso
3,sys.iso
3,arduino.iso
3,lfos.iso
3,NOTES.iso
3,README.iso
3,example3.iso
3,iso_test.iso
3,iso_with_marker.iso
3,example1.iso
3,cloud-config.iso
3,bootcd.iso
3,Core.iso
3,esp_test.iso
3,iso-file.iso
3,iso_no_marker.iso
3,headers2.iso
3,Olivine.iso
3,standard.iso
3,boot2docker.iso
2,butterknife-i386.iso
2,rrcd.iso
2,tcl.iso
2,castleskatepark1v1.iso
2,gctest.iso
2,example.iso
2,malformed2.iso
2,archive.iso
2,sl_coff.iso
2,lilacs30.iso
2,ps2test.iso
2,bootable.iso
2,cube.iso
2,blackjackcd.iso
2,forensics200.iso
2,gislab-bootloader.iso
2,Fedora-20-x86_64-netinst.iso
2,fake-no-osinfo.iso
2,butterknife-amd64.iso
2,dummy-upd.iso
2,test-2.iso
2,wiitest.iso
2,fake.iso
2,a.iso
2,Fedora-Live-Desktop-x86_64-20-1.iso
2,modules.iso
2,VBoxGuestAdditions_5.1.14.iso
2,ovftransport.iso
2,fake-f29-live.iso
2,ubuntu-13.10-server-i386.iso
2,fold.iso
2,issue.iso
2,plpbt.iso
2,pcb_test_012mm.iso
2,SQLFULL_ENU.iso
2,fake-f26-netinst.iso
2,floppybird.iso
2,malformed.iso
2,sdes-install.iso
2,cds-var.iso
2,cfgdrv.iso
2,linux.iso
2,plpbtin.iso
2,jcd.iso
2,fake-centos65-label.iso
2,Fedora-Live-KDE-x86_64-20-1.iso
2,forensics100.iso
2,file_fake.iso
2,example2.iso
2,blank.iso
2,tachyonos.iso
2,section.iso
2,DSCResources.iso
2,Fedora-20-x86_64-DVD.iso
2,Test.iso
2,psptest.iso
2,fake-fedora17-tree.iso
2,LILACS1.iso
2,fake-win7.iso
2,title.iso
2,field3.iso
2,dsm.iso
2,file_ok.iso
1,Demo.iso
1,case-10.2.iso
1,case-coarse-02.1.iso
1,case-07.2.iso
1,adamOSBoot.iso
1,neoos.iso
1,VBoxGuestAdditions_6.1.16.iso
1,auto.iso
1,BluFeedMe.iso
1,PXE-all.iso
1,server-6.0-i386-webks.iso
1,RHELU4-x86_64-webks.iso
1,Core-current.iso
1,disk.iso
1,marc.iso
1,flrn.1.iso
1,archlinux-2015.09.01-dual_truncated.iso
1,bad-dir.iso
1,shira.iso
1,RHEL3-U8-x86-webks.iso
1,Xm.StringConstant.iso
1,bbb.iso
1,fedora-cloud-init-data.iso
1,users.iso
1,EBLUA2.iso
1,pedigree.iso
1,goPro.iso
1,case-12.3.iso
1,case-01.1.iso
1,g5uj19us.iso
1,bfs.iso
1,grub.iso
1,client-6.0-x86_64-webks.iso
1,client-6.0-i386-webks.iso
1,CaOS_Boot.iso
1,SubraX.iso
1,flouronix.iso
1,Red Vs Blue - Season 4.iso
1,nOSe_test.iso
1,pitux-0.3.2.iso
1,proolix.iso
1,case-coarse-07.3.iso
1,asmkernos.iso
1,autorun.iso
1,linux-test.iso
1,RHELU4-x86-webks.iso
1,RHEL4-U2-x86_64-webks.iso
1,Software.iso
1,ELO_-_Xanadu.iso
1,mykernel.iso
1,sys.font.iso
1,plopkexec.iso
1,case-coarse-03.1.iso
1,bpp.iso
1,ipxe-test-boot.iso
1,server-5.5-x86-webks.iso
1,.iso
1,t.iso
1,LILACS.iso
1,offical.iso
1,case-coarse-12.1.iso
1,case-coarse-13.4.iso
1,case-12.2.iso
1,case-13.5.iso
1,oz.iso
1,local.conf.iso
1,toutatis.iso
1,memtest86+.iso
1,weevil-i686.iso
1,server5-U0-x86_64-webks.iso
1,cdboot.iso
1,megoro.iso
1,case-09.1.iso
1,case-12.1.iso
1,kerneliso.iso
1,darwinPre15.iso
1,ipxe-4clouds-boot.iso
1,pacman2.iso
1,RHEL4-U6-x86_64-webks.iso
1,CDS.iso
1,recovery.iso
1,luakernel.iso
1,reference.iso
1,case-coarse-04.2.iso
1,case-13.1.iso
1,m1500_GS98_p0_p0_T60.iso
1,b.iso
1,client-5.3-x86-webks.iso
1,lucid-alternate-amd64.iso
1,oswald.iso
1,zonnex.iso
1,Sample.iso
1,pcb_test_015mm.iso
1,VBoxGuestAdditions_4.3.12.iso
1,XeonOS.iso
1,case-coarse-12.2.iso
1,Makefile.iso
1,init.iso
1,odbg110.iso
1,mini.iso
1,usageTest.iso
1,Xm.ResourceId.iso
1,ipxegit.iso
1,SmallOS - beta test.iso
1,case-coarse-13.5.iso
1,titsec.iso
1,Movie.iso
1,EuTeAmo.iso
1,sinso.iso
1,client5-U0-x86-webks.iso
1,client5-U1-x86_64-webks.iso
1,dsl.iso
1,exdos.iso
1,standard_lab_image.iso
1,ReaganOS.iso
1,iccashdesk.lang.iso
1,teste.iso
1,ScCartTest.iso
1,14_1.iso
1,ubuntu14.04-preseed.iso
1,server5-U1-x86_64-webks.iso
1,rusmarc.iso
1,raw_access.iso
1,codename-nsos.x86.iso
1,PDOS.iso
1,huge_cd.iso
1,liteplus-qt.iso
1,case-06.3.iso
1,case-02.1.iso
1,case-coarse-06.2.iso
1,pacman.iso
1,SDT.x86_64-0.1.37.iso
1,ronix-x86-64-multiboot2.iso
1,dop.iso
1,cse506-5.iso
1,case-03.1.iso
1,case-coarse-13.6.iso
1,case-coarse-10.3.iso
1,case-coarse-06.1.iso
1,server-5.3-x86_64-webks.iso
1,duo.iso
1,memtest86+-5.01.iso
1,case-coarse-13.2.iso
1,case-13.6.iso
1,case-11.1.iso
1,case-10.1.iso
1,WaspOS.iso
1,14.iso
1,TESTINGOS.iso
1,DISCOINTENTO.iso
1,client-5.5-x86-webks.iso
1,RHEL4-U4-x86_64-webks.iso
1,floppy-32_12h.iso
1,cdimage.iso
1,movie.iso
1,ronix-x86-64-multiboot.iso
1,varnish.iso
1,case-13.3.iso
1,case-coarse-07.2.iso
1,teste2.iso
1,14_2.iso
1,bootable1.iso
1,g7uj19us.iso
1,rusmarc_1.iso
1,peabodyos.iso
1,ceros.iso
1,case-coarse-05.1.iso
1,case-06.1.iso
1,client5-U0-x86_64-webks.iso
1,index.iso
1,drivers.iso
1,flash0.iso
1,lab.iso
1,videodump.iso
1,case-coarse-11.1.iso
1,case-05.1.iso
1,case-13.2.iso
1,mikeos.iso
1,loanobjects.iso
1,MoltarOS.iso
1,client-5.3-x86_64-webks.iso
1,iotest.iso
1,out_pcb_test_015mm.iso
1,out_pcb_test_p015_v50.iso
1,zetta_kernel.iso
1,disc_1.iso
1,ubuntu-13.04-desktop-amd64.iso
1,X.Constant.iso
1,fnoc1.nc.iso
1,ubuntu_15.iso
1,aguilaOS.iso
1,Packed Container File.iso
1,EBLUA1.iso
1,test_vfs.iso
1,alpha.iso
1,g4u-2.2.iso
1,RHEL4-U8-x86_64-webks.iso
1,RHEL4-U8-x86-webks.iso
1,main.iso
1,answer_file.iso
1,cc.iso
1,tiny-cross-bios.iso
1,p5.iso
1,case-coarse-04.1.iso
1,case-07.3.iso
1,case-08.1.iso
1,Kamai_Pleiades_emp.iso
1,cve-2014-6271.iso
1,cdrom_install.iso
1,bootloader.iso
1,ipxe-islandora-microservices.iso
1,coressh.iso
1,merged_prototype_1.iso
1,vancouver.iso
1,bb.iso
1,ccc.iso
1,KiwiOS.iso
1,pulpos.iso
1,AntOS.iso
1,case-04.2.iso
1,case-coarse-03.2.iso
1,settings.iso
1,server-5.5-x86_64-webks.iso
1,fpos.iso
1,hello.iso
1,config.iso
1,TripleOS - 8 may 2017.iso
1,MESINTEMPELYAMAHA.iso
1,case-00.1.iso
1,case-07.5.iso
1,iso_001.iso
1,microcore_2.7.iso
1,cache.iso
1,debian-40r9-i386-netinst.iso
1,Manual.iso
1,fake_cdrom_install.iso
1,prmusr.iso
1,EBSOL2.iso
1,EBSOL1.iso
1,puzzleOS.iso
1,server5-U1-x86-webks.iso
1,rusmarc_2.iso
1,Edinburgh-x86_64.iso
1,V834394-01.iso
1,case-coarse-00.1.iso
1,case-coarse-07.5.iso
1,case-03.2.iso
1,case-coarse-06.3.iso
1,FeelTheBurn.iso
1,copies.iso
1,CT-BootDisk.iso
1,Hotfix-BIGIP-12.0.0.2.0.644-HF2.iso
1,sample1.iso
1,server-5.3-x86-webks.iso
1,Tails-s390x-0.12.1.iso
1,pcb_test_p015_v50.iso
1,filter.iso
1,case-coarse-10.1.iso
1,case-coarse-01.1.iso
1,case-06.2.iso
1,yolofirst.iso
1,kiosk.iso
1,WascaLoader.iso
1,BIGIP-12.0.0.0.0.606.iso
1,sranjan.iso
1,minishare.iso
1,client-5.5-x86_64-webks.iso
1,RHEL4-U2-x86-webks.iso
1,Heart Of The Alien (U).iso
1,rigenera-mini-0.4.iso
1,x86Console32.iso
1,nextdivel.iso
1,case-coarse-13.1.iso
1,case-04.1.iso
1,image2.iso
1,BMEST.iso
1,example-iso.iso
1,client5-U1-x86-webks.iso
1,configdrive.iso
1,techos.iso
1,case-coarse-07.1.iso
1,case-coarse-09.1.iso
1,memtest.iso
1,Hotfix-BIGIP-12.1.0.1.0.1447-HF1.iso
1,BIGIP-12.1.2.iso
1,cd64.iso
1,mhdd.iso
1,server-6.0-x86_64-webks.iso
1,temperature_template.iso
1,Xm.Constant.iso
1,Core-current - Tiny Core Linux 7.2.iso
1,case-coarse-07.4.iso
1,rocky-cloud-init-data.iso
1,almalinux-cloud-init-data.iso
1,kmus-32_v0.1.1.iso
1,LHCKernel.iso
1,RHEL4-U6-x86-webks.iso
1,server5-U0-x86-webks.iso
1,dell.iso
1,p2.iso
1,core.iso
1,isotest.iso
1,CppOS.iso
1,case-coarse-10.2.iso
1,lotto.iso
1,fake_cd.iso
1,resprograma.iso
1,RHEL4-U4-x86-webks.iso
1,TEST.iso
1,SmithOS.iso
1,ELO_-_Don'T_Bring_Me_Down.iso
1,example4.iso
1,iso.iso
1,ISO-Image.iso
1,case-13.4.iso
1,case-10.3.iso
1,case-coarse-13.3.iso
1,case-coarse-08.1.iso
1,demo.iso
1,Radon.iso
1,programa.iso
1,HDDErase.iso
1,case-07.4.iso
1,input.iso
1,squidos.iso
1,kal.iso
1,out_pcb_test_012mm.iso
1,env.iso
1,jarvis.iso
1,case-07.1.iso
1,fr_FR.po.iso
1,debian-cloud-init-data.iso
1,darwin.iso
1,teste3.iso
1,Hotfix-BIGIP-12.1.1.1.0.196-HF1.iso
1,dsl-4.4.10.iso
1,Wexflow_sample.iso
1,unblib-ipxe-server.iso
1,sega-cd-test.iso
1,disc_2.iso
1,knoss-x86-32-desktop.iso
1,myhdd.iso
1,case-coarse-12.3.iso
1,T1553.005.iso
1,espaciodisco.iso
1,admin100.iso
1,onestop.iso
1,kevedos.iso
1,AlephTables.php.iso
