81,database.kdb
57,simv.kdb
32,sample.kdb
12,demo.kdb
9,test2.kdb
5,keys.kdb
5,test.kdb
3,Tahiti.kdb
2,block4.kdb
2,password-latin1.kdb
2,test_keyfile.kdb
2,password.kdb
2,passwordandkey.kdb
2,source.kdb
2,block15.kdb
2,password32byte.kdb
2,block2.kdb
2,destination.kdb
2,block6.kdb
2,test_2048B_key.kdb
2,test_64B_alt_key.kdb
2,test_password.kdb
2,test_32B_key.kdb
2,test_4096B_key.kdb
2,sampledict.kdb
2,block8.kdb
2,block9.kdb
2,test_parsing.kdb
2,passwordmultientry.kdb
2,password-unicode.kdb
2,block3.kdb
2,block1.kdb
2,keyfileonly.kdb
2,block7.kdb
2,test_both.kdb
2,test_64B_key.kdb
2,block10.kdb
2,block13.kdb
2,block12.kdb
2,expected_output.kdb
2,passwordonly.kdb
2,block5.kdb
2,test_128B_key.kdb
2,passwordlesskey.kdb
2,password64byte.kdb
2,block0.kdb
2,passwordkey.kdb
2,block11.kdb
2,block14.kdb
1,FileKeyHex.kdb
1,MainData.kdb
1,source-database.kdb
1,Twofish.kdb
1,gfx1030_36.kdb
1,groups-6-random_entry-1-pw-aes.kdb
1,groups-7-random_entry-2-pw-aes.kdb
1,complex-1-pw-tf.kdb
1,complex-1-pw-aes.kdb
1,groups-9-default-pw-aes.kdb
1,CompositeKey.kdb
1,server.kdb
1,groups-2-random_entry-4-pw-aes.kdb
1,test3.kdb
1,FileKeyHashed.kdb
1,gfx906_64.kdb
1,test_pwd_twofish.kdb
1,keyfile.kdb
1,gfx90a68.kdb
1,gfx906_60.kdb
1,groups-7-random_entry-1-pw-aes.kdb
1,https-cheftest.kdb
1,test_plainkeyfile.kdb
1,gfx90878.kdb
1,groups-3-random_entry-1-pw-aes.kdb
1,keepass-test.kdb
1,missing-ctime.kdb
1,groups-5-empty-pw-aes.kdb
1,CP-1252.kdb
1,client_58505.kdb
1,client_58492.kdb
1,groups-2-empty-pw-aes.kdb
1,groups-1-random_entry-1-pw-aes.kdb
1,groups-6-random_entry-2-pw-aes.kdb
1,DASHBOARD_DB.kdb
1,testdb.kdb
1,groups-1-random_entry-3-pw-aes.kdb
1,sampledb.kdb
1,groups-5-random_entry-2-pw-aes.kdb
1,cwbssldf.kdb
1,test_pwd_keyfile.kdb
1,Database.kdb
1,groups-4-random_entry-3-pw-aes.kdb
1,OracleLocal.kdb
1,files.kdb
1,groups-6-empty-pw-aes.kdb
1,test_save.kdb
1,database_with_key.kdb
1,groups-4-random_entry-2-pw-aes.kdb
1,template.kdb
1,groups-7-random_entry-3-pw-aes.kdb
1,groups-1-empty-pw-aes.kdb
1,groups-8-empty-pw-aes.kdb
1,groups-5-random_entry-3-pw-aes.kdb
1,key.kdb
1,test_pwd.kdb
1,testcerts.kdb
1,database_test.kdb
1,gfx90a6e.kdb
1,groups-6-random_entry-3-pw-aes.kdb
1,qm1.kdb
1,groups-5-random_entry-1-pw-aes.kdb
1,complex-1-key_pw-tf.kdb
1,groups-3-empty-pw-aes.kdb
1,groups-7-empty-pw-aes.kdb
1,flag.kdb
1,complex-1-key-tf.kdb
1,example.kdb
1,test123.kdb
1,MariaDBConnection.kdb
1,gfx900_64.kdb
1,groups-4-empty-pw-aes.kdb
1,eCar 2016.kdb
1,Test_Password_1234.kdb
1,test_pwd_plainkeyfile.kdb
1,client.kdb
1,database_empty.kdb
1,kdbwithkey.kdb
1,yijing.kdb
1,gfx900_56.kdb
1,groups-4-random_entry-1-pw-aes.kdb
1,Foo.kdb
1,groups-2-random_entry-3-pw-aes.kdb
1,groups-2-random_entry-2-pw-aes.kdb
1,FileKeyBinary.kdb
1,groups-1-random_entry-2-pw-aes.kdb
1,Passwords.kdb
1,basic.kdb
1,passwd.kdb
1,clavesUnacloud.kdb
1,groups-2-random_entry-1-pw-aes.kdb
1,tempDatabaseConnection.kdb
1,OMARDB-1-8-18-LOCAL.kdb
1,target-database.kdb
