13,example.kdbx
11,test.kdbx
8,TestRattic.kdbx
6,PSKeePassTestDatabase2.34.kdbx
6,PSKeePassTestDatabase2.39.1.kdbx
5,securedrop-keepassx.kdbx
4,demo.kdbx
4,incident-support.kdbx
3,MasterKey.kdbx
3,keyfile.kdbx
3,KeyAndMaster.kdbx
3,KeyFile.kdbx
3,NewDatabase.kdbx
3,000_example.kdbx
2,Test.kdbx
2,testDatabaseModified.kdbx
2,DatabaseWithEmptyPassword.kdbx
2,YubiKey4.kdbx
2,DatabaseWithKeyfile.kdbx
2,KDBX4.1.kdbx
2,NoPassWithKeyFile.kdbx
2,EmptyPassWithKeyFile.kdbx
2,fullBlownDatabase.kdbx
2,Argon2id.kdbx
2,TestDatabase.kdbx
2,both.kdbx
2,Database.kdbx
2,KeyWithBom.kdbx
2,AesKdfKdbx4.kdbx
2,testDatabase.kdbx
2,AesChaCha.kdbx
2,Argon2.kdbx
2,example-writing.kdbx
2,EmptyPass.kdbx
2,binkey.kdbx
2,cyrillic.kdbx
2,KeeFoxDatabase.kdbx
2,password.kdbx
2,Argon2ChaCha.kdbx
2,IconsDatabase.kdbx
2,YubiKey3.kdbx
2,myproject-secrets.kdbx
2,pass_data.kdbx
2,Key64.kdbx
2,example-key.kdbx
2,Key32.kdbx
2,KeyV2.kdbx
2,DatabaseWithPasswordAndKeyfile.kdbx
2,demohard.kdbx
1,testing_db.kdbx
1,FileKeyHex.kdbx
1,test1.kdbx
1,2fa-vault.kdbx
1,keys.kdbx
1,Test_Password_1234.kdbx
1,testDb.kdbx
1,matches.kdbx
1,DatabaseWithBinaryKeyfile.kdbx
1,DatabaseWithReferences.kdbx
1,qwe.kdbx
1,keyxml.kdbx
1,MasterDatabase.kdbx
1,template.kdbx
1,Format200.kdbx
1,key-aes_rijndael_256.kdbx
1,passwords.kdbx
1,DatabaseWithAttachments.kdbx
1,complex-1-key_pw-aes.kdbx
1,keepassx_onlykey.kdbx
1,sample with custom key.kdbx
1,test4_chacha20.kdbx
1,keepassVault.kdbx
1,Foo.kdbx
1,V4-AES-Argon2.kdbx
1,Sample.kdbx
1,valid_aeskdf_aes_gzip_kdbx31.kdbx
1,TestDB.kdbx
1,NonAscii.kdbx
1,test_pwd.kdbx
1,DemoDatabase.kdbx
1,DatabaseWithColors.kdbx
1,DatabaseFromKeepassDroid.kdbx
1,DatabaseWithTags.kdbx
1,complex-1-pw-aes-gzip.kdbx
1,test-archive-kdbx3.kdbx
1,test4.kdbx
1,qweNew.kdbx
1,NotesInternal.kdbx
1,sample with key.kdbx
1,blank_database.kdbx
1,kpdb1.kdbx
1,Attachment.kdbx
1,example-chacha-argon2.kdbx
1,saved.kdbx
1,Format300.kdbx
1,bug392.kdbx
1,FileKeyXml.kdbx
1,DbWithKey.kdbx
1,EmptyPasswordWithKey.kdbx
1,test-archive-keyfile-kdbx3.kdbx
1,valid_argon2_aes_gzip_kdbx4.kdbx
1,Gzipped.kdbx
1,NoPasswordWithKey.kdbx
1,32_byte.kdbx
1,DatabaseWithComplexTree.kdbx
1,test123.kdbx
1,test3.kdbx
1,kdbx4_result.kdbx
1,PassDB.kdbx
1,extra_content.kdbx
1,no-encrypt.kdbx
1,mainDB.kdbx
1,EmptyPassword.kdbx
1,test-archive-keyfile-kdbx4.kdbx
1,BrokenHeaderHash.kdbx
1,Existing.kdbx
1,liuymPass.kdbx
1,Old_Key_Sample.kdbx
1,test123-ChaCha20-AES.kdbx
1,test4_aeskdf.kdbx
1,empty_pass.kdbx
1,home.kdbx
1,example-new-database.kdbx
1,64_byte.kdbx
1,test-only-with-key.kdbx
1,KeyFileDatabase.kdbx
1,complex-1-key-aes.kdbx
1,database.kdbx
1,Compressed.kdbx
1,KeePass.kdbx
1,Attachment-ChaCha20-Argon2.kdbx
1,pass.kdbx
1,test_pwd_gz.kdbx
1,V4-ChaCha-AES.kdbx
1,key-file-vault.kdbx
1,general.kdbx
1,FileKeyHashed.kdbx
1,test123-AES-AES.kdbx
1,20190921.kdbx
1,testdb.kdbx
1,Datenbank.kdbx
1,test4_hex.kdbx
1,FileKeyBinary.kdbx
1,password-key-aes_rijndael_256.kdbx
1,test-with-key.kdbx
1,V4-AES-AES.kdbx
1,example-nocompression.kdbx
1,FileKeyXmlBrokenBase64.kdbx
1,DatabaseWithV4Format.kdbx
1,clavesUnaCloud.kdbx
1,password-aes_rijndael_256.kdbx
1,IntegrationTestDatabase.kdbx
1,key-only.kdbx
1,testDeleted.kdbx
1,db2.kdbx
1,accounts.kdbx
1,ssh-test.kdbx
1,example-chacha.kdbx
1,Sample123.kdbx
1,kpdb_gzip.kdbx
1,ProtectedStrings.kdbx
1,binary_key.kdbx
1,test123-ChaCha20-Argon2.kdbx
1,test4_twofish.kdbx
1,test4_aes.kdbx
1,asdf.kdbx
1,kdbx4.kdbx
1,test_keyfile.kdbx
1,null_pass.kdbx
1,DatabaseFromKeeWeb.kdbx
1,complex-1-key-aes-gzip.kdbx
1,complex-1-pw-aes.kdbx
1,simple-vault.kdbx
1,test_pwd_plainkeyfile.kdbx
1,test123-AES-Argon2.kdbx
1,ExampleDatabase.kdbx
1,exampledatabase.kdbx
1,c.kdbx
1,test-archive-kdbx4.kdbx
1,vault.kdbx
1,test_pwd_keyfile.kdbx
1,sample.kdbx
