2263,Assembly-CSharp.dll.mdb
814,Assembly-CSharp-Editor.dll.mdb
760,UnityEngine.dll.mdb
755,mscorlib.dll.mdb
710,System.dll.mdb
690,System.Core.dll.mdb
623,Assembly-CSharp-firstpass.dll.mdb
517,System.Xml.dll.mdb
382,Xamarin.Forms.Core.dll.mdb
382,Xamarin.Forms.Xaml.dll.mdb
349,System.Runtime.Serialization.dll.mdb
345,Assembly-UnityScript.dll.mdb
284,System.Net.Http.dll.mdb
271,Mono.Android.dll.mdb
253,System.Xml.Linq.dll.mdb
250,Splat.dll.mdb
241,Xamarin.iOS.dll.mdb
215,data.mdb
205,Assembly-UnityScript-firstpass.dll.mdb
199,Mono.Security.dll.mdb
189,DOTweenEditor.dll.mdb
188,DOTween.dll.mdb
183,Mono.Dynamic.Interpreter.dll.mdb
165,DOTween46.dll.mdb
165,DOTween43.dll.mdb
160,System.ServiceModel.Internals.dll.mdb
154,DOTween50.dll.mdb
148,UnityEngine.UI.dll.mdb
140,FormsViewGroup.dll.mdb
139,Xamarin.Forms.Platform.Android.dll.mdb
135,Xamarin.Forms.Platform.iOS.dll.mdb
118,UnityEngine.Networking.dll.mdb
100,Mono.CSharp.dll.mdb
99,monotouch.dll.mdb
96,Microsoft.CSharp.dll.mdb
89,Java.Interop.dll.mdb
88,System.Numerics.dll.mdb
84,System.ServiceModel.dll.mdb
83,repository.mdb
79,Xamarin.Forms.Platform.dll.mdb
76,Newtonsoft.Json.dll.mdb
71,Refit.dll.mdb
68,test.mdb
57,lock.mdb
51,PopulatingATable.exe.mdb
50,ModernHttpClient.dll.mdb
50,Assembly-UnityScript-Editor.dll.mdb
50,Northwind.mdb
49,UnityEngine.Analytics.dll.mdb
47,a03_gromacs.mdb
46,SQLite-net.dll.mdb
43,Akavache.Sqlite3.dll.mdb
42,System.Json.dll.mdb
42,TestData.mdb
41,hello.exe.mdb
39,1.mdb
35,UnityEngine.PhysicsModule.dll.mdb
35,UnityEngine.TextRenderingModule.dll.mdb
35,UnityEngine.CoreModule.dll.mdb
35,UnityEngine.InputModule.dll.mdb
35,UnityEngine.JSONSerializeModule.dll.mdb
35,UnityEngine.IMGUIModule.dll.mdb
35,UnityEngine.TerrainModule.dll.mdb
35,UnityEngine.DirectorModule.dll.mdb
35,UnityEngine.Physics2DModule.dll.mdb
35,UnityEngine.AnimationModule.dll.mdb
35,UnityEngine.AIModule.dll.mdb
35,UnityEngine.AudioModule.dll.mdb
34,UnityEngine.TilemapModule.dll.mdb
34,UnityEngine.VideoModule.dll.mdb
34,MomentsiOS.exe.mdb
34,UnityEngine.ScreenCaptureModule.dll.mdb
34,UnityEngine.StyleSheetsModule.dll.mdb
34,UnityEngine.GridModule.dll.mdb
34,UnityEngine.UIModule.dll.mdb
34,UnityEngine.UIElementsModule.dll.mdb
34,UnityEngine.GameCenterModule.dll.mdb
34,UnityEngine.SpriteMaskModule.dll.mdb
34,UnityEngine.ClothModule.dll.mdb
34,UnityEngine.VRModule.dll.mdb
33,UnityEngine.UnityConnectModule.dll.mdb
33,UnityEngine.VehiclesModule.dll.mdb
33,UnityEngine.UNETModule.dll.mdb
33,UnityEngine.AccessibilityModule.dll.mdb
33,UnityEngine.ARModule.dll.mdb
32,UnityEngine.WebModule.dll.mdb
32,ReatailBeaconIOS.exe.mdb
32,AkkaRemote.exe.mdb
32,UnityEngine.WindModule.dll.mdb
32,Manelbrot.dll.mdb
32,MvvmCross.Platform.dll.mdb
32,AkkaWorkerRemote.exe.mdb
30,UnityEngine.Timeline.dll.mdb
30,empty.mdb
30,FactoryDB.mdb
29,MvvmCross.Binding.dll.mdb
29,MvvmCross.Localization.dll.mdb
26,Photon3Unity3D.dll.mdb
25,data_bigendian.mdb
24,SuperSocket.ClientEngine.Proxy.dll.mdb
24,CalculatorsLibrary.dll.mdb
24,SuperSocket.ClientEngine.Common.dll.mdb
24,Mono.Android.Export.dll.mdb
24,t4s.exe.mdb
24,ReactiveUI.dll.mdb
24,SuperSocket.ClientEngine.Core.dll.mdb
23,UnityEngine.ClusterInputModule.dll.mdb
23,Moments.Droid.dll.mdb
22,Calculators.dll.mdb
22,CoreDojo.dll.mdb
21,gdx-backend-ios.dll.mdb
21,System.Data.dll.mdb
21,gdx.dll.mdb
20,PlayMaker.dll.mdb
20,System.Transactions.dll.mdb
20,MonoTouch.Dialog.dll.mdb
19,protobuf-net.dll.mdb
19,DemiEditor.dll.mdb
19,INIFileParser.dll.mdb
19,DemiLib.dll.mdb
19,Caliburn.Micro.dll.mdb
18,Mono.Data.Sqlite.dll.mdb
18,DOTweenProEditor.dll.mdb
18,HOTween.dll.mdb
18,UnityEditor.dll.mdb
18,HOTweenV1_Editor.dll.mdb
18,DOTweenPro.dll.mdb
17,policheck-exclusions.mdb
17,Test.exe.mdb
17,Lidgren.Network.dll.mdb
17,findme.iOS.exe.mdb
17,System.Web.Services.dll.mdb
16,KopiLuaInterface.dll.mdb
16,Library.mdb
16,Connectivity.Plugin.dll.mdb
16,KopiLua.dll.mdb
16,System.Net.dll.mdb
16,MBProgressHUD.dll.mdb
16,FractalRemote.exe.mdb
16,Plugin.Settings.Abstractions.dll.mdb
16,LazyRoommate.dll.mdb
16,KopiLuaDll.dll.mdb
15,Valle.Utilidades.dll.mdb
15,Mono.Data.Tds.dll.mdb
15,database.mdb
15,WPDMSiOS.exe.mdb
15,hotc.iOS.exe.mdb
15,Plugin.Settings.dll.mdb
15,Acr.UserDialogs.dll.mdb
15,Humanizer.dll.mdb
15,products.mdb
15,LazyRoommate.Droid.dll.mdb
15,Core.dll.mdb
15,test-database.mdb
14,GalaSoft.MvvmLight.dll.mdb
14,sample.mdb
14,MvvmCross.Plugins.WebBrowser.dll.mdb
14,UPnP.dll.mdb
14,MonoGame.Framework.dll.mdb
14,SoapBox.FluentDwelling.dll.mdb
14,Acr.UserDialogs.Interface.dll.mdb
13,Caliburn.Micro.Platform.Core.dll.mdb
13,Raspberry.IO.Interop.dll.mdb
13,MgFuseePackedVertices.mdb
13,bug_42794.mdb
13,Raspberry.IO.GeneralPurpose.dll.mdb
13,UnityEngine.SpatialTracking.dll.mdb
13,OverlayTest.dll.mdb
13,MIG.dll.mdb
13,Plugin.Connectivity.dll.mdb
13,Raspberry.IO.Components.dll.mdb
13,Unity.UNetWeaver.dll.mdb
13,MonoPinArray.exe.mdb
13,LinqExpressionSimple.exe.mdb
13,Raspberry.IO.dll.mdb
13,InheritedInterfacesExplicit.dll.mdb
13,mono-service.exe.mdb
13,Vector2D.dll.mdb
13,MonoForeachEnumerator.exe.mdb
12,Project 4 App2.dll.mdb
12,iPhone.exe.mdb
12,xbuild.exe.mdb
12,dbDatabase.mdb
12,db.mdb
12,WordPhoneDialeriOS.exe.mdb
12,KNXLib.dll.mdb
12,DrawShape.dll.mdb
12,XL3.mdb
11,Ninject.dll.mdb
11,Database.mdb
11,ICSharpCode.SharpZipLib.dll.mdb
11,GalaSoft.MvvmLight.Platform.dll.mdb
11,GalaSoft.MvvmLight.Extras.dll.mdb
11,Google.VersionHandler.dll.mdb
11,nss.mdb
11,Microsoft.WindowsAzure.Mobile.dll.mdb
11,KeyChain.Net.dll.mdb
11,Calculators.iOS.exe.mdb
10,Firebase.App.dll.mdb
10,meday.exe.mdb
10,NetworkInterfaces.dll.mdb
10,RestComm.dll.mdb
10,Mappir.exe.mdb
10,Parse.Android.dll.mdb
10,nunit-console.exe.mdb
10,TS001018407.mdb
10,ZYSocketShare.dll.mdb
10,Customers.mdb
10,statistik.mdb
10,Nmqtt.dll.mdb
10,TokenLibrary.dll.mdb
10,Metaverse.Utility.dll.mdb
9,RabbitMQ.Client.Apigen.exe.mdb
9,CronExpressionDescriptor.dll.mdb
9,monop.exe.mdb
9,gacutil.exe.mdb
9,log4net.dll.mdb
9,Unity.PackageManagerUI.Editor.dll.mdb
9,resgen.exe.mdb
9,Agent2D.dll.mdb
9,MobilogicsBindingSample.exe.mdb
9,AlertCenterIOSSampleUnified.exe.mdb
9,pullableview.exe.mdb
9,db1.mdb
9,xsd.exe.mdb
9,Rackspace.Threading.dll.mdb
9,mkbundle.exe.mdb
9,monolinker.exe.mdb
9,wsdl.exe.mdb
9,GitHub.Unity.dll.mdb
9,access.mdb
9,al.exe.mdb
9,Sirenix.Utilities.dll.mdb
9,Valle.SqlUtilidades.dll.mdb
9,Couchbase.Lite.dll.mdb
9,GitHub.Api.dll.mdb
9,Sirenix.Serialization.dll.mdb
9,System.IO.Compression.dll.mdb
9,Common.dll.mdb
9,System.Net.Http.Net35.dll.mdb
9,ilasm.exe.mdb
9,demos.mdb
9,Acr.Support.Android.dll.mdb
9,GitHub.Logging.dll.mdb
8,csharp.exe.mdb
8,StarWarsQuoteiOS.exe.mdb
8,UnityEditor.StandardEvents.dll.mdb
8,XTenLib.dll.mdb
8,demo.mdb
8,morning.exe.mdb
8,BdDocumentos.mdb
8,NSpecRunner.exe.mdb
8,bravosoc.exe.mdb
8,qtest.mdb
8,Microsoft.SPOT.Tasks.dll.mdb
8,CustomerGraphicsInterface.dll.mdb
8,Npgsql.dll.mdb
8,PiStudio.Shared.dll.mdb
8,rule.mdb
8,MFMetaDataProcessor.Core.dll.mdb
8,Metaverse.Networking.dll.mdb
8,SerialPortLib.dll.mdb
8,RSS.mdb
8,StarWarsQuotes.Core.dll.mdb
8,Application.dll.mdb
8,Metaverse.Communication.dll.mdb
8,MetaDataProcessor.exe.mdb
8,Yapilcek.dll.mdb
8,KeiraWF.dll.mdb
8,Firebase.Auth.dll.mdb
8,Core Library.dll.mdb
8,FabianNotifications.exe.mdb
8,Metaverse.Common.dll.mdb
7,pdb2mdb.exe.mdb
7,Common.Logging.dll.mdb
7,sqlsharp.exe.mdb
7,HurriyetHaberMobile.Android.dll.mdb
7,System.Security.dll.mdb
7,Microsoft.Build.Engine.dll.mdb
7,dbdemos.mdb
7,Unity.TextMeshPro.dll.mdb
7,mconfig.exe.mdb
7,CustomerGraphicsInterface.Droid.dll.mdb
7,Plugin.Messaging.dll.mdb
7,RSEAppWrapper.exe.mdb
7,ImageGesture.dll.mdb
7,XamarinAndroidRx.dll.mdb
7,WebAPI2AuthenticationExampleiOS.exe.mdb
7,ZYSocketFrame.dll.mdb
7,Phoneword.dll.mdb
7,HelloWorld.iOS.exe.mdb
7,Apache.NMS.dll.mdb
7,MobilogicsBinding.dll.mdb
7,installutil.exe.mdb
7,ServiceStack.Client.dll.mdb
7,Valle.Seguridad.dll.mdb
7,MIG.HomeAutomation.dll.mdb
7,pv.mdb
7,UnityEngine.PlaymodeTestsRunner.dll.mdb
7,MIG.Protocols.dll.mdb
7,Yapilcek.Android.dll.mdb
7,Microsoft.Build.Framework.dll.mdb
7,RevMob.dll.mdb
7,mono-shlib-cop.exe.mdb
7,Trafficing.iOS.exe.mdb
7,developers.mdb
7,WebSocket4Net.dll.mdb
7,Plugin.Share.dll.mdb
7,MVVM.Core.dll.mdb
7,MIG.Media.dll.mdb
7,Apache.NMS.ActiveMQ.dll.mdb
7,NSpec.dll.mdb
7,genxs.exe.mdb
7,sgen.exe.mdb
7,Mono.Cecil.dll.mdb
7,Android-StatusShare.dll.mdb
7,FractalSpline.dll.mdb
7,db_test.mdb
7,mono-xmltool.exe.mdb
7,svcutil.exe.mdb
7,monodoc.dll.mdb
7,MIG.Controllers.dll.mdb
7,httpcfg.exe.mdb
7,RetailBeacon.Droid.dll.mdb
7,temp.dll.mdb
7,Plugin.Messaging.Abstractions.dll.mdb
7,Common.Logging.Core.dll.mdb
7,Flock2D.dll.mdb
7,ControlKit.dll.mdb
7,MvvmCross.Core.dll.mdb
7,users.mdb
7,Argus - RAT.dll.mdb
7,sqlmetal.exe.mdb
7,ZWaveLib.dll.mdb
7,CrossBrowser.dll.mdb
7,uisetup.exe.mdb
7,OverlayTest.Android.dll.mdb
7,InvoiceDB.mdb
7,Common.Logging.Extensions.dll.mdb
7,Valle.Distribuido.dll.mdb
7,lc.exe.mdb
7,culevel.exe.mdb
7,ZYSocketClient.dll.mdb
7,OpenERPClient.dll.mdb
6,SimplePickerView.dll.mdb
6,Library.dll.mdb
6,Toolbox.dll.mdb
6,cnzzz.mdb
6,Test.dll.mdb
6,System.Windows.Forms.dll.mdb
6,HelloWorld.dll.mdb
6,ASPsample.mdb
6,UsersFace.mdb
6,WindowsAzure.Messaging.dll.mdb
6,stockc.mdb
6,xdb.mdb
6,PropertyInjection.dll.mdb
6,websocket-sharp.dll.mdb
6,rating_prediction.exe.mdb
6,Assembly-Boo-Editor.dll.mdb
6,BP_LDA.exe.mdb
6,GeoInfoAccess.mdb
6,Metaverse.Client.dll.mdb
6,Buildron.ModSdk.dll.mdb
6,MyMediaLite.dll.mdb
6,encog.mdb
6,AbPasswdPlugin.dll.mdb
6,demodb.mdb
6,libmdb.dll.mdb
6,Training.dll.mdb
6,BreakpointTest.Portable.dll.mdb
6,SteamAuth.dll.mdb
6,images.mdb
6,System.Web.Extensions.dll.mdb
6,Antlr3.Runtime.dll.mdb
6,Syntax Analyzer.dll.mdb
6,PiStudio.Droid.dll.mdb
6,FloatMenu.dll.mdb
6,App_CatalogoCD.exe.mdb
6,SteamTrade.dll.mdb
6,WebAPI2AuthorizationExampleiOS.exe.mdb
6,Nwind.mdb
6,Unity.TextMeshPro.Editor.dll.mdb
6,Pokedex.Cross.dll.mdb
6,GTDatabase.mdb
6,DrawShape.Android.dll.mdb
6,Infrastructure.dll.mdb
6,Xamarin.Auth.dll.mdb
6,PluginInterface.dll.mdb
6,item_recommendation.exe.mdb
6,MathsInvaders.exe.mdb
6,Test.mdb
6,OpenTK.dll.mdb
6,System.Web.Extensions.Design.dll.mdb
6,test-ram.mdb
6,FlatRedBallAndroid.dll.mdb
6,Valle.GtkUtilidades.dll.mdb
6,TextOnImage.dll.mdb
6,SwinGame.dll.mdb
6,SerialMonitor4Arduino.exe.mdb
6,DocDB.mdb
6,SegmentedControl.dll.mdb
6,MonoTouch.Dialog-1.dll.mdb
5,UnityEngine.AssetBundleModule.dll.mdb
5,I18N.West.dll.mdb
5,ex0101.dll.mdb
5,ReactiveUI.Events.dll.mdb
5,sn.exe.mdb
5,golf.mdb
5,OverlayTestiOS.exe.mdb
5,I18N.CJK.dll.mdb
5,file.mdb
5,CookComputing.XmlRpcV2.dll.mdb
5,browsercaps-updater.exe.mdb
5,TypeAlias.dll.mdb
5,KMValidator.dll.mdb
5,SQLiteExample.dll.mdb
5,MultichainCliLib.dll.mdb
5,jobr.iOS.exe.mdb
5,ShmupWarz.dll.mdb
5,JRCLib.exe.mdb
5,Kinvey-Xamarin.dll.mdb
5,Project2.dll.mdb
5,Google.Apis.Android.dll.mdb
5,PrintMethods.dll.mdb
5,Sample.exe.mdb
5,0.dll.mdb
5,mdb-mismatch.dll.mdb
5,TraceLab.Core.dll.mdb
5,XamarinPagesDemo.iOS.exe.mdb
5,System.ServiceModel.Web.dll.mdb
5,DMS_3.dll.mdb
5,Bosco.ECS.dll.mdb
5,cert2spc.exe.mdb
5,Mono.Posix.dll.mdb
5,rating_based_ranking.exe.mdb
5,ImageGesture.iOS.exe.mdb
5,dhl1.mdb
5,I18N.dll.mdb
5,I18N.MidEast.dll.mdb
5,WebRTCBindings.dll.mdb
5,TraceLab.UI.GTK.dll.mdb
5,mono-cil-strip.exe.mdb
5,OmegaIDE.FSharp.CommonLib.dll.mdb
5,makecert.exe.mdb
5,TraceLab.exe.mdb
5,FSharp.Compiler.dll.mdb
5,ReactiveUI.Testing.dll.mdb
5,EldYoungAndroidApp.dll.mdb
5,Kinvey-Utils.dll.mdb
5,vbnc.exe.mdb
5,secutil.exe.mdb
5,mozroots.exe.mdb
5,permview.exe.mdb
5,I18N.Rare.dll.mdb
5,TrackableData.Protobuf.dll.mdb
5,Snake.exe.mdb
5,NetLegacySupport.Tuple.dll.mdb
5,UnityEngine.StandardEvents.dll.mdb
5,setreg.exe.mdb
5,dtd2xsd.exe.mdb
5,Akka.Interfaced.SlimSocket.Base.dll.mdb
5,PeerJS.dll.mdb
5,ScannerBarcode.dll.mdb
5,Logger.Android.dll.mdb
5,NetSiege.Api.dll.mdb
5,NetLegacySupport.Action.dll.mdb
5,Users.mdb
5,Firebase.Platform.dll.mdb
5,mod.exe.mdb
5,dtd2rng.exe.mdb
5,Akka.Interfaced-Base.dll.mdb
5,UnityEngine.HoloLens.dll.mdb
5,CanvasSISPublish.exe.mdb
5,Kernel.dll.mdb
5,Lyrics-remake.dll.mdb
5,ContactsLib.dll.mdb
5,TrackableData.Json.dll.mdb
5,JPushBindingLibrary.dll.mdb
5,ccrewrite.exe.mdb
5,soapsuds.exe.mdb
5,phoenix.iOS.exe.mdb
5,Settings.exe.mdb
5,macpack.exe.mdb
5,ICSharpCode.NRefactory.dll.mdb
5,LidgrenUdpNet.dll.mdb
5,MeasurementConverter.dll.mdb
5,GHSE Online.dll.mdb
5,KeyChain.Net.XamarinIOS.dll.mdb
5,App1.dll.mdb
5,ictool.exe.mdb
5,caspol.exe.mdb
5,I18N.Other.dll.mdb
5,sit313.Ass01.PA.dll.mdb
5,Formulas.mdb
5,TrackableData.dll.mdb
5,RestSharp.Portable.dll.mdb
5,Xamarin.Mobile.dll.mdb
5,WebRTCAndroidDemo.dll.mdb
5,RESTBase.Data.Model.dll.mdb
5,System.Web.Mvc.dll.mdb
5,PlayMakerEditor.dll.mdb
5,disco.exe.mdb
5,ForgeNetworkingCommon.dll.mdb
5,PowerShell-Terms-Rules.mdb
5,certmgr.exe.mdb
5,chktrust.exe.mdb
5,CIM.dll.mdb
5,PageRank.exe.mdb
5,CommandLineProgram.dll.mdb
5,signcode.exe.mdb
5,BaiduMapApiBindingLibrary.dll.mdb
5,installvst.exe.mdb
5,Mono.Cairo.dll.mdb
5,download.mdb
5,elmah.mdb
4,dmcs.exe.mdb
4,Pokedex.Cross.Droid.dll.mdb
4,Data.mdb
4,Madplan.Android.dll.mdb
4,Mono.WebBrowser.dll.mdb
4,DrawShapeiOS.exe.mdb
4,PoveryAttack.dll.mdb
4,Ionic.Zip.Unity.dll.mdb
4,System.Reactive.Interfaces.dll.mdb
4,LocatorXamarin.dll.mdb
4,Amazon.dll.mdb
4,sampleDB.mdb
4,System.Data.Services.dll.mdb
4,System.Data.OracleClient.dll.mdb
4,System.IdentityModel.Selectors.dll.mdb
4,System.Management.dll.mdb
4,System.Configuration.dll.mdb
4,System.Web.Routing.dll.mdb
4,atk-sharp.dll.mdb
4,atdc_sort.exe.mdb
4,System.Reactive.Linq.dll.mdb
4,Cordova.Android.Binding.dll.mdb
4,camera.dll.mdb
4,SecureIM.dll.mdb
4,MonitorData.mdb
4,CardApp.dll.mdb
4,LocatorXamarin.Android.dll.mdb
4,AbTextProcess.dll.mdb
4,GitHub.Unity.45.dll.mdb
4,System.Drawing.Design.dll.mdb
4,Trafficing.dll.mdb
4,RandomActivityFinder.dll.mdb
4,TRLevelUtility.exe.mdb
4,Valle.ToolsTpv.dll.mdb
4,MameMonoUI.exe.mdb
4,Project2.Droid.dll.mdb
4,Mono.Security.Win32.dll.mdb
4,Demo.Plugin.AlertDialog.dll.mdb
4,XSvgPath.dll.mdb
4,Plugin.Permissions.Abstractions.dll.mdb
4,OpenMassSenderDB.mdb
4,Lexical Analyzer.dll.mdb
4,Antlr3.Utility.dll.mdb
4,CRM_Cross_Platform.Droid.dll.mdb
4,OkHttp.dll.mdb
4,development.mdb
4,Toolbox.Droid.dll.mdb
4,MvcPaging.dll.mdb
4,ImageChan.exe.mdb
4,Metaverse.Controller.dll.mdb
4,Firebase.Firestore.dll.mdb
4,TableML.dll.mdb
4,FFImageLoading.dll.mdb
4,System.Data.Linq.dll.mdb
4,System.Data.DataSetExtensions.dll.mdb
4,pango-sharp.dll.mdb
4,PBKDF2Cypto.dll.mdb
4,nunit.framework.dll.mdb
4,Cirrious.MvvmCross.dll.mdb
4,System.Reactive.Core.dll.mdb
4,helpdb.mdb
4,LINQ_Performance.exe.mdb
4,Example_WorkingWithAudio.dll.mdb
4,Mono.Http.dll.mdb
4,System.Web.dll.mdb
4,laziness-buster.exe.mdb
4,FSharp.Core.dll.mdb
4,students.mdb
4,search.mdb
4,System.Data.Services.Client.dll.mdb
4,Novell.Directory.Ldap.dll.mdb
4,cscompmgd.dll.mdb
4,RandomActivityFinder.Droid.dll.mdb
4,Google.GData.Client.dll.mdb
4,Moments.Analysis.exe.mdb
4,node-adodb.mdb
4,V3Sdk.dll.mdb
4,Hammock.Mono.dll.mdb
4,Mono.Simd.dll.mdb
4,Google.Apis.iOS.dll.mdb
4,#db_clear.mdb
4,Voltex_Tools.Android.dll.mdb
4,XamarinGit.dll.mdb
4,HPXTest.dll.mdb
4,FFImageLoading.Platform.dll.mdb
4,Prueba.exe.mdb
4,BluetoothScout.exe.mdb
4,Accessibility.dll.mdb
4,Mono.Messaging.RabbitMQ.dll.mdb
4,calendarinfusion.mdb
4,ServiceStack.Common.MonoTouch.dll.mdb
4,kartotek.mdb
4,artist.mdb
4,Commons.Xml.Relaxng.dll.mdb
4,PEAPI.dll.mdb
4,MVVM.UnitTest.dll.mdb
4,x-fmt-239-signature-id-272.mdb
4,Semantics Analyzer.dll.mdb
4,Jint.dll.mdb
4,Shippo.dll.mdb
4,BeardedManStudios.dll.mdb
4,XamarinCircularSeekBar.dll.mdb
4,CardApp.Android.dll.mdb
4,CAPLab.iOS.exe.mdb
4,StandardObjects.dll.mdb
4,System.IdentityModel.dll.mdb
4,System.Design.dll.mdb
4,Google.Apis.Android.Generated.dll.mdb
4,MvvmCross.Platform.Droid.dll.mdb
4,gdk-sharp.dll.mdb
4,x-fmt-241-signature-id-274.mdb
4,NeoStore.Droid.dll.mdb
4,Restart.exe.mdb
4,Plugin.BLE.dll.mdb
4,PotatoGame.exe.mdb
4,articles.mdb
4,recordings.mdb
4,AssemblyToProcessMono.dll.mdb
4,NeoStore.dll.mdb
4,Game2.dll.mdb
4,System.ServiceProcess.dll.mdb
4,MonkeyInCloud.Core.dll.mdb
4,TrustLessModelLib.dll.mdb
4,ipgMobile.dll.mdb
4,Lab07.dll.mdb
4,playlist.mdb
4,System.Runtime.Remoting.dll.mdb
4,Plugin.Permissions.dll.mdb
4,ServiceStack.Text.MonoTouch.dll.mdb
4,GitHub.Api.45.dll.mdb
4,CrossBrowser.iOS.exe.mdb
4,Defunction.dll.mdb
4,7segmentTimer.dll.mdb
4,PUMD_Data Dictionary.mdb
4,xamarin-forms-client.Android.dll.mdb
4,PopUpWindow.dll.mdb
4,System.EnterpriseServices.dll.mdb
4,WindowsBase.dll.mdb
4,testTest.Android.dll.mdb
4,Firebase.TaskExtension.dll.mdb
4,Cirrious.MvvmCross.Binding.dll.mdb
4,Mono.Management.dll.mdb
4,main.mdb
4,MVVM.Droid.dll.mdb
4,x-fmt-238-signature-id-271.mdb
4,MANET_DTN_Mobile.dll.mdb
4,SteamBot.exe.mdb
4,Stateless.dll.mdb
4,SMSbackup.dll.mdb
4,ex0101.Droid.dll.mdb
4,CrossBrowser.Droid.dll.mdb
4,SendEmailWithAttachment.dll.mdb
4,tipoftheday.mdb
4,guestbook.mdb
4,Lab11.dll.mdb
4,Labirinto.exe.mdb
4,Xamarin.Forms.Labs.dll.mdb
4,TinCan.xAPIWrapper.Droid.dll.mdb
4,MANET_DTN_Mobile.Droid.dll.mdb
4,CRM_Cross_Platform.dll.mdb
4,Lab10.dll.mdb
4,CSNotificationBinding.dll.mdb
4,System.Web.Abstractions.dll.mdb
4,System.Web.DynamicData.dll.mdb
4,RabbitMQ.Client.dll.mdb
4,System.Configuration.Install.dll.mdb
4,MvvmCross.Binding.Droid.dll.mdb
4,BP_sLDA.exe.mdb
4,CompoundControl.dll.mdb
4,Test Server.exe.mdb
4,Main.dll.mdb
4,Lab05P1.dll.mdb
4,SimpleWorkoutApp.dll.mdb
4,ShaderBoxLib.dll.mdb
4,GitHub.UnityShim.dll.mdb
4,gtk-sharp.dll.mdb
4,Deka.Messaging.dll.mdb
4,ClassLibrary1.dll.mdb
4,mdoc.exe.mdb
4,Firebase.Database.dll.mdb
4,XamarinGit.Droid.dll.mdb
4,DeadDown.exe.mdb
4,glib-sharp.dll.mdb
4,FreeRaider.Loader.dll.mdb
4,Cirrious.MvvmCross.Localization.dll.mdb
4,MWCBabelFish.mdb
4,Lab08.dll.mdb
4,Mono.Debugger.Soft.dll.mdb
4,Migrator.dll.mdb
4,HtmlAgilityPack.dll.mdb
4,test.exe.mdb
4,Bosco.dll.mdb
4,TimeOut.dll.mdb
4,UnTest-Console.exe.mdb
4,login_2000.mdb
4,genre.mdb
4,Microsoft.VisualC.dll.mdb
4,Mono.Messaging.dll.mdb
4,System.Drawing.dll.mdb
4,x-fmt-240-signature-id-273.mdb
4,CreditRepairPrototype.dll.mdb
4,NeuralCryptography.exe.mdb
4,template.mdb
4,MvvmCross.Droid.Support.Core.UI.dll.mdb
4,KeyChain.Net.XamarinAndroid.dll.mdb
4,Application.exe.mdb
4,simplemdb.exe.mdb
4,TableMLCompiler.dll.mdb
4,empty2003.mdb
4,ArtemisComm.Android.dll.mdb
4,albums.mdb
4,System.Messaging.dll.mdb
4,System.DirectoryServices.dll.mdb
4,Mono.Tasklets.dll.mdb
4,4_1Test.dll.mdb
4,Firebase.Storage.dll.mdb
4,AdmnCodes.mdb
4,MeasurementConverter.Droid.dll.mdb
4,x-fmt-66-signature-id-270.mdb
4,GHSE Online.dllGHSE Online.dll.mdb
4,mailliste.mdb
4,CustomMarshalers.dll.mdb
4,4_2Tests.dll.mdb
4,FSharp.Build.dll.mdb
4,AudioSynthesis.dll.mdb
4,UnityEngine.SpriteShapeModule.dll.mdb
4,ATCSdb.mdb
4,PokedexCrossiOS.exe.mdb
4,gui.exe.mdb
4,Mono.TextEditor.dll.mdb
4,Lab09.dll.mdb
4,MvvmCross.Droid.dll.mdb
3,settings7.mdb
3,loot.mdb
3,grensesnitt.Framework.dll.mdb
3,settings12.mdb
3,FFImageLoading.Forms.dll.mdb
3,Arreglos.exe.mdb
3,omron.mdb
3,CoreAudioApi.dll.mdb
3,Xwt.Gtk.dll.mdb
3,load-elf.mdb
3,Plugin.Geolocator.Abstractions.dll.mdb
3,MonoMac.dll.mdb
3,OneLPipe.mdb
3,Unity.Analytics.Editor.dll.mdb
3,Sirenix.Utilities.Editor.dll.mdb
3,Sirenix.OdinInspector.Editor.dll.mdb
3,Zoll_2015 Test Data Template.mdb
3,LiteNetLib.dll.mdb
3,OmegaIDE.Backend.File.exe.mdb
3,XamarinMemeGenerator.dll.mdb
3,AFNetworking-Xamarin.dll.mdb
3,Unity.Analytics.Tracker.dll.mdb
3,data-naming-conventions-beta_v0.8.mdb
3,test-usbdev.mdb
3,WebOrigin#CMS.mdb
3,delimerced.mdb
3,SynthControls.dll.mdb
3,Application.iOS.exe.mdb
3,Plugin.BLE.Abstractions.dll.mdb
3,settings3.mdb
3,metadata.mdb
3,NLog.Extended.dll.mdb
3,OpenCommonsGame.Server.exe.mdb
3,BottomToolbar.dll.mdb
3,GeneticSharp.Extensions.dll.mdb
3,Core.Domain.dll.mdb
3,Feeder.dll.mdb
3,Roster Template.mdb
3,TinCan.Standard.dll.mdb
3,test-tlv320aic32.mdb
3,testdb.mdb
3,gio-sharp.dll.mdb
3,Albian.Foundation.dll.mdb
3,au.id.cxd.HMM.dll.mdb
3,W800Rf32Lib.dll.mdb
3,MsgPack.dll.mdb
3,base.mdb
3,ExpressMapper.dll.mdb
3,libtvcontrol-lg.dll.mdb
3,GnatMQ.dll.mdb
3,nunit.core.extensions.dll.mdb
3,settings4.mdb
3,PushNotification.Plugin.dll.mdb
3,ConsoleUI.dll.mdb
3,LinqExtender.dll.mdb
3,FlatBuffers.dll.mdb
3,Cirrious.CrossCore.dll.mdb
3,MSCodeChallenge.dll.mdb
3,settings8.mdb
3,Dictionary.mdb
3,JacoBot.exe.mdb
3,HeatsinkLibrary.dll.mdb
3,DataModel.dll.mdb
3,MySqlEntityTest.exe.mdb
3,LatexMath2MathML.dll.mdb
3,bbdd.mdb
3,Geolocator.Plugin.dll.mdb
3,System.Windows.dll.mdb
3,testACCESS.mdb
3,ZYSocketRPCService.dll.mdb
3,nunit.util.dll.mdb
3,MonkeyInCloud.Phone.iOS.exe.mdb
3,bd1.mdb
3,settings6.mdb
3,SharedLib.dll.mdb
3,ProfileHG.dll.mdb
3,GPipe.mdb
3,TinyWDN.mdb
3,TLSharp.Core.dll.mdb
3,GeneticSharp.Domain.dll.mdb
3,Quest.dll.mdb
3,Tokamak.dll.mdb
3,ImageGesture.Droid.dll.mdb
3,LibTVControl.dll.mdb
3,nunit.framework.extensions.dll.mdb
3,Octokit.dll.mdb
3,gmcs.exe.mdb
3,Triangle.dll.mdb
3,temp.mdb
3,AG.Droid.dll.mdb
3,nunit.core.dll.mdb
3,load-elf-mc24.mdb
3,settings9.mdb
3,dna.Droid.dll.mdb
3,SegmentedControl.Android.dll.mdb
3,OpenLinq.dll.mdb
3,QuickTodo.dll.mdb
3,Plugin.SecureStorage.dll.mdb
3,dna.iOS.exe.mdb
3,NLog.dll.mdb
3,BB_Main.mdb
3,dbMunIIIRescue-Example.mdb
3,DB.mdb
3,Microsoft.Build.dll.mdb
3,Cordova.Android.Test.dll.mdb
3,CrossUI.Core.dll.mdb
3,MonoMac.CFNetwork.dll.mdb
3,OpenStackCmdlets.dll.mdb
3,Application.Droid.dll.mdb
3,test-hid.mdb
3,Plugin.Geolocator.dll.mdb
3,Pathfinder.exe.mdb
3,Microsoft.Build.Evaluation.dll.mdb
3,Paradix.Engine.dll.mdb
3,TraceLabSDK.dll.mdb
3,InstallNLogConfig.exe.mdb
3,Devnos.Popover.dll.mdb
3,Google.Apis.Android.Sample.dll.mdb
3,testAccess2_2002-2003.mdb
3,OmegaIDE.Backend.Compiler.exe.mdb
3,eLePhant.dll.mdb
3,newGame.dll.mdb
3,MyTencentMap.dll.mdb
3,Firebase.Editor.dll.mdb
3,M2Mqtt.Net.dll.mdb
3,Geolocator.Plugin.Abstractions.dll.mdb
3,DatabaseVisited.dll.mdb
3,gallery.dll.mdb
3,Updater.dll.mdb
3,settings5.mdb
3,settings10.mdb
3,_sample.mdb
3,SMSbackup.dllSMSbackup.dll.mdb
3,LibInCryptoSec2.dll.mdb
3,print-fat32.mdb
3,Expensometer.Core.dll.mdb
3,ProcessDB.mdb
3,Cordova.Droid.Test.dll.mdb
3,Cirrious.MvvmCross.Plugins.File.dll.mdb
3,XGravatar.dll.mdb
3,ResourceAccessTests.Droid.dll.mdb
3,TestApp3.dll.mdb
3,OSVR.ClientKit.dll.mdb
3,blazey.configuration.management.dll.mdb
3,TestSharp.dll.mdb
3,MarsRover.Business.dll.mdb
3,ZYSocketRPCClientIOS.dll.mdb
3,XamarinFormsCarCatalog.dll.mdb
3,FloatMenu.Android.dll.mdb
3,issue_1164.mdb
3,testAccess2_2000.mdb
3,SheetLib.dll.mdb
3,Newtonsoft.Json.MonoTouch.dll.mdb
3,Gevi.Hidegviz.Core.dll.mdb
3,Sirenix.Serialization.Config.dll.mdb
3,Google.GData.Extensions.dll.mdb
3,Flight Template.mdb
3,CommonLib.dll.mdb
3,WhiteMars.Framework.dll.mdb
3,Mockup01.dll.mdb
3,BloomFilter.dll.mdb
3,csharp.dll.mdb
3,Example2000.mdb
3,Xwt.dll.mdb
3,test-eth-mdb.mdb
3,test-flash.mdb
3,MediaScanner.mdb
3,nvm2.exe.mdb
3,RESTBase.Domain.dll.mdb
3,PermitTest.exe.mdb
3,XamarinPagesDemo.Droid.dll.mdb
3,WebRtcCSharp.dll.mdb
3,Google.Apis.iOS.Generated.dll.mdb
3,testAccess_V1997.mdb
3,UmengSDKJar.dll.mdb
3,CompoundControliOS.exe.mdb
3,StatsLib.dll.mdb
3,BaseTest.mdb
3,nunit.core.interfaces.dll.mdb
3,nunit.mocks.dll.mdb
3,NRegex.dll.mdb
3,CommandLine.dll.mdb
3,Issue697.dll.mdb
3,settings11.mdb
3,TraceLabSDK.Types.dll.mdb
3,dbKST-Real Time Orbit Example.mdb
3,RESTBase.Data.DAL.dll.mdb
3,Mono.Cecil.Mdb.dll.mdb
3,Mono.XBuild.Tasks.dll.mdb
3,LocalHeatingNetwork.mdb
3,Cirrious.MvvmCross.Droid.Maps.dll.mdb
3,SimplePickerViewTest.exe.mdb
3,Sample.mdb
3,btraceback.mdb
3,Beetle.mdb
3,CreditRepairPrototype.iOS.exe.mdb
3,TinCan.xAPIWrapper.dll.mdb
3,test-sdhc-fast.mdb
3,TextOnImage.Android.dll.mdb
3,CHEKSEngine.dll.mdb
3,nunit-console-runner.dll.mdb
3,SampleCommandlineApp.exe.mdb
3,Example2003.mdb
3,jobr.Droid.dll.mdb
3,ICSharpCode.NRefactory.CSharp.dll.mdb
3,BB_Log_2016_03.mdb
3,cairo-sharp.dll.mdb
3,TinyMessenger.dll.mdb
3,WireSentry.SDK.dll.mdb
3,CrazySongMgr.mdb
3,DrawPad.dll.mdb
3,thefarm.dll.mdb
3,Unity.Analytics.StandardEvents.dll.mdb
3,golf12.mdb
3,CloudFoundry.Mono.dll.mdb
3,settings2.mdb
3,settings1.mdb
3,hotc.Droid.dll.mdb
3,findme.Droid.dll.mdb
3,OmniSharp.exe.mdb
3,person.mdb
3,Cirrious.MvvmCross.AutoView.dll.mdb
2,RomeinseCijfers.exe.mdb
2,ReactiveUI.Mobile.dll.mdb
2,json2.exe.mdb
2,PCLCrypto.dll.mdb
2,UnityEngine.Advertisements.dll.mdb
2,SocketRocket.dll.mdb
2,FLLMissies.exe.mdb
2,MvvmCross.Binding.Mac.dll.mdb
2,specs.dll.mdb
2,Microsoft.Z3.dll.mdb
2,ICSharpCode.NRefactory.Cecil.dll.mdb
2,RestSharp.MonoDroid.dll.mdb
2,adresse.mdb
2,KerneliOS.exe.mdb
2,l2packet.exe.mdb
2,audio.mdb
2,Microsoft.Build.Utilities.dll.mdb
2,Ej4.exe.mdb
2,SecureIMcli.exe.mdb
2,XGravatar.Droid.dll.mdb
2,MathNet.Numerics.dll.mdb
2,PageRank.Runtime.exe.mdb
2,golf03.mdb
2,ObjectPlacementPerformanceTest.exe.mdb
2,OpenPush_W8.dll.mdb
2,FlatpakShortcutWizard.exe.mdb
2,alphatodo.exe.mdb
2,SocialMediaAndroid.dll.mdb
2,networking.dll.mdb
2,jaando_pdf.exe.mdb
2,MineAPI.CSharp.dll.mdb
2,Pubnub.exe.mdb
2,Google.JarResolver_v1.2.136.0.dll.mdb
2,db-enc.mdb
2,MvvmCross.iOS.dll.mdb
2,ownshotLin.exe.mdb
2,Squad.dll.mdb
2,FP.mdb
2,Wizard.mdb
2,ServiceStack.OrmLite.SqlServer.dll.mdb
2,iOS7Colors.exe.mdb
2,pivot.mdb
2,UnitTests.dll.mdb
2,fsc.exe.mdb
2,Buddy.exe.mdb
2,Battleships.exe.mdb
2,Pi.exe.mdb
2,CSharpMultiPartPostHandler.exe.mdb
2,ASP.NET-Sample.dll.mdb
2,AG.dll.mdb
2,Octokit-Extensions35.dll.mdb
2,bordados marion.mdb
2,ContactsSample.dll.mdb
2,BD2.Conv.Frontend.Raw.dll.mdb
2,IntelMediaServer-Empty.mdb
2,Randomizer.exe.mdb
2,DevnosPopoverSample.exe.mdb
2,custom.mdb
2,Mono.Configuration.Crypto.dll.mdb
2,NetSiege.MacApp.exe.mdb
2,dokiScriptCompilerForMac.exe.mdb
2,JungleDave.dll.mdb
2,XSvgPath.dllXSvgPath.dll.mdb
2,XamarinMemeGenerator.Droid.dll.mdb
2,site_db.mdb
2,app.exe.mdb
2,GameEngine.Data.dll.mdb
2,bretti.mobileapp.cross.Droid.dll.mdb
2,Voltex_Tools.iOS.exe.mdb
2,jabber-net.dll.mdb
2,Bookings.mdb
2,Amazon.Droid.dll.mdb
2,RoundedBoxViewRendereriOS.exe.mdb
2,archivage_cours.mdb
2,AS3DelaunayExtended.dll.mdb
2,BD2.Repo.Net.dll.mdb
2,BD2.Test.Core.UserRepository.exe.mdb
2,forum.mdb
2,Delegados.exe.mdb
2,Baza.mdb
2,prob12.exe.mdb
2,OmegaIDE.Backend.Core.exe.mdb
2,TIBASIC.exe.mdb
2,SocialMediaiOS.exe.mdb
2,General.dll.mdb
2,LibQuasar.dll.mdb
2,Cirrious.MvvmCross.Droid.dll.mdb
2,ApexSharedEditor.dll.mdb
2,PresentationiOS.exe.mdb
2,BigRedButtonOfDeath.Android.dll.mdb
2,axc.exe.mdb
2,ch3_vulnerable_soap_endpoint.dll.mdb
2,System.ServiceModel.Discovery.dll.mdb
2,SecureIMwinforms.exe.mdb
2,UBB2HTML.dll.mdb
2,LZWComression.exe.mdb
2,prob22.exe.mdb
2,prob18.exe.mdb
2,ONGMANAGER.mdb
2,stat_test.exe.mdb
2,Flock2D.exe.mdb
2,webimgPlugin.dll.mdb
2,ApplicationData.mdb
2,HelloWorldXamarinAndroid.dll.mdb
2,Arma2Net.Addins.dll.mdb
2,Protected.mdb
2,droidtowers.dll.mdb
2,ProjectSync.mdb
2,IRCTest.exe.mdb
2,Plugin.Bluetooth.Abstractions.dll.mdb
2,JacoChatConfigGenerator.exe.mdb
2,System.Web.ApplicationServices.dll.mdb
2,xselect.mdb
2,UM4RS.dll.mdb
2,prob15.exe.mdb
2,OpenStackCmdlets.Tests.dll.mdb
2,golf09.mdb
2,ProductSales-student.mdb
2,sfw.net.dll.mdb
2,Commando.exe.mdb
2,C5.Mono.dll.mdb
2,findWiki.exe.mdb
2,NUFPApplication.mdb
2,Google.JarResolver_v1.2.165.dll.mdb
2,DDN.mdb
2,OAuth.dll.mdb
2,UnityContrib.UnityEngine.dll.mdb
2,OrderNowAndroid.dll.mdb
2,Google.GData.Spreadsheets.dll.mdb
2,FSharpTest.exe.mdb
2,StatXAPIConsole.exe.mdb
2,deletionLibrary.Tests.dll.mdb
2,failedhisi.mdb
2,System.ServiceModel.Routing.dll.mdb
2,System.Net.Http.Formatting.dll.mdb
2,RaptorASM.exe.mdb
2,gate.exe.mdb
2,Contacts.Android.dll.mdb
2,ASLSitesClient.exe.mdb
2,FinalServerSolution.exe.mdb
2,Google.PackageManagerResolver.dll.mdb
2,KotysAndroidCsharp2.dll.mdb
2,SegmentedControliOS.exe.mdb
2,golf99.mdb
2,MineAPI.Editor.exe.mdb
2,DLC.dll.mdb
2,HolaMundo.exe.mdb
2,Page.exe.mdb
2,TOWare.Mac.exe.mdb
2,pcaudio.mdb
2,Microsoft.Build.Utilities.v4.0.dll.mdb
2,Mono.C5.dll.mdb
2,System.Dynamic.dll.mdb
2,mono-configuration-crypto.exe.mdb
2,Appointments.Services.dll.mdb
2,TestIO.exe.mdb
2,prob19.exe.mdb
2,Pipeline.exe.mdb
2,8036.mdb
2,golf06.mdb
2,flickrimagelist.dll.mdb
2,PhoneDialerAndMessaging.dll.mdb
2,smcs.exe.mdb
2,VDS.Common.dll.mdb
2,Nutrition.mdb
2,NHibernate.mdb
2,BD2.Conv.Generic.DataTranslator.dll.mdb
2,SendSms_iOS.exe.mdb
2,ServiceStack.Pcl.Android.dll.mdb
2,BomberbroServer.exe.mdb
2,saywhat1.mdb
2,evoStuffz.exe.mdb
2,JamRin.exe.mdb
2,MathNet.Numerics.Data.Matlab.dll.mdb
2,linkee1.mdb
2,Zlib.Portable.dll.mdb
2,ZYNetClientIOS.dll.mdb
2,monomart.Tests.dll.mdb
2,pubs_access.mdb
2,ValleTpv.exe.mdb
2,XamarinPagesDemo.UITests.dll.mdb
2,elosnoc20150502.exe.mdb
2,Metaverse.exe.mdb
2,Cirrious.CrossCore.Droid.dll.mdb
2,testodbc.mdb
2,IBatisNet.mdb
2,NPetshop.mdb
2,OSHCrop.exe.mdb
2,DatabaseProject.mdb
2,Infrastructure.IoC.dll.mdb
2,SoundProject1.Android.dll.mdb
2,BD2.Frontend.Table.Linq.dll.mdb
2,BD2.Test.Daemon.StreamPair.exe.mdb
2,tickets.mdb
2,Microsoft.Build.Tasks.v3.5.dll.mdb
2,WebMatrix.Data.dll.mdb
2,CalculatorTests.dll.mdb
2,NUnitReport.exe.mdb
2,Google.VersionHandlerImpl.dll.mdb
2,Instagram-Downloader.exe.mdb
2,WireSentry.Scanners.Common.dll.mdb
2,f.meta.exe.mdb
2,fbsdefines_cs.dll.mdb
2,Firebase.Analytics.dll.mdb
2,SudokuSolver.exe.mdb
2,PubSub.dll.mdb
2,BD2.Chunk.Daemon.Common.dll.mdb
2,exportdb.mdb
2,net-with-mysql.exe.mdb
2,userAuth.cpl.dll.mdb
2,TinyMessengerConsole.exe.mdb
2,blank.mdb
2,labor.mdb
2,AnvanceSQL.exe.mdb
2,ApexSerialization.dll.mdb
2,CodeGenerator.exe.mdb
2,OpenCommonDialog.mdb
2,Plugin.Media.dll.mdb
2,test_pgdb.mdb
2,dbMaps Template.mdb
2,JobSearchScorecard.PCL.UITests.dll.mdb
2,ReactiveUI.mdb
2,NetworkSellFood.dll.mdb
2,likeTest.mdb
2,XSvgPath.Droid.dll.mdb
2,LubyTransform.dll.mdb
2,fruit.mdb
2,NeuralNetworkPackage.exe.mdb
2,Google.Sharpen.dll.mdb
2,NitroFileLoader.exe.mdb
2,libLHC.dll.mdb
2,OpenTK-1.0.dll.mdb
2,BusLog.mdb
2,DHLoggingLib.dll.mdb
2,Game_of_Drones.exe.mdb
2,hoa.exe.mdb
2,BD2.Test.Daemon.SSDP.exe.mdb
2,Compiler.exe.mdb
2,dbCatalog Template.mdb
2,Groovy.exe.mdb
2,System.Xaml.dll.mdb
2,PrimePalindrome.exe.mdb
2,AutoExtension.Test.dll.mdb
2,DesigerWT.exe.mdb
2,MathParser.dll.mdb
2,BankBuilder.exe.mdb
2,Crawler.exe.mdb
2,golf10.mdb
2,HashBully.exe.mdb
2,recyclerviewlistner.dll.mdb
2,NDatabase3.dll.mdb
2,ArbitesEto.dll.mdb
2,Training.dllTraining.dll.mdb
2,Devices.mdb
2,EPIDB.mdb
2,hotc.UITests.dll.mdb
2,BD2.Test.Daemon.Chat.exe.mdb
2,program.mdb
2,sumcdb.mdb
2,TestProperyInjection.exe.mdb
2,DirectSoundDemo.exe.mdb
2,au.id.cxd.HMMTestConsole.exe.mdb
2,epEmpty.mdb
2,text-classifier.exe.mdb
2,golf01.mdb
2,XSvgPathiOS.exe.mdb
2,opentktest.exe.mdb
2,TestWebApplication.dll.mdb
2,TrainingiOS.exe.mdb
2,ForEachVSFor.exe.mdb
2,Google.IOSResolver_v1.2.136.0.dll.mdb
2,DivRelay2016.mdb
2,Npgsql.EntityFramework.dll.mdb
2,ErrorCodes.mdb
2,linkee2.mdb
2,noroman.mdb
2,golf02.mdb
2,MapReduceSQL.exe.mdb
2,PointsTrackerAndroid.dll.mdb
2,System.Threading.dll.mdb
2,Tran_shgeodb.mdb
2,Wilco.SyntaxHighlighter.dll.mdb
2,OpenTK-1.1.dll.mdb
2,CountdownOfNumberOfDays.exe.mdb
2,BD2.Test.Daemon.FileShare.exe.mdb
2,BD2.Conv.MSSQL.exe.mdb
2,Mapbox.Json.dll.mdb
2,Expensometer.Core.Droid.dll.mdb
2,tests.dll.mdb
2,Xamarin.Auth.Android.dll.mdb
2,tarmed.mdb
2,IEEE13.mdb
2,PageRank.Front.exe.mdb
2,TencentMapBinding.dll.mdb
2,ExampleShader.dll.mdb
2,NUFPApplicationold.mdb
2,bbms.mdb
2,RobinTheilade.UnityFramework.dll.mdb
2,Mono.Rocks.dll.mdb
2,FermentationController.dll.mdb
2,ConLib.dll.mdb
2,biosim.exe.mdb
2,Kernel.Droid.dllKernel.Droid.dll.mdb
2,RandomizerGUI.exe.mdb
2,artistalbum.mdb
2,year.mdb
2,soci_test.mdb
2,Cirrious.MvvmCross.Console.dll.mdb
2,XGravatar.dllXGravatar.dll.mdb
2,EntityNetwork.Unity3D.dll.mdb
2,sqlitemonosample.exe.mdb
2,TestIOS.exe.mdb
2,firstProject.exe.mdb
2,ServerTestConsole.exe.mdb
2,MyTencentMap.Droid.dll.mdb
2,00_oop_bank.exe.mdb
2,Gevi.Hidegviz.Gtk.exe.mdb
2,SimpleIOFramework.dll.mdb
2,FFImageLoading.Forms.Droid.dll.mdb
2,MasterDetailApp.dll.mdb
2,UnityEngine.XRModule.dll.mdb
2,PlayAudio.dll.mdb
2,leveldb-sharp.dll.mdb
2,BD2.Test.Conv.MSSQL.exe.mdb
2,ltx2mml.exe.mdb
2,SecureXML.mdb
2,dbEvents Template.mdb
2,OpenTK.Compatibility.dll.mdb
2,ShippoTesting.dll.mdb
2,InTheHand.Forms.dll.mdb
2,Car.exe.mdb
2,NetSiege.Console.exe.mdb
2,Mono.Web.dll.mdb
2,db_myl.mdb
2,Server.exe.mdb
2,drtimetracker.exe.mdb
2,TrustLessWebClient.dll.mdb
2,LexiCom.exe.mdb
2,Paradix.Farseer.dll.mdb
2,BluetoothTest.Android.dll.mdb
2,Worklist.mdb
2,BugTypes.mdb
2,ServiceStack.Text.dll.mdb
2,KeyPress.exe.mdb
2,CsharpTestApplicatie.exe.mdb
2,skandoService.dll.mdb
2,NetworkSellFood.Tests.dll.mdb
2,lionneAppli.mdb
2,Projet_Firing_squad.exe.mdb
2,prob16.exe.mdb
2,Hassium.exe.mdb
2,OpenStackPowerShellCmdlets.dll.mdb
2,StickyExpandableListBinding.dll.mdb
2,Flight_Control.exe.mdb
2,bruceblog.mdb
2,battle_dungeons.exe.mdb
2,SWRevealViewControllerXB.dll.mdb
2,Calculator.exe.mdb
2,TeleSharp.TL.dll.mdb
2,test1.dll.mdb
2,iBatisTutorial.mdb
2,ApexAIEditor.dll.mdb
2,ApexShared.dll.mdb
2,Plugin.Media.Abstractions.dll.mdb
2,ImageFun.exe.mdb
2,sample2.mdb
2,kvpcli.exe.mdb
2,WordGame.exe.mdb
2,Latex2MathML.dll.mdb
2,MoonSharp.Interpreter.dll.mdb
2,DeadXDown.exe.mdb
2,System.Runtime.Caching.dll.mdb
2,usuarios.mdb
2,MajaPoker.exe.mdb
2,SecureIMGTK.exe.mdb
2,TestFibonacci.exe.mdb
2,InterfaceInvariants.Framework.dll.mdb
2,ResourceAccess.dll.mdb
2,SystemIdentity.mdb
2,msaccess1.mdb
2,ReactiveUI.Cocoa.dll.mdb
2,TestApp.exe.mdb
2,db97-enc.mdb
2,335webApp.dll.mdb
2,MvvmCross.Platform.iOS.dll.mdb
2,jobr.UITests.dll.mdb
2,ICSharpCode.NRefactory.Xml.dll.mdb
2,TokamakTests.dll.mdb
2,debug.mdb
2,SGTA_DB.mdb
2,Zahlensysteme.exe.mdb
2,FloatMenuiOS.exe.mdb
2,Matriz.exe.mdb
2,Parametros.exe.mdb
2,NorthWnd.mdb
2,iLib.dll.mdb
2,Google.Apis.iOS.Sample.exe.mdb
2,server.mdb
2,Db.mdb
2,AutoExtension.dll.mdb
2,Scholared.exe.mdb
2,eol.mdb
2,TestGrafList.exe.mdb
2,DataBase.mdb
2,android.dll.mdb
2,app.dll.mdb
2,DHNetwork.mdb
2,GameEngine.exe.mdb
2,PubnubCustomer.exe.mdb
2,ApexAI.dll.mdb
2,SyntaxCore.dll.mdb
2,TimeSync.exe.mdb
2,Mara.Drivers.WebDriver.dll.mdb
2,LinuxDeletionUtility.exe.mdb
2,log4net.XamarinAndroid.dll.mdb
2,bravosocService.dll.mdb
2,VirtualChat.exe.mdb
2,Mono.CodeContracts.dll.mdb
2,OddNumbers.exe.mdb
2,univ.mdb
2,ffsocial.exe.mdb
2,StoryboardTables.exe.mdb
2,OutpanLookup-devlunch.dll.mdb
2,ServiceStack.Interfaces.dll.mdb
2,FreshMvvm.dll.mdb
2,OxyPlot.dll.mdb
2,Mara.Drivers.WebDriver.Specs.dll.mdb
2,BD2.Conv.dll.mdb
2,BD2.UserManagement.CLI.exe.mdb
2,PatScan.mdb
2,NativeCallWebApp.dll.mdb
2,LegoHarbourSim.exe.mdb
2,ModernHttpClient.Android.dll.mdb
2,BloomFilterApp.exe.mdb
2,GoKit.dll.mdb
2,libipc.exe.mdb
2,MQSample.exe.mdb
2,MyNotes.dll.mdb
2,Google.IOSResolver_v1.2.165.dll.mdb
2,MvvmCross.Mac.dll.mdb
2,BD2.Core.dll.mdb
2,BD2.Repo.LevelDB.dll.mdb
2,Kernel.Droid.dll.mdb
2,IntelMediaServer.mdb
2,MicroAvServerDB.mdb
2,Mono.WebServer2.dll.mdb
2,HassiumTestDll.dll.mdb
2,userAuth.cpl.Droid.dll.mdb
2,GameProject.exe.mdb
2,APPLICATION.mdb
2,UnityEditor.Advertisements.dll.mdb
2,LAdd.exe.mdb
2,OBModule.dll.mdb
2,TextOnImageiOS.exe.mdb
2,MvvmCross.Platform.Mac.dll.mdb
2,Paradix.Sample.exe.mdb
2,Infrastructure.Data.dll.mdb
2,X4QU.dll.mdb
2,DependencyResolving.exe.mdb
2,TownVillage.mdb
2,CaesarCipher.exe.mdb
2,WebSocketDeneme.exe.mdb
2,ShippoExample.exe.mdb
2,pwd.mdb
2,golf04.mdb
2,XamarinFormsCarCatalog.Droid.dll.mdb
2,FormsTemplateiOS.exe.mdb
2,LinqToWiki.Core.dll.mdb
2,AIMIS.exe.mdb
2,ShaderBox.exe.mdb
2,cSmo.dll.mdb
2,csharp.tests.dll.mdb
2,Google.JarResolver_v1.2.124.0.dll.mdb
2,Studenty.mdb
2,Points.exe.mdb
2,ex0101.iOS.exe.mdb
2,Microsoft.Build.Tasks.dll.mdb
2,Xamarin.Auth.iOS.dll.mdb
2,hub.exe.mdb
2,UnityEngine.Purchasing.dll.mdb
2,Cirrious.MvvmCross.Plugins.Json.dll.mdb
2,compressor-io-command.exe.mdb
2,KeyChainNetXamarinIOSTests.exe.mdb
2,Cradle.dll.mdb
2,AndroidTest.dll.mdb
2,GOLF00.mdb
2,Noah.exe.mdb
2,Arbites4.exe.mdb
2,FlatRedBalliOS.dll.mdb
2,whiteStructsTests.dll.mdb
2,DateTimeAddin.dll.mdb
2,HelloWorld.exe.mdb
2,Toasts.Forms.Plugin.Droid.dll.mdb
2,pelota_rebotante_rectangulo.exe.mdb
2,FFImageLoading.Forms.Touch.dll.mdb
2,EntitasTest.dll.mdb
2,docdata.mdb
2,BD2.Conv.exe.mdb
2,BD2.LockManager.dll.mdb
2,BD2.Frontend.TextStream.dll.mdb
2,BD2.Daemon.dll.mdb
2,XamarinExtjsDemo.Droid.dll.mdb
2,EuroDolarConversor.dll.mdb
2,HassiumForms.dll.mdb
2,AOSP-Studio.exe.mdb
2,unidedhisi.mdb
2,avata.mdb
2,Cradle.Editor.dll.mdb
2,Google.IOSResolver.dll.mdb
2,eLePhant.Interface.dll.mdb
2,FFImageLoading.Droid.dll.mdb
2,ToolsTpv.dll.mdb
2,KinesisArcade.mdb
2,MSCodeChallenge.Tests.dll.mdb
2,MvvmCross.Binding.iOS.dll.mdb
2,BD2.Conv.Daemon.DB4O.dll.mdb
2,dbFlt Template.mdb
2,nancy-simple-app.exe.mdb
2,Microsoft.Build.Tasks.v4.0.dll.mdb
2,tvcontrol.exe.mdb
2,FSharp.Compiler.Server.Shared.dll.mdb
2,TmlGUI.dll.mdb
2,Google.JarResolver.dll.mdb
2,norules-mtg.mdb
2,Garble.Android.dll.mdb
2,InGtkCryptoSec2.exe.mdb
2,CustomActionBar.dll.mdb
2,TestAddin.dll.mdb
2,General.Graphics.dll.mdb
2,Pusher.dll.mdb
2,Kernel.dllKernel.dll.mdb
2,ServiceStack.OrmLite.dll.mdb
2,Agenda.mdb
2,IBM.Data.DB2.dll.mdb
2,Example.exe.mdb
2,CAMELSDATA.mdb
2,PassingDataiOS.exe.mdb
2,FEA.Mesher.dll.mdb
2,ManagedCuda.dll.mdb
2,prob21.exe.mdb
2,ProjectCardboardBox.dll.mdb
2,SiteDetails.mdb
2,GLTFSerializationUWP.dll.mdb
2,LibZZT.dll.mdb
2,OAuthXmpp.dll.mdb
2,TodoAzure.Android.dll.mdb
2,calendar.exe.mdb
2,Consola.dll.mdb
2,getBorsaStatistics.exe.mdb
2,Camera.Droid.dll.mdb
2,PercentageOfSeason.exe.mdb
2,BD2.Frontend.Table.dll.mdb
2,dbBodies Template.mdb
2,LockApplication.exe.mdb
2,SearchResults.mdb
2,prob14.exe.mdb
2,Hassium.dll.mdb
2,CrazySongEmpty.mdb
2,golf07.mdb
2,golf11.mdb
2,gpgme-sharp.dll.mdb
2,CodeGen.exe.mdb
2,AdSoftwareSystems.XPlatform.exe.mdb
2,BuildingFormulas.exe.mdb
2,Training.Droid.dll.mdb
2,MMWorkHoleSharp.dll.mdb
2,CAPLab.dll.mdb
2,TrustlessAPI.dll.mdb
2,XaeiOS.Kernel.CLR.dll.mdb
2,LatinVerb.exe.mdb
2,OsmdroidAndroidBinding.dll.mdb
2,ChatDB.mdb
2,Music Archive.mdb
2,BD2.RawProxy.dll.mdb
2,LEDs.exe.mdb
2,RemoteNotify.exe.mdb
2,idedhisi.mdb
2,Microsoft.Build.Utilities.v3.5.dll.mdb
2,SharpAgenda.exe.mdb
2,TestMandelbrot.exe.mdb
2,Test-GrafList.exe.mdb
2,FEA.Physics.dll.mdb
2,Acr.Support.tvOS.dll.mdb
2,prob13.exe.mdb
2,ProteinTrackerAndroid.dll.mdb
2,Students.mdb
2,FSI-ASSEMBLY.dll.mdb
2,golf13.mdb
2,dllTest.dll.mdb
2,WITP-TPH.exe.mdb
2,App1.Android.dll.mdb
2,CountLines.dll.mdb
2,whiteMathTests.dll.mdb
2,TestApp3.Android.dll.mdb
2,ZigZag.exe.mdb
2,NDesk.DBus.dll.mdb
2,SongAdventureAndroid.dll.mdb
2,BD2.dll.mdb
2,Bluetooth.Plugin.Android.dll.mdb
2,t4sService.dll.mdb
2,OffLineApp.dll.mdb
2,VisitorDemo.dll.mdb
2,RESTBase.Web.dll.mdb
2,Microsoft.Web.Infrastructure.dll.mdb
2,RT.exe.mdb
2,Testing.exe.mdb
2,OpenSystem.C.dll.mdb
2,ToolboxiOS.exe.mdb
2,lgtvcontrol-server.exe.mdb
2,cmdata.mdb
2,ProteinTrackeriOS.exe.mdb
2,ASHLI.exe.mdb
2,golf08.mdb
2,WellBeingsAndroid.dll.mdb
2,Turing Machine Simulator.exe.mdb
2,HighLow.exe.mdb
2,DragAndDropTouch.exe.mdb
2,Google.IOSResolver_v1.2.124.0.dll.mdb
2,UnityContrib.UnityEditor.dll.mdb
2,AllocateFiles.mdb
2,Mara.dll.mdb
2,ExpandableListDemo.dll.mdb
2,easypay.mdb
2,BD2.Common.dll.mdb
2,ch2_vulnerable_json_endpoint.dll.mdb
2,TestData.ODBC.mdb
2,ConsoleUITester.exe.mdb
2,Robotics.Mobile.Core.dll.mdb
2,Reign.EditorTools.dll.mdb
2,Akavache.Portable.dll.mdb
2,Diff3D.dll.mdb
2,MonoJavaBridge.dll.mdb
2,LazyRoommate.iOS.exe.mdb
2,EntityNetwork.dll.mdb
2,prob11.exe.mdb
2,GLTFSerialization.dll.mdb
2,golf05.mdb
2,msaccess2.mdb
2,FillHDD.exe.mdb
2,PiLighting.exe.mdb
1,Aurora.Addon.ScriptingAddons.dll.mdb
1,PatMan Surgery v1.3.mdb
1,prologdata.mdb
1,NHibernate.SolrNet.dll.mdb
1,SimpleWrite.dll.mdb
1,GeoInfo.mdb
1,HOEditorGUIFramework.dll.mdb
1,Bemusilization.dll.mdb
1,testIndexCodesV2003.mdb
1,IrisNetworking.dll.mdb
1,fastcgi-mono-server4.exe.mdb
1,RaptorDisassembler.exe.mdb
1,RaptorB.exe.mdb
1,20210405094651.mdb
1,PDF_Reporter_demo.mdb
1,Cirrious.MvvmCross.Dialog.Droid.dll.mdb
1,FakeLib.dll.mdb
1,Model.dll.mdb
1,OpenIAB_W8Plugin.dll.mdb
1,BlogServer.Common.dll.mdb
1,Herd.dll.mdb
1,SongbooksDB.mdb
1,cpu.exe.mdb
1,CrazySong.mdb
1,hunting.mdb
1,Oxide.Ext.MySql.dll.mdb
1,LumberjackClient.dll.mdb
1,January2005.mdb
1,V_Code.mdb
1,INVENTARIOS.mdb
1,transnames.exe.mdb
1,ICSharpCodeZipLib.dll.mdb
1,ZXing.Net.MonoTouch.dll.mdb
1,nunit-console-x86.exe.mdb
1,Byn.Common.dll.mdb
1,untitled2.exe.mdb
1,Ninject.Web.Common.dll.mdb
1,AdMaiora.AppKit.Core.dll.mdb
1,TunnelSnakesPropertyManagement.dll.mdb
1,ManyConsole.dll.mdb
1,Copy (2) of photobook.mdb
1,CoffeePiFiller.exe.mdb
1,GridImageUploadCmd.exe.mdb
1,IsolatedIslandGame.Library.dll.mdb
1,FoolDNS-Installer.exe.mdb
1,OpenCommonsGame.Editor.exe.mdb
1,compIndexTestV2000.mdb
1,test2V1997.mdb
1,nunit.uiexception.dll.mdb
1,ttg_1007.mdb
1,TrojanList.mdb
1,170.mdb
1,ikdasm.exe.mdb
1,Robotics.Mobile.Core.iOS.dll.mdb
1,ComprasWeb.dll.mdb
1,BehaviorTree.dll.mdb
1,foro.mdb
1,STEC_Tables.mdb
1,AdventureWorksSample.mdb
1,Data_g.mdb
1,NYU ED Application 2.1.mdb
1,Demo.Plugin.AlertDialog.Droid.dll.mdb
1,Demo.Plugin.AlertDialog.iOS.dll.mdb
1,OpenStack.dll.mdb
1,Data2.mdb
1,Oxide.Ext.CSharp.dll.mdb
1,ProductSales_student.mdb
1,Symbology_data.mdb
1,NOAA SCATdb Data 3.8.rev1.mdb
1,EPSG Projections.mdb
1,prova2.mdb
1,Android-iBeacon-Service.dll.mdb
1,NEWS.mdb
1,Revenj.Bench.dll.mdb
1,gbfm-donate.mdb
1,SimpleService.exe.mdb
1,NFCFormsSample.Droid.dll.mdb
1,EColi.mdb
1,hard.boiled.clj.dll.mdb
1,DP.mdb
1,UnityEngine.VR.dll.mdb
1,DeAudioEditor.dll.mdb
1,pnx-mono.exe.mdb
1,Zenject.dll.mdb
1,job.mdb
1,OffLineApp.iOS.exe.mdb
1,overflowTestV2000.mdb
1,zipcodes.mdb
1,Jil.dll.mdb
1,LostPolygon.uIntelliSense.dll.mdb
1,System.Data.SQLite.dll.mdb
1,System.Web.WebPages.dll.mdb
1,Microsoft.Build.Tasks.v12.0.dll.mdb
1,Copy of Formulas.mdb
1,OTA.dll.mdb
1,NAudio.dll.mdb
1,Google.JarResolver_v1.2.122.0.dll.mdb
1,prob10.exe.mdb
1,prob2.fs.exe.mdb
1,prob5.exe.mdb
1,BTZ.App.Data.dll.mdb
1,sdr.mdb
1,StudyRegionData.mdb
1,August2004.mdb
1,plats_prepares.mdb
1,UnityEngine.TimelineModule.dll.mdb
1,IOS.Clock.exe.mdb
1,DBChecking.mdb
1,TitanEditor.mdb
1,YoutubeUnity.dll.mdb
1,zxing.monoandroid.dll.mdb
1,test-utilities.dll.mdb
1,Quicksort.exe.mdb
1,data-Lab2.mdb
1,result_AutoTmpl.mdb
1,consolEmpty.mdb
1,WorkTrack_Demo.mdb
1,Rectangle.exe.mdb
1,PDFClown.dll.mdb
1,hard.hooks.clj.dll.mdb
1,swiftsuspenders-sharp-test.dll.mdb
1,GestureRecognizers.Droid.dll.mdb
1,FancyStuff.dll.mdb
1,dbMedia.mdb
1,GridMeshUploadCmd.exe.mdb
1,dat_Fyra.mdb
1,fixedTextTestV2000.mdb
1,SVNBackend.dll.mdb
1,mod-mono-server4.exe.mdb
1,cert-sync.exe.mdb
1,dhz.mdb
1,KeyChainNetTestsXamarinIOS.exe.mdb
1,ParserHelper.dll.mdb
1,VCExpr.dll.mdb
1,nssh.exe.mdb
1,grensesnitt.Sample.dll.mdb
1,FairyGUI.dll.mdb
1,CatalogAPI.exe.mdb
1,Newtonsoft.Json.MonoDroid.dll.mdb
1,whatthehellman.mdb
1,April2006.mdb
1,PresentationFramework.dll.mdb
1,MapEditor.Data.dll.mdb
1,receituario_bad.mdb
1,foldin_incremental.exe.mdb
1,nunit-gui-runner.dll.mdb
1,Aurora.Addon.WorldView.dll.mdb
1,Office Document File.mdb
1,arcadia.hydrate.clj.dll.mdb
1,GeneratedOdinEditors.dll.mdb
1,program.exe.mdb
1,ANSLOVESA.mdb
1,fxc.exe.mdb
1,ReduktuMi.exe.mdb
1,TheBooks.mdb
1,Sockets.Plugin.Abstractions.dll.mdb
1,source.mdb
1,RND.mdb
1,WebRtcWrapper.dll.mdb
1,Digital Manager (1).mdb
1,video.mdb
1,SharpMASC.dll.mdb
1,NepalInfo 2013.mdb
1,ai.dll.mdb
1,Microsoft.Build.Utilities.v12.0.dll.mdb
1,FileDB.exe.mdb
1,Assembly - CSharp.dll.mdb
1,PASAT_Mono.exe.mdb
1,prob4.exe.mdb
1,monomart.dll.mdb
1,golf14.6.29.mdb
1,BollerTuneZ.dll.mdb
1,contract.mdb
1,AdvancedInspector.dll.mdb
1,Lucene.Net.dll.mdb
1,January2004.mdb
1,SP_OnlineCC.mdb
1,UnityEngine.SubstanceModule.dll.mdb
1,ProtoGen.exe.mdb
1,Test_User.mdb
1,HotFix.dll.mdb
1,receituario.mdb
1,SizeOfApp.exe.mdb
1,StringConversion.exe.mdb
1,Lyme.mdb
1,arcadia.reflect.clj.dll.mdb
1,Pusher.Connections.SocketRocket.dll.mdb
1,AppHarbor.Web.Security.dll.mdb
1,CodeFragment.mdb
1,DB_Sergienko.mdb
1,AIM_2013.mdb
1,WRFO_2011-2014_DIMA3.1.mdb
1,Core.Application.dll.mdb
1,gtkgl-sharp.dll.mdb
1,LispReader.dll.mdb
1,EntwicklungsProjekt.exe.mdb
1,Mono.Addins.dll.mdb
1,Titles.dll.mdb
1,delColTestV2000.mdb
1,queryTestV2000.mdb
1,cmarks.mdb
1,System.Reactive.Experimental.dll.mdb
1,EntityFramework.SqlServer.dll.mdb
1,20210405095109.mdb
1,TDSM.Core.dll.mdb
1,Fluent-State-Machine.dll.mdb
1,systema.mdb
1,InterfaceInvariants.Sample.dll.mdb
1,prob6.exe.mdb
1,Ninject.Extensions.Factory.dll.mdb
1,OpenMcdf.dll.mdb
1,Blank_DB_copy.mdb
1,Punchclock.dll.mdb
1,October2007.mdb
1,November2005.mdb
1,March2006.mdb
1,July2004.mdb
1,Slider.Client.Core.dll.mdb
1,detail.mdb
1,Ferum.exe.mdb
1,MindFire.exe.mdb
1,vector.dll.mdb
1,conv.exe.mdb
1,arit.exe.mdb
1,dylrecurse.exe.mdb
1,ParserLib.dll.mdb
1,FlatRedBall.Forms.Android.dll.mdb
1,Ludiq.Graphs.Editor.dll.mdb
1,AdBuddiz.Xamarin.Android.dll.mdb
1,P4Connect.dll.mdb
1,Setup.exe.mdb
1,MathGL.dll.mdb
1,jobsHTML.mdb
1,up_boone_15_1025.mdb
1,UnitTest.mdb
1,BitwiseOperations.exe.mdb
1,clojure.template.clj.dll.mdb
1,game.background.clj.dll.mdb
1,game.collidable.clj.dll.mdb
1,queue.mdb
1,Abiturijenty.mdb
1,Google.IOSResolver_v1.2.100.0.dll.mdb
1,votesys.mdb
1,Converty.exe.mdb
1,Lexico.exe.mdb
1,61129.mdb
1,Buildron.ClassicMods.CameraMod.dll.mdb
1,Unity.XR.Oculus.Editor.dll.mdb
1,annotations.mdb
1,delTestV2000.mdb
1,dbBob-Example.mdb
1,Ejemplo_Ventanas.exe.mdb
1,System.Reactive.Providers.dll.mdb
1,EntityFramework.dll.mdb
1,20210405094530.mdb
1,loginUsers.mdb
1,runners.mdb
1,RC8Data.mdb
1,ReactiveUI.Xaml.dll.mdb
1,wx1.mdb
1,Cirrious.MvvmCross.FieldBinding.dll.mdb
1,CLRServer.exe.mdb
1,mcd.mdb
1,a2003.mdb
1,90185_2016_6_monitor11.mdb
1,sSuper.mdb
1,xidot.mdb
1,TP.mdb
1,Oxide.Core.dll.mdb
1,MainData.mdb
1,Nancy.Authentication.Forms.dll.mdb
1,SolerSoft.UI.dll.mdb
1,frame.mdb
1,December2004.mdb
1,JacoLangCompiler.exe.mdb
1,mathstest.exe.mdb
1,xmllib.exe.mdb
1,PwDB.mdb
1,picking_management_example.exe.mdb
1,nunit.uikit.dll.mdb
1,count.mdb
1,old GeneralHTML.mdb
1,UniRx.dll.mdb
1,HIV.mdb
1,dock2.mdb
1,db1_my.mdb
1,Google.JarResolver_v1.2.100.0.dll.mdb
1,bd_src.mdb
1,Project1.dll.mdb
1,TEST.mdb
1,Joins.mdb
1,Model.mdb
1,KvpbaseSDK.dll.mdb
1,WellDoneItXamFresh.dll.mdb
1,indexTestV2000.mdb
1,emptyJet4.mdb
1,delColTestV1997.mdb
1,PublicNatura2000End2015.mdb
1,System.Reactive.Windows.Forms.dll.mdb
1,dnecom.mdb
1,20210405094135.mdb
1,mydbase.mdb
1,Microsoft.CodeAnalysis.CSharp.dll.mdb
1,AWSSDK.CognitoIdentity.dll.mdb
1,Unity.IvyParser.dll.mdb
1,T3000.mdb
1,OpenTKAudio.dll.mdb
1,dbms Unit 9 Records.mdb
1,gugu.mdb
1,Books_be.mdb
1,FluentAssertions.Unity.dll.mdb
1,testDb_star.mdb
1,JFG.mySQLhelper.dll.mdb
1,golf14.5.28.mdb
1,BTZ.App.DataAccess.dll.mdb
1,BTZ.Common.dll.mdb
1,DONORTEMPLATE.mdb
1,Zenject-usage.dll.mdb
1,PasswordChecker.dll.mdb
1,Datenbank.mdb
1,December2006.mdb
1,ServiceStack.Client.Pcl.dll.mdb
1,Plugin.FilePicker.Abstractions.dll.mdb
1,testcoll.exe.mdb
1,Incidencias.mdb
1,UnityEngine.FacebookModule.dll.mdb
1,MySql.Data.dll.mdb
1,GBook88.mdb
1,System.Net.Touch.dll.mdb
1,GameData.dll.mdb
1,WebSocketSharpUnityMod.dll.mdb
1,VishayCapacitor.mdb
1,temperature_class.exe.mdb
1,HERITAGESITES.mdb
1,reankhmer.mdb
1,GravatarLib.dll.mdb
1,WindowsPhoneVRController.dll.mdb
1,Domain.Interfaces.dll.mdb
1,ILRuntime.Mono.Cecil.Pdb.dll.mdb
1,TraceLabSDK.Types.UI.GTK.dll.mdb
1,UnityEngine.CloudBuild.dll.mdb
1,ncc.exe.mdb
1,testUnicodeCompV2003.mdb
1,asvnTest2003.mdb
1,Cinemachine.dll.mdb
1,database1.mdb
1,WhiteMars.Framework.UnitTest.dll.mdb
1,Helper_demo.mdb
1,Testing Predictions.mdb
1,MemoServer.exe.mdb
1,Cirrious.MvvmCross.Plugins.All.dll.mdb
1,AD.mdb
1,Buscaminas.exe.mdb
1,AIFramework.dll.mdb
1,dbms Unit 10 Students.mdb
1,tke_db_demo.mdb
1,zero.mdb
1,Mplayer.dll.mdb
1,BlogServer.Main.exe.mdb
1,BlogServer.Service.dll.mdb
1,FiestaEngineEnviroment.dll.mdb
1,FPVR.dll.mdb
1,Misdb.mdb
1,March2007.mdb
1,Monitor.mdb
1,HOTweenMicro.dll.mdb
1,OceanHo.CommonMonoNET40.dll.mdb
1,SBI Database.mdb
1,GBook.mdb
1,JavApi.dll.mdb
1,Cirrious.MvvmCross.Dialog.Touch.dll.mdb
1,help2000.mdb
1,NRCS_FSA_Address.mdb
1,nunit.core.tests.dll.mdb
1,nunit.fixtures.tests.dll.mdb
1,Qasm.exe.mdb
1,TOCropBinding.dll.mdb
1,Byn.Net.Native.dll.mdb
1,PointsTrackerIOS.exe.mdb
1,Example.mdb
1,H1N1ClinicalLongForm.mdb
1,CursesSharp.dll.mdb
1,MultiChainLib.dll.mdb
1,Maternal_Mortality.mdb
1,PUMD_Data Dictionary v2.mdb
1,FFImageLoading.Svg.Platform.dll.mdb
1,Assembly-CSharp-firstpass.dll (1).mdb
1,test2V2003.mdb
1,indexTestV2003.mdb
1,NoteOfTheDay.dll.mdb
1,System.Threading.Tasks.Dataflow.dll.mdb
1,mdbrebase.exe.mdb
1,20210405094256.mdb
1,NetworkModuleRules.dll.mdb
1,Bookmark_demo.mdb
1,Thee Database.mdb
1,XamarinStoreiOS.exe.mdb
1,Entity.dll.mdb
1,Spravochnik.mdb
1,Lionnedat.mdb
1,instruments.mdb
1,TestLibraryMono.dll.mdb
1,t3000.mdb
1,Provers.SMTLib.dll.mdb
1,Basetypes.dll.mdb
1,grensesnitt.AddIn.dll.mdb
1,medicine.mdb
1,SDL2-CS.dll.mdb
1,BTZ.App.Communication.dll.mdb
1,CoreLib.dll.mdb
1,tenncand.mdb
1,information.mdb
1,CSharpExamples.exe.mdb
1,effort.mdb
1,Sangria.exe.mdb
1,protectedtests.exe.mdb
1,Meta++.exe.mdb
1,SimpleCrypt X.exe.mdb
1,upload.mdb
1,Bolt.State.Editor.dll.mdb
1,MonoTorrent.dll.mdb
1,data_naming_conventions_v1.2.mdb
1,swiftsuspenders-sharp.dll.mdb
1,dock3.mdb
1,machine_usage.mdb
1,Domain.Models.dll.mdb
1,HyperLiquidClasses.mdb
1,invoice.mdb
1,Ionic.Zip.dll.mdb
1,System.Web.WebPages.Deployment.dll.mdb
1,System.Web.WebPages.Razor.dll.mdb
1,Permuations.mdb
1,BouncyCastle.Crypto.dll.mdb
1,output.mdb
1,Myo.dll.mdb
1,TDWG_Geography_ed2.mdb
1,secureimGTK.exe.mdb
1,ZeroFormatter.Interfaces.dll.mdb
1,NPP.dll.mdb
1,rebop-vm.dll.mdb
1,90185_2016_7_monitor1.mdb
1,r_porter.mdb
1,Program.exe.mdb
1,BlogServer.DataAccess.dll.mdb
1,tm.mdb
1,nea.mdb
1,drivers.mdb
1,orig.mdb
1,Aplikasi_Laundry.mdb
1,~Nwind.mdb
1,gtk-dotnet.dll.mdb
1,upload_service.exe.mdb
1,libtisiwebdll.dll.mdb
1,August2007.mdb
1,SCATdb Interface v3.8.rev1.mdb
1,ArniaDidattica.exe.mdb
1,cd.mdb
1,JacoLangRuntime.exe.mdb
1,StateInterpolation.Android.dll.mdb
1,CommandLine.exe.mdb
1,testeDB.mdb
1,PdfRendererTest.dll.mdb
1,InnoTecheLearning.Droid.dll.mdb
1,ADODB_test.mdb
1,Google.JarResolver_v1.2.164.dll.mdb
1,Plugin.IPAddress.Abstractions.dll.mdb
1,dock.mdb
1,dc.mdb
1,BusStop.mdb
1,Cartoes_XML.mdb
1,PocketApplication.dll.mdb
1,#MayVote.mdb
1,LibNbt.dll.mdb
1,overflowTestV1997.mdb
1,testPromotionV2000.mdb
1,test2V2000.mdb
1,StationCode.mdb
1,G97Struc.mdb
1,econetvis.mdb
1,DotPatcher.exe.mdb
1,LoboNet.dll.mdb
1,System.Web.Http.dll.mdb
1,Google.Apis.Core.dll.mdb
1,Boo.Lang.Extensions.dll.mdb
1,Query.mdb
1,PassingData.dll.mdb
1,db_weispace.mdb
1,edge-sql.dll.mdb
1,Default_Building.mdb
1,90185_2016_6_monitor0.mdb
1,DeliveryStatementDB.mdb
1,old_tke_demo_v2.1.1.mdb
1,avahi-sharp.dll.mdb
1,skin_backup333.mdb
1,walk.exe.mdb
1,November2006.mdb
1,July2005.mdb
1,DataForge.exe.mdb
1,ZXing.Net.MonoForAndroid.dll.mdb
1,Cirrious.MvvmCross.Touch.dll.mdb
1,Bolt.Flow.Runtime.dll.mdb
1,ExtraGotoBase.mdb
1,SarhadAds.mdb
1,index_Backup.mdb
1,OpenWeaselNetworkManager.exe.mdb
1,NE_Science.dll.mdb
1,flexalgn.mdb
1,Yspishnict.mdb
1,FoodQTY.exe.mdb
1,PUMD_Data Dictionary_User Version.mdb
1,ANSAM1.mdb
1,AdMaiora.AppKit.UI.Android.dll.mdb
1,CsNative.exe.mdb
1,Districts.mdb
1,AutomationDivisionals2017.mdb
1,Company Directory.mdb
1,Battleship_CS_2016.exe.mdb
1,Battleship-Week4.exe.mdb
1,Share.Forms.Plugin.Android.dll.mdb
1,BygningsTinder.dll.mdb
1,#2012jsb.mdb
1,dbLaundry.mdb
1,m.exe.mdb
1,Stammdaten.mdb
1,ArtemisComm.dll.mdb
1,delTestV2003.mdb
1,DBempty.mdb
1,MalwareInjection.dll.mdb
1,dcdb_eesp.mdb
1,20210405094338.mdb
1,DhillonPlugin.dll.mdb
1,90185_2016_7_monitor11.mdb
1,ApexLicensing.dll.mdb
1,tke_data_clear.mdb
1,Backendless.dll.mdb
1,Fusillade.dll.mdb
1,JsonFx.Json.dll.mdb
1,dam.mdb
1,Oxide.Ext.SQLite.dll.mdb
1,speaux.mdb
1,libtisiwebtest.dll.mdb
1,May2004.mdb
1,October2004.mdb
1,SlideR.dll.mdb
1,jsonexample.exe.mdb
1,threads.exe.mdb
1,ArgumentsProcessing.dll.mdb
1,testeDB_old.mdb
1,MaianJoomlaPackager.mdb
1,bulletin.mdb
1,Aurora.Addon.FractalTerrain.dll.mdb
1,FreshIOC.dll.mdb
1,QueryExamples.mdb
1,CIS430.mdb
1,Legionellosis.mdb
1,economics.mdb
1,ServiceStack.Redis.dll.mdb
1,AlertView.dll.mdb
1,EnglishSQL.mdb
1,OpBot.exe.mdb
1,SpriterDotNet.dll.mdb
1,HOTools.dll.mdb
1,ic_database.mdb
1,ObservableCollectionEx.3.5.dll.mdb
1,CodeKicker.BBCode.dll.mdb
1,ILRuntime.Mono.Cecil.Mdb.dll.mdb
1,Suave.dll.mdb
1,Lisp.dll.mdb
1,ConsoleApplication1.exe.mdb
1,testPromotionV2003.mdb
1,fixedNumericTestV2003.mdb
1,testIndexPropertiesV2003.mdb
1,JacoChatClient.exe.mdb
1,System.Reactive.Debugger.dll.mdb
1,Boo.Lang.PatternMatching.dll.mdb
1,Pupils.mdb
1,UnityEditor.Graphs.dll.mdb
1,MonoTouch.NUnitLite.dll.mdb
1,Samsungm.mdb
1,2RLF-RIM-ou.mdb
1,Ninject.Extensions.Interception.dll.mdb
1,Lynk-J File ManagerDB.mdb
1,Oxide.Ext.JavaScript.dll.mdb
1,lspecies.mdb
1,January2006.mdb
1,April2007.mdb
1,June2004.mdb
1,October2005.mdb
1,Breakout.exe.mdb
1,template.exe.mdb
1,boxobj.exe.mdb
1,invalid.mdb
1,UnityEngine.UmbraModule.dll.mdb
1,odoo_production.exe.mdb
1,cout.dll.mdb
1,HEL.mdb
1,nunit.util.tests.dll.mdb
1,loadtest-assembly.dll.mdb
1,Cheesebaron.SlidingUpPanel.dll.mdb
1,SysWorkspace.mdb
1,Utilities.dll.mdb
1,hard.protocols.clj.dll.mdb
1,hard.spatial.clj.dll.mdb
1,game.level.midground.clj.dll.mdb
1,Byn.Awrtc.Native.dll.mdb
1,Tellstick.dll.mdb
1,UnityConnector.dll.mdb
1,wfdata.mdb
1,PVRecords_jet.mdb
1,UnityFx.Async.dll.mdb
1,calllog.mdb
1,bigIndexTestV2003.mdb
1,dbCrafts-Example.mdb
1,PublicNatura2000End2016.mdb
1,Profile_171116_1216_stnE.mdb
1,DB empty.mdb
1,160.mdb
1,RWAjaxDB.mdb
1,SharpDuster.Tests.dll.mdb
1,DBBack.mdb
1,SQLiteNetExtensions.dll.mdb
1,teste.mdb
1,OxyPlot.WindowsForms.dll.mdb
1,DBTest.mdb
1,northwind.mdb
1,dbms Unit 4 Supplier.mdb
1,medexamine.mdb
1,February2007.mdb
1,Sugar.dll.mdb
1,access_bd1.mdb
1,strrecurse.exe.mdb
1,testlzw.exe.mdb
1,GumCoreAndroid.dll.mdb
1,Formula.ISIS.API.dll.mdb
1,CrossUI.Touch.dll.mdb
1,gtkedit.exe.mdb
1,Bolt.Core.Editor.dll.mdb
1,cSqlTools.exe.mdb
1,mock-assembly.dll.mdb
1,QuasarVM.exe.mdb
1,TTS.mdb
1,POSH-core.dll.mdb
1,Poz1.NFCForms.Droid.dll.mdb
1,albany_demogz.mdb
1,OLAPDemo.mdb
1,ARRENDAS.mdb
1,Yahtzee.exe.mdb
1,AmazoniOS.exe.mdb
1,CSFlac.dll.mdb
1,Resources.dll.mdb
1,testIndexCodesV2000.mdb
1,players.mdb
1,ttg_493.mdb
1,Boo.Lang.Useful.dll.mdb
1,NCSchoolScores_2015.mdb
1,20210405095022.mdb
1,AddressBook.mdb
1,MSTest.mdb
1,wos.mdb
1,MonoDevelop.Ide.dll.mdb
1,NotePlugin.dll.mdb
1,SlapPlugin.dll.mdb
1,standard.mdb
1,amcsd.mdb
1,Castle.mdb
1,Graph.dll.mdb
1,Autoreplace.dll.mdb
1,Xamarin.Android.NUnitLite.dll.mdb
1,PFS-System.mdb
1,WireSentry.exe.mdb
1,DonkeyClient.dll.mdb
1,golf14-preWeek1.mdb
1,Oxide.Ext.Unity.dll.mdb
1,flattendb.mdb
1,March2004.mdb
1,November2004.mdb
1,October2006.mdb
1,June2005.mdb
1,September2004.mdb
1,logicop.exe.mdb
1,MongoDB.Bson.dll.mdb
1,model.dll.mdb
1,Upload.mdb
1,telecomData.mdb
1,CommunityHealthAssessment.mdb
1,arcadia.internal.map_utils.clj.dll.mdb
1,arcadia.messages.clj.dll.mdb
1,game.enemy.alien.clj.dll.mdb
1,clojure.reflect.clr.clj.dll.mdb
1,Subsampling-scale-image-view.dll.mdb
1,grammatica-1.6.dll.mdb
1,Hadron.dll.mdb
1,Access 97 Shell.mdb
1,Castle.Windsor.dll.mdb
1,GridImageUpload.exe.mdb
1,SectionMaster Client 4.16b s drive.mdb
1,Prevoz.UITest.dll.mdb
1,template_final.mdb
1,compIndexTestV2003.mdb
1,overflowTestV2003.mdb
1,dados.mdb
1,Uploader.dll.mdb
1,JacoChatServer.exe.mdb
1,Copy of Permuations.mdb
1,ThanksPlugin.dll.mdb
1,srm.mdb
1,Net.Bridge.dll.mdb
1,SecureIM.exe.mdb
1,Excel2EdFiXML.exe.mdb
1,test_for_msaccess_2000.mdb
1,Data_fr.mdb
1,dhtmlx.mdb
1,CudaSolve.dll.mdb
1,r_porter (empty 08-05).mdb
1,ServerDB.mdb
1,2015-2 UNLOCODE CodeList.mdb
1,LittleBASIC.exe.mdb
1,Mono.Addins.Setup.dll.mdb
1,Birthday.mdb
1,NVUIGradientButton.dll.mdb
1,dbstats.sample.mdb
1,Emulator.exe.mdb
1,ildebtor.mdb
1,dspecies.mdb
1,Exam.mdb
1,UrdfToUnity.dll.mdb
1,UnityEngine.BaselibModule.dll.mdb
1,oweaselfirstrun.exe.mdb
1,Cirrious.MvvmCross.OpenNetCfIoC.dll.mdb
1,WindowsEtcetera.dll.mdb
1,Bolt.Core.Runtime.dll.mdb
1,JumbleGame.exe.mdb
1,Assignment1.exe.mdb
1,Google.IOSResolver_v1.2.164.dll.mdb
1,Projekt1.dll.mdb
1,Files.mdb
1,KissSpecifications.dll.mdb
1,HEADWAY.mdb
1,Testing.dll.mdb
1,zblog.mdb
1,$xEntryDbz.mdb
1,Picasso.dll.mdb
1,tuxjunior-editor.exe.mdb
1,SimpleMinecraft.Library.dll.mdb
1,FSMtxt.exe.mdb
1,Assembly-CSharp.dll (1).mdb
1,indexCursorTestV2003.mdb
1,Natura2000_Public_End2010.mdb
1,top.mdb
1,nunit-editor.exe.mdb
1,20210405094821.mdb
1,Microsoft.CodeAnalysis.dll.mdb
1,containers.mdb
1,Data_e.mdb
1,downloader.exe.mdb
1,Triangle.Rendering.dll.mdb
1,CudaBlas.dll.mdb
1,90185_2016_6_monitor1.mdb
1,Spartan.mdb
1,Mono.Addins.Gui.dll.mdb
1,ICSharpCode.NRefactory.IKVM.dll.mdb
1,FreedomNow.exe.mdb
1,MoveScript.dll.mdb
1,XamarinFormsCarCatalogiOS.exe.mdb
1,September2005.mdb
1,May2005.mdb
1,April2004.mdb
1,UnityEngine.LocalizationModule.dll.mdb
1,ColladaImporter.dll.mdb
1,virgin metadata.mdb
1,HiToText.exe.mdb
1,Bolt.Flow.Editor.dll.mdb
1,p4api.net.dll.mdb
1,XDotNetTest.exe.mdb
1,GameEditor.dll.mdb
1,pp_pm_db.mdb
1,ZZT.exe.mdb
1,game.enemy.generator.clj.dll.mdb
1,demonstration_2008-05-25.mdb
1,Byn.Awrtc.dll.mdb
1,KAMIL.mdb
1,ANJAZ1.mdb
1,QUIK.mdb
1,Buildron.ClassicMods.SoundMod.dll.mdb
1,BBDD.mdb
1,fixedTextTestV2003.mdb
1,TicTacToe.mdb
1,oaicatdemo.mdb
1,3685111.mdb
1,Mono.Parallel.dll.mdb
1,Boo.Lang.Parser.dll.mdb
1,20210405095155.mdb
1,Mall.mdb
1,Baza danych.mdb
1,MarsRover.Presentation.exe.mdb
1,HassiumPlugin.dll.mdb
1,mdb_database.mdb
1,90185_2016_7_monitor0.mdb
1,Boogie.exe.mdb
1,RebuggerCS.exe.mdb
1,dbms Unit 8 Rental.mdb
1,prob20.exe.mdb
1,prob1.fs.exe.mdb
1,mldm.mdb
1,data_Backup.mdb
1,Copy of golf11.mdb
1,June2006.mdb
1,February2005.mdb
1,UrdfUnity.dll.mdb
1,Diffusion-DataBase.mdb
1,UnityEngine.ProfilerModule.dll.mdb
1,mme_code.mdb
1,Newtonsoft.Json.Tests.dll.mdb
1,GamebaseFM.mdb
1,MapEditor.UI.exe.mdb
1,Annagrams.exe.mdb
1,account.mdb
1,Aurora.Addon.WebUI.dll.mdb
1,HelperSharp.Pcl.dll.mdb
1,game.level.background.clj.dll.mdb
1,Tasky.Core.dll.mdb
1,Ninject.Integration.SolrNet.dll.mdb
1,ANSTROJ.mdb
1,ANSAM2.mdb
1,Recipe.mdb
1,GeneDBTmpl.mdb
1,xEntry_dbz-- - Copy.mdb
1,Assembly-CSharp-Editor.dll (1).mdb
1,Logger.dll.mdb
1,Delegados2.exe.mdb
1,ttg_attempt_1.mdb
1,CHEKSEngineInitializer.exe.mdb
1,Boo.Microsoft.Build.Tasks.dll.mdb
1,Items.mdb
1,rumbo.mdb
1,FitnessExercise.exe.mdb
1,employees.mdb
1,Gimnasio.mdb
1,Excel.dll.mdb
1,IKVM.Reflection.dll.mdb
1,testvfs.exe.mdb
1,Mvc4CSharpRazorFx40Intranet.dll.mdb
1,gmx.mdb
1,takvim.mdb
1,Learners.mdb
1,SR_PluginLoader.dll.mdb
1,yotidescargosharp.exe.mdb
1,sofla.mdb
1,skin.mdb
1,August2006.mdb
1,PITICO13.mdb
1,conquerchat.mdb
1,ProceduralParts.dll.mdb
1,Person.dll.mdb
1,numloops.exe.mdb
1,MoonSharp.RemoteDebugger.dll.mdb
1,IOS.UIPageViewController.exe.mdb
1,picking_management_example2.exe.mdb
1,nunit-console.tests.dll.mdb
1,Database1.mdb
1,Byn.Net.Websocket.dll.mdb
1,Aurora.Addon.RegApi.dll.mdb
1,CEDL_Base.mdb
1,SteamControllerMono.dll.mdb
1,ReactiveUI.Android.dll.mdb
1,NAOO_climate.mdb
1,php.mdb
1,Fibonacci_Iterative.exe.mdb
1,ASHDB.mdb
1,CMDSecure.exe.mdb
1,TimeShatterModuleRules.dll.mdb
1,client.mdb
1,Engine.dll.mdb
1,Trackfinder.mdb
1,dbGBC.mdb
1,GpsInfoProcessor_WKT.mdb
1,BirdID.mdb
1,Xamarin.Mac.dll.mdb
1,BlogServer.Test.exe.mdb
1,CredentialManagement.dll.mdb
1,baza.mdb
1,patient.mdb
1,BTZ.App.Infrastructure.dll.mdb
1,Oxide.Game.Rust.dll.mdb
1,Oxide.Ext.Lua.dll.mdb
1,SolerSoft.Plugins.dll.mdb
1,fraux.mdb
1,September2006.mdb
1,Fms.mdb
1,FSharp.Data.SqlProvider.dll.mdb
1,IOS.Loadings.exe.mdb
1,nunit.fixtures.dll.mdb
1,RpcProxyGenerator.exe.mdb
1,PatMan Surgery_be_1.3.mdb
1,KeypadPermutations.exe.mdb
1,ExplicitConversion.exe.mdb
1,caculateBmi.exe.mdb
1,vasari.mdb
1,SectionMaster Client 4.16b.mdb
1,DMS.mdb
1,rss_editor.exe.mdb
1,bigIndexTestV2000.mdb
1,adox_jet4.mdb
1,SuperAdventure.exe.mdb
1,Trustees.mdb
1,UnityVersionControl.dll.mdb
1,3685.mdb
1,TestAccessTypes.mdb
1,Cinemachine.Editor.dll.mdb
1,Boo.Lang.Compiler.dll.mdb
1,20210405094210.mdb
1,20210405094407.mdb
1,ReactiveUI.Cocoa.mdb
1,ComprasTest.dll.mdb
1,WordCloud.exe.mdb
1,MSBuild.Community.Tasks.dll.mdb
1,Mesh Explorer.exe.mdb
1,Unity.Locator.dll.mdb
1,RegistersListDB.mdb
1,UnlinkMKV-GUI.exe.mdb
1,FairyGUI.Editor.dll.mdb
1,FluentAssertions.Unity.Core.dll.mdb
1,NVSlideMenuController.dll.mdb
1,recipients.mdb
1,LZ4.dll.mdb
1,Ansdb3.0.mdb
1,PersonProg.exe.mdb
1,pretendcomp.mdb
1,join_demo.mdb
1,PhysicsLab.dll.mdb
1,Bolt.State.Runtime.dll.mdb
1,notestfixtures-assembly.dll.mdb
1,telecomDataFix.mdb
1,Newtonsoft.ModifiedJson.dll.mdb
1,GameEngine.dll.mdb
1,Poz1.NFCForms.Abstract.dll.mdb
1,Constants.exe.mdb
1,game.bullet.clj.dll.mdb
1,clojure.reflect.clj.dll.mdb
1,game.over.clj.dll.mdb
1,wojilu.mdb
1,test_mailmerge_data.mdb
1,Hermes.exe.mdb
1,KvpbaseCLI.exe.mdb
1,automation.mdb
1,ReactiveUI.Events_XamForms.dll.mdb
1,Sample2.dll.mdb
1,RimWorldBiomesCore.dll.mdb
1,IrcLib.dll.mdb
1,BygningsTinder.Droid.dll.mdb
1,EmptyKeys.GearsetModel.dll.mdb
1,testV1997.mdb
1,PublicNatura2000End2013.mdb
1,MyDSN.mdb
1,dbPlaceholder.mdb
1,TeraTaleNet.dll.mdb
1,System.Web.Http.SelfHost.dll.mdb
1,20210405094941.mdb
1,HumDrum.dll.mdb
1,Guerrilla Mail.dll.mdb
1,Hello.exe.mdb
1,ReactiveUI.Routing.dll.mdb
1,ore.mdb
1,cc.mdb
1,Adressen.mdb
1,FAKE.exe.mdb
1,test_for_msaccess_2002-2003.mdb
1,Data_it.mdb
1,Google.IOSResolver_v1.2.122.0.dll.mdb
1,prob7.exe.mdb
1,BlogServer.Processor.dll.mdb
1,Xamarin.Forms.Labs.Droid.dll.mdb
1,golf14.mdb
1,arts.mdb
1,genaux.mdb
1,March2005.mdb
1,Sugar.Data.dll.mdb
1,SlideR.dllSlideR.dll.mdb
1,ServiceStack.Common.dll.mdb
1,PeygirDatabase.mdb
1,LexerLib.dll.mdb
1,odoo_print_picking.exe.mdb
1,Aurora.Addon.DataSnapshot.dll.mdb
1,gdx-freetype.dll.mdb
1,POSH.unity.dll.mdb
1,clojure.stacktrace.clj.dll.mdb
1,SandstormModuleRules.dll.mdb
1,dotnet-api.dll.mdb
1,JustLogicCoreEditor.dll.mdb
1,GameLogic.dll.mdb
1,PUMD Data Dictionary.mdb
1,LeapCSharp.NET2.0.dll.mdb
1,RaspberryPiDotNet.dll.mdb
1,Infrastructure.Interfaces.dll.mdb
1,ILRuntim.Mono.Cecil.dll.mdb
1,PRS.mdb
1,Spire_Linux.exe.mdb
1,Inventory.mdb
1,TeamFeatures.dl_.mdb
1,JCrypt.exe.mdb
1,Db.exe.mdb
1,crlupdate.exe.mdb
1,20210405094739.mdb
1,addressbook.mdb
1,IUD_MainContainer.mdb
1,BR_Localidades_2010_v1.mdb
1,avata - copia.mdb
1,structures.mdb
1,PlasterOfParis.mdb
1,ClientDB.mdb
1,dbms Unit 6 Smart.mdb
1,dbms Unit 3 Tennis.mdb
1,dbms Unit 2 Ratings.mdb
1,ip-to-country.mdb
1,etcetera.dll.mdb
1,Catalog.dll.mdb
1,golf14-week2.mdb
1,golf14.8.26-regseason.mdb
1,FullSerializer.dll.mdb
1,ctorfield.exe.mdb
1,cons2db.exe.mdb
1,bookdata.mdb
1,DatabaseTemplate.mdb
1,UnityEditor.Purchasing.dll.mdb
1,ArotzGest.mdb
1,MapEditor.exe.mdb
1,receituario-limpo.mdb
1,nunit.exe.mdb
1,nunit-gui.tests.dll.mdb
1,estrazione_agesci.mdb
1,IPAddress.Plugin.dll.mdb
1,WebOrigin#Product.mdb
1,cis430database.mdb
1,VariableDefinition.exe.mdb
1,game.player.clj.dll.mdb
1,game.menu.clj.dll.mdb
1,game.level.clj.dll.mdb
1,GithubSharp.Core.dll.mdb
1,Apriori.mdb
1,raspi.exe.mdb
1,Master.mdb
1,LexicoGTK.exe.mdb
1,ExcelDataReader.Android.dll.mdb
1,Ludopatia.mdb
1,Kalk.exe.mdb
1,example.mdb
1,UnityEditor.CloudBuild.dll.mdb
1,Assembly-Boo.dll.mdb
1,Buildron.ClassicMods.BuildMod.dll.mdb
1,testV2003.mdb
1,delColTestV2003.mdb
1,libstetic.dll.mdb
1,EXPERT.mdb
1,RendererInspectors.dll.mdb
1,JobSearchScorecard.PCL.dll.mdb
1,System.Web.Http.WebHost.dll.mdb
1,Google.Apis.Auth.dll.mdb
1,booi.exe.mdb
1,RepPlugin.dll.mdb
1,xray.mdb
1,DeviceDatabase.mdb
1,daily.mdb
1,BloomFilterUnitTests.dll.mdb
1,ip.mdb
1,May2007.mdb
1,ExpMapGen.dll.mdb
1,BDVotacion.mdb
1,MENSAJES-SIIA.mdb
1,protogen.exe.mdb
1,localdb.mdb
1,IOS.CustomSizeActivator.exe.mdb
1,FyreVM.dll.mdb
1,1000.exe.mdb
1,Ludiq.Platforms.dll.mdb
1,test-assembly.dll.mdb
1,nunit.uikit.tests.dll.mdb
1,App1.exe.mdb
1,JohnSnow.mdb
1,arcadia.core.clj.dll.mdb
1,game.enemy.clj.dll.mdb
1,game.gist.clj.dll.mdb
1,hard.tween.clj.dll.mdb
1,PretendentReverse.mdb
1,surveydata.mdb
1,AdMaiora.AppKit.UI.dll.mdb
1,Booking Roger.mdb
1,SshWrapper.exe.mdb
1,Microsoft.UnityPlugins.Core.dll.mdb
1,Share.Forms.Plugin.Abstractions.dll.mdb
1,testIndexPropertiesV2000.mdb
1,indexCursorTestV2000.mdb
1,dbBodies-Example.mdb
1,PublicNatura2000End2014.mdb
1,Video.mdb
1,SurfaceEditor.exe.mdb
1,Jurassic.dll.mdb
1,20210328171238.mdb
1,GalaSoft.MvvmLight.Android.dll.mdb
1,booking.mdb
1,MyProjectModuleRules.dll.mdb
1,access_2000.mdb
1,AWSSDK.Core.dll.mdb
1,pubmed_db.mdb
1,Unit_Tests.exe.mdb
1,Provers.Isabelle.dll.mdb
1,AbsInt.dll.mdb
1,TAP_Datamodell.mdb
1,pinpads.mdb
1,test-usbic.mdb
1,February2006.mdb
1,configgen.exe.mdb
1,GesTpv.exe.mdb
1,updates.exe.mdb
1,OakPass.mdb
1,SteamController.dll.mdb
1,database_mbtex.mdb
1,clojure.test.clj.dll.mdb
1,HearthStone.Protocol.dll.mdb
1,satinalma.mdb
1,PrepareLanding.dll.mdb
1,db_mahistr.mdb
1,ANJAZ2.mdb
1,291Database.mdb
1,Divisionals2014_Sunday2.mdb
1,RoundedBoxViewRenderer.dll.mdb
1,HOEditorUtils.dll.mdb
1,FirefoxCleaner.exe.mdb
1,Devisen.mdb
1,testRefGlobalV2000.mdb
1,PublicNatura2000End2012.mdb
1,SimpleJson.dll.mdb
1,ReaganLibrary.dll.mdb
1,System.ServiceModel.Activation.dll.mdb
1,System.Json.Microsoft.dll.mdb
1,Robotics.Mobile.Core.Droid.dll.mdb
1,global_cities_unicode.mdb
1,test_for_msaccess.mdb
1,prob17.exe.mdb
1,prob8.exe.mdb
1,ConvertToArab.exe.mdb
1,QuickFont.dll.mdb
1,mdr.mdb
1,Nancy.dll.mdb
1,gentab.mdb
1,July2007.mdb
1,PITICO.mdb
1,Template.mdb
1,Empty.mdb
1,ChristmasGames.exe.mdb
1,nunit-x86.exe.mdb
1,nunit.framework.tests.dll.mdb
1,RadixTree.exe.mdb
1,GeneralHTML.mdb
1,PDFjet.dll.mdb
1,Pretendents.mdb
1,BugBall.exe.mdb
1,XbuildReferenceBugTest.exe.mdb
1,xdroid.WebViewDemo.dll.mdb
1,Bookings97.mdb
1,DeExtensions.dll.mdb
1,quotes.mdb
1,SimpleWebServer.exe.mdb
1,New Aved Test Data Template.mdb
1,MySqlEntity.dll.mdb
1,NVorbis.dll.mdb
1,DeleteDuplicateDirectories.exe.mdb
1,Assembly-UnityScript-Editor.dll (1).mdb
1,Unity.CollabProxy.Editor.dll.mdb
1,indexTestV1997.mdb
1,queryTestV1997.mdb
1,testV2000.mdb
1,HerenciayPolimorfismo.exe.mdb
1,mod-mono-server2.exe.mdb
1,fastcgi-mono-server2.exe.mdb
1,cccheck.exe.mdb
1,SharpDuster.exe.mdb
1,UE4ModuleRules.dll.mdb
1,SWRevealViewControllerBinding.dll.mdb
1,BancoPortal.mdb
1,sharpMissionControl.exe.mdb
1,recruiter_test.exe.mdb
1,country.mdb
1,PackageManager.exe.mdb
1,size97.mdb
1,WireSentry.dll.mdb
1,AffDb.mdb
1,Oxide.Ext.Python.dll.mdb
1,tester.exe.mdb
1,SampleLibrary.dll.mdb
1,August2005.mdb
1,June2007.mdb
1,CCHMapClusterController.dll.mdb
1,UnityEngine.TLSModule.dll.mdb
1,OmegaMUD.mdb
1,services.dll.mdb
1,qterminal.exe.mdb
1,Ludiq.Core.Runtime.dll.mdb
1,nunit.extensions.tests.dll.mdb
1,binarymax.mdb
1,ObjectGL.dll.mdb
1,ITCClient.mdb
1,Salmonellosis.mdb
1,hard.core.clj.dll.mdb
1,hard.input.clj.dll.mdb
1,intranet_data.mdb
1,Projects.mdb
1,ANKAZDEHO.mdb
1,LHC.exe.mdb
1,Microsoft.UnityPlugins.Common.dll.mdb
1,Divisionals2014.mdb
1,Quiz.mdb
1,myshell.mdb
1,programatronInterpreter.exe.mdb
1,dNet.DB.dll.mdb
1,china.mdb
1,SOXSIDE.exe.mdb
1,Profile_171116_1500_stnB.mdb
1,Colecciones.exe.mdb
1,Bomberbro.exe.mdb
1,xsp2.exe.mdb
1,20210405094858.mdb
1,20210730182921.mdb
1,MarsRover.Tests.dll.mdb
1,System.Net.Droid.dll.mdb
1,dana.mdb
1,med.mdb
1,dbms Unit 1 Airline.mdb
1,Student.mdb
1,test-fpu.mdb
1,golf14.5.28b.mdb
1,golf14-finalweek2.mdb
1,exceptions.mdb
1,RotateScript.dll.mdb
1,Nancy.Testing.dll.mdb
1,lsamples.mdb
1,ArtBasic0407.mdb
1,April2005.mdb
1,Haaper2Hebrew.exe.mdb
1,lzw.dll.mdb
1,Test_FurmanData.mdb
1,Comuni.mdb
1,Ludiq.Core.Editor.dll.mdb
1,Ludiq.Graphs.Runtime.dll.mdb
1,Aurora.Addon.VivoxVoice.dll.mdb
1,SysDb.mdb
1,SampleModels.dll.mdb
1,PHINVS.mdb
1,SIPClusterDB.mdb
1,game.core.clj.dll.mdb
1,TaskyiOS.exe.mdb
1,Real Park Database.mdb
1,XamMac.dll.mdb
1,GestureRecognizers.dll.mdb
1,ANDOS.mdb
1,PathfindingWithGravity.dll.mdb
1,corelib.dll.mdb
1,Sockets.Plugin.dll.mdb
1,FFImageLoading.Svg.Forms.dll.mdb
1,bolt.user.dll.mdb
1,ReactiveUI.XamForms.dll.mdb
1,xEntry_dbz--.mdb
1,LibNoise.dll.mdb
1,Natura2000_End2011.mdb
1,#$#$Qianbo%%$#@.mdb
1,initialMDB.mdb
1,RT.UITests.dll.mdb
1,SearchComponent_demo.mdb
1,locadora.mdb
1,MLST_Tables.mdb
1,lionnedat.mdb
1,CudaSparse.dll.mdb
1,VCGeneration.dll.mdb
1,GPGapi.NET.dll.mdb
1,Xbox.Services.Beam.UWP.CSharp.dll.mdb
1,dbms Unit 5 Birthday.mdb
1,prob9.exe.mdb
1,prob3.exe.mdb
1,avahi-ui-sharp.dll.mdb
1,CTL.mdb
1,active.mdb
1,glade-sharp.dll.mdb
1,JacoServ.exe.mdb
1,January2007.mdb
1,UnityEngine.StreamingModule.dll.mdb
1,whiteMath.dll.mdb
1,Statistics.mdb
1,ZXing.Net.Mobile.MonoTouch.dll.mdb
1,nonamespace-assembly.dll.mdb
1,Aurora.Addon.IRCChat.dll.mdb
1,Mumps.mdb
1,game.midground.clj.dll.mdb
1,SolrNet.dll.mdb
1,Directorio.mdb
1,StarSchema.mdb
1,demonstration.mdb
1,my_db1.mdb
1,AdMaiora.AppKit.Core.Android.dll.mdb
1,lastmanstanding.exe.mdb
1,DeAudio.dll.mdb
1,Lidgren.Network.Unity.dll.mdb
1,IsolatedIslandGame.Protocol.dll.mdb
1,powerdns.mdb
1,CheeseCake.exe.mdb
1,compIndexTestV1997.mdb
1,160111.mdb
1,iReBuild.exe.mdb
1,UnityUtils.dll.mdb
1,connolly-extended.mdb
1,CrossUI.Droid.dll.mdb
1,AWSSDK.SecurityToken.dll.mdb
1,DarkNetwork.dll.mdb
1,CodeContractsExtender.dll.mdb
1,FinalDimensionEngine.dll.mdb
1,FlatBuffersSchema.dll.mdb
1,Checkmark.dll.mdb
1,Testgolf11.mdb
1,golf14.5.6.backup.mdb
1,OpenLinq.Tests.dll.mdb
1,sharepointpromagfgw1.exe.mdb
1,ALLDATA.mdb
1,July2006.mdb
1,May2006.mdb
1,12.mdb
1,fddemo.mdb
1,Plugin.FilePicker.dll.mdb
1,mathematics.dll.mdb
1,UnityEngine.HotReloadModule.dll.mdb
1,alexlutz.mdb
1,CrushLib.dll.mdb
1,counter.mdb
1,nunit.mocks.tests.dll.mdb
1,ReactiveUI.NLog.dll.mdb
1,_access2003.mdb
1,UniRx.Awaitable.dll.mdb
1,Sympathy.dll.mdb
1,clover_test.mdb
1,db_exp.mdb
1,GraphCreateTEMP.mdb
1,61128.mdb
1,Microsoft.UnityPlugins.Store.dll.mdb
1,Priority Queue.dll.mdb
1,Buildron.ClassicMods.UserMod.dll.mdb
1,libeditor.dll.mdb
1,Origami.exe.mdb
1,invoice2.mdb
1,delTestV1997.mdb
1,words.mdb
1,Ejemplo_Procesos.exe.mdb
1,RandomizedSystems.dll.mdb
1,System.Web.Razor.dll.mdb
1,xsp4.exe.mdb
1,System.Net.Http.WebRequest.dll.mdb
1,MonoDevelop.Core.dll.mdb
1,System.Xml.Serialization.Droid.dll.mdb
1,investigate.mdb
1,AWSSDK.S3.dll.mdb
1,ZeroFormatter.dll.mdb
1,Figlut.MonoDroid.Toolkit.dll.mdb
1,TestingResults.mdb
1,New Spartan.mdb
1,dbms Unit 7 Rates.mdb
1,BloomFilterPerfTests.exe.mdb
1,LibGit2SharpUnity.dll.mdb
1,golf14-finalweek1.mdb
1,golf14-prefinalweek2.mdb
1,actaux.mdb
1,ArtBasicTables.mdb
1,December2005.mdb
1,helloworld.exe.mdb
1,arraytest.exe.mdb
1,Google.ProtocolBuffers.dll.mdb
1,Meta.Parser.dll.mdb
1,TpvSync.exe.mdb
1,HelloWorldXamariniOS.exe.mdb
1,NEWS88.mdb
1,game.level.core.clj.dll.mdb
1,HearthStone.Library.dll.mdb
1,Project.mdb
1,ENVision.dll.mdb
1,conpics06OLDjul30.mdb
1,Octane.Xam.VideoPlayer.Android.dll.mdb
1,Tempo.dll.mdb
1,Chronology.dll.mdb
1,MLS Database.mdb
1,ATCSdb-clean.mdb
1,.mdb
1,test(2M)_cla_result.mdb
1,Assembly-UnityScript.dll (1).mdb
1,testIndexCodesV1997.mdb
1,queryTestV2003.mdb
1,fixedNumericTestV2000.mdb
1,BetterlifeNet.mdb
1,Musik-Datenbank.mdb
1,Directorios.exe.mdb
1,mcs.exe.mdb
1,dcdb_dm.mdb
1,Boo.Lang.dll.mdb
1,Kast.exe.mdb
1,mdb.mdb
1,GXPEngine.exe.mdb
1,recipedb.mdb
1,estot.mdb
1,February2004.mdb
1,September2007.mdb
1,MyUsersDB.mdb
1,C5.dll.mdb
1,MongoDB.Driver.dll.mdb
1,dbFarmacia.mdb
1,Scripts_mono.dll.mdb
1,mono-nunit-ext.dll.mdb
1,mysqlConnect.exe.mdb
