51,__vault__.odb
38,biblio.odb
30,evolocal.odb
13,openoffice_db.odb
10,RPTWriterTests.odb
10,testdb.odb
10,testDialogSave.odb
10,firebird_empty.odb
10,hsqldb_empty.odb
10,RPTCalcTests.odb
9,fdo84315.odb
9,job.odb
8,Actas.odb
8,viewer.odb
8,firebird_integer_x64le.odb
7,RowSetClones.odb
5,odb-database.odb
4,c.odb
4,error.odb
4,ipa-pickler.odb
4,idd-pickler.odb
4,sentinel.odb
4,hollow-cube.odb
4,greet.odb
4,bug_465109.odb
4,fmt-140-signature-id-207.odb
4,cube.odb
4,login.odb
4,cxx.odb
3,biblioteca.odb
3,opendoc-db.odb
3,bigone.odb
2,ice.odb
2,tdf132924.odb
2,tools.odb
2,idd.odb
2,karate_local.odb
2,navigation.odb
2,tex.odb
2,tdf119625.odb
2,xml.odb
2,tdf126268.odb
2,cylinder.odb
2,remote.odb
2,quadratic.odb
2,tidy.odb
2,build.odb
2,sh.odb
2,journal.odb
2,macshapa-file.odb
2,f90.odb
2,xcustom.odb
2,INLS_books_db.odb
2,ipa.odb
2,heaviside.odb
2,code.odb
2,coupled.odb
2,settest.odb
2,list.odb
2,firebird_integer_ods12.odb
2,10000.odb
2,tmm.odb
2,cone.odb
2,clean.odb
2,test.odb
2,karate.odb
2,canister.odb
2,Database.odb
2,csh.odb
2,package.odb
2,bath.odb
2,odb_signed_macros.odb
2,database.odb
2,morning.odb
2,make.odb
2,authentication-error.odb
2,html.odb
2,python.odb
2,echo.odb
2,sample.odb
2,points.odb
2,BaseTaller.odb
2,serial.odb
2,f77.odb
2,file.odb
2,master.odb
2,platform.odb
2,hsqldb_migration_test.odb
2,debug.odb
2,mpi.odb
2,exponential.odb
2,EMSoriginal1.odb
2,console.odb
2,pick.odb
2,ODB_dadosAluno.odb
2,triumf.odb
2,perl.odb
2,10001.odb
2,wedge.odb
1,Empresa.odb
1,WeatherServTemp.odb
1,Biblioteca.odb
1,DBArmySpecs.odb
1,Pruevas.odb
1,geografia.odb
1,SpShastaDatabase.odb
1,Bayu Samudra_2016470127.odb
1,testgen1din2d.odb
1,products.odb
1,ListedBuildings.odb
1,G30+00EA.odb
1,CONS-CADR_Orig.odb
1,lidskjalv.odb
1,BillDB.odb
1,fmt-424-container-signature-id-9020.odb
1,ODB Database.odb
1,serialy.odb
1,ERM_Database.odb
1,G0030001.odb
1,O30+00EA.odb
1,Bayu Dwi Prastyo_2016470126.odb
1,template.odb
1,design.odb
1,Choirul Nizar_2016470128.odb
1,full.odb
1,O~0_019Y.odb
1,jsmdb.odb
1,world.odb
1,parsed.odb
1,openscrutin.odb
1,m1_Biblioteca.odb
1,incomp-non-newtonian.odb
1,Test.odb
1,RecipeBook.odb
1,ActividadesDeportivas.odb
1,Amigos.odb
1,temp.odb
1,Animales.odb
1,fmt-444-container-signature-id-9010.odb
1,CryptoValue.odb
1,EMUS SARIPUDIN_2016470129.odb
1,O30+00J3.odb
1,O30+00KC.odb
1,cards.odb
1,incomp-newtonian.odb
1,Empresa.1.odb
1,prova2 - Kemel Zaidan.odb
1,LibreOffice_Base_Example.odb
1,Animales.1.odb
1,idea_PBC_trail2.odb
1,Office Document File.odb
1,full-sphere.odb
1,Animales.2.odb
1,person.odb
1,Anime Boston Panels.odb
1,HSS.odb
1,Concesionario.odb
1,General.odb
1,coronda.odb
1,serialy_z_bc.odb
1,company.odb
1,pointsa.odb
1,m1_ActividadesDeportivas.odb
1,OneToMany.odb
1,kolle.odb
1,schedule.odb
1,regional.odb
1,fmt-140-container-signature-id-9000.odb
1,Animales.3.odb
1,G30+00KC.odb
1,O0030001.odb
1,Large.odb
1,Biblioteca.1.odb
1,summary.odb
1,brew.odb
1,Beleg_Budget_extern.odb
1,ideal_loc_PBC.odb
1,omniPresenceFE.odb
1,booksdatabase.odb
1,ListedBuildings_mysql.odb
1,default.odb
1,firebird_integer_x64le_ods12.odb
1,SerienbriefDatenquelle.odb
1,Job-1.odb
1,regional-sphere.odb
1,Base de datos nueva.odb
1,ANDRIE AFRIZAL_2016470120.odb
1,Ayu_Madhu_2016470123.odb
1,basedados.odb
1,OpenDocument Database.odb
1,bigonewoindex.odb
1,project.odb
1,Presentation.odb
1,O0001000.odb
1,classdata.odb
