1306,tcpdf.p12
653,client.p12
497,client_cert.p12
452,test.p12
425,cert.p12
415,key.p12
337,keystore.p12
322,sign.p12
297,encrypt.p12
291,localhost.p12
257,server.p12
232,identity.p12
174,axTLS.withoutCA.p12
174,axTLS.withCA.p12
174,axTLS.noname.p12
169,application.p12
164,client-nokey.p12
155,websocket_client_cert.p12
147,duplicate_cn_1.p12
147,duplicate_cn_2.p12
146,rod.p12
144,testpkcs.p12
135,secp256r1server-secp384r1ca.p12
133,dianne.p12
133,scott.p12
127,sect193r1server-rsa1024ca.p12
126,keycert.p12
98,ca.p12
95,badkey.p12
92,E7P4EE896K.p12
85,nicholas.p12
85,localhost_ssl.p12
85,fra.p12
85,gerardus.p12
85,ptolemy.p12
85,localhost_ssl_w-chain.p12
85,fra_w-chain.p12
85,gerardus_w-chain.p12
85,nicholas_w-chain.p12
85,ptolemy_w-chain.p12
82,emptypasswordpkcs12.p12
82,multiplecerts.p12
82,passwordpkcs12.p12
81,Server-localhost0h-sv.p12
81,Server-localhost-sv.p12
72,mitmproxy-ca-cert.p12
70,certificate.p12
69,apiclient_cert.p12
66,marinus-EXPIRED.p12
66,henricus_w-chain-EXPIRED.p12
66,piri.p12
66,marinus-EXPIRED_w-chain.p12
66,wildcard-ssl_qgis-test_w-chain.p12
66,wildcard-ssl_qgis-test.p12
66,henricus.p12
66,piri_w-chain-EXPIRED.p12
64,chromoting_cert.p12
64,chromoting_key.p12
59,TestKey.p12
58,privatekey.p12
56,keystore-client2.p12
54,apns-serverStore.p12
54,apns-clientStore.p12
53,bad_host_keycert.p12
53,self_sign_keycert.p12
47,pkcs12.p12
40,clientStore.p12
40,localhost-cert.p12
34,mutual_auth_invalid_client.p12
34,mutual_auth_client.p12
34,mutual_auth_server.p12
34,myclient.p12
33,tserver-certificate.p12
33,tserver-full.p12
33,tclient-certificate.p12
33,PushSharp.Apns.Sandbox.p12
33,tclient-full.p12
33,PushSharp.Apns.Production.p12
32,truststore.p12
31,self-testcase-G.p12
31,self-testcase-D.p12
31,self-testcase-A.p12
31,self-testcase-I.p12
31,self-testcase-E.p12
31,self-testcase-L.p12
31,self-testcase-B.p12
31,self-testcase-C.p12
31,self-testcase-H.p12
31,self-testcase-J.p12
31,self-testcase-F.p12
30,test-cert.p12
28,apns-dev.p12
28,identity2.p12
28,development.p12
27,unclient.p12
27,Certificates.p12
25,client1.p12
25,test_sys_1.p12
25,test2-cert.p12
25,test_sys_2.p12
24,servercert.p12
23,dist.p12
23,serfclientcert.p12
22,drillTestCert.p12
22,certIssuerKey.p12
22,certIssuerKeyOpenSSL.p12
22,shs-test-server.p12
22,secret.p12
22,noclient.p12
22,certIssuerKeyPassphrase.p12
22,multipleKeys.p12
21,pkcs12_2certs.p12
21,client-keystore.p12
21,private_key.p12
20,root.p12
20,mesa_test_sys_2.p12
20,server_keystore.p12
20,mesa_test_sys_1.p12
19,s_rsa_ca1.p12
19,serverStore.p12
19,idp-backchannel.p12
18,ov-server.p12
18,ov-user.p12
18,cryptlib-key.p12
18,c_rsa_ca1.p12
18,twokeys.p12
18,test4.p12
18,dod-test9.p12
18,s_rsa_ca1_exp.p12
18,c_rsa_ca2.p12
18,ca-keystore-rsa.p12
18,s_rsa_ca2.p12
18,c_rsa_ca1_exp.p12
18,opensc-test.p12
18,ca-keystore-ec.p12
18,all.p12
17,johndoe.p12
17,server-wc-certificate.p12
17,client-certificate1.p12
17,bad-server-certificate.p12
17,gateway.p12
17,s_rsa_ca1_cn1.p12
17,client-certificate.p12
17,ca-certificate.p12
17,server-certificate.p12
17,localhost-alias.p12
17,s_rsa_ca1_cn2.p12
16,service.p12
16,acme-weak.keystore.p12
15,server-ca-truststore.p12
15,test-user-ca@localhost.p12
15,test-user-san@localhost.p12
15,certs.p12
14,alice_kstore.p12
14,client_keystore.p12
14,keystore1.p12
14,c_rsa_cai2.p12
14,s_rsa_cai1.p12
14,s_rsa_cai2.p12
14,cacert2.p12
14,s_rsa_wroot_ca1.p12
14,bob_kstore.p12
14,sunCert.p12
14,moonCert.p12
14,credential-store.p12
13,testclient.p12
13,testclient-client-profile.p12
13,idp-browser.p12
13,testnode.p12
13,server-keystore.p12
13,testnode-client-profile.p12
13,c_cacert.p12
13,DesktopMediaUploader.p12
12,jbcp_clientauth.p12
12,s3redirectrequestserver.p12
12,y.p12
12,browser.p12
12,dev.p12
12,x.p12
12,mainKeyStore.p12
11,alice.p12
11,OCSPCA3.p12
11,keychain.p12
11,NSLoggerCert.p12
11,Server.p12
11,s_dsa_ca1.p12
11,OCSPCA2.p12
11,OCSPCA1.p12
11,OCSPRoot.p12
11,test-null.p12
11,pkcs12_5certs.p12
11,c_dsa_ca1.p12
10,User_9_Root_11.p12
10,User_33_Root_11.p12
10,User_16_Root_11.p12
10,servergood2.p12
10,cert1.p12
10,User_28_Root_11.p12
10,Userrev.p12
10,User_25_Root_11.p12
10,User_1_Sub_CA_1_Root_5.p12
10,User_8_Root_11.p12
10,User_2_Sub_CA_1_Root_4.p12
10,User_31_Root_11.p12
10,User_1_Sub_CA_1_Root_8.p12
10,other-server-keystore.p12
10,User_12_Root_11.p12
10,User_19_Root_11.p12
10,User_1_Sub_CA_1_Root_1.p12
10,EET_CA1_Playground-CZ1212121218.p12
10,server-cert.p12
10,User_1_Sub_CA_1_Root_6.p12
10,User_1_Sub_CA_2_Root_4.p12
10,User_14_Root_11.p12
10,dev_and_test_truststore.p12
10,User_4_Root_11.p12
10,User_29_Root_11.p12
10,EET_CA1_Playground-CZ00000019.p12
10,User_24_Root_11.p12
10,testAdmin1.p12
10,Root_11.p12
10,User_2_Sub_CA_2_Root_4.p12
10,saml.p12
10,User_2_Sub_CA_1_Root_7.p12
10,User_32_Root_11.p12
10,Serverrev.p12
10,User_21_Root_11.p12
10,User_1_Sub_CA_1_Root_2.p12
10,User_2_Root_11.p12
10,User_26_Root_11.p12
10,User_1_Sub_CA_1_Root_3.p12
10,User_18_Root_11.p12
10,cert2.p12
10,User_5_Root_11.p12
10,User_2_Sub_CA_2_Root_8.p12
10,User_6_Root_11.p12
10,User_15_Root_11.p12
10,User_1_Sub_CA_1_Root_9.p12
10,User_7_Root_11.p12
10,User_1_Sub_CA_1_Root_4.p12
10,osx.p12
10,test1.p12
10,User.p12
10,User_34_Root_11.p12
10,User_11_Root_11.p12
10,User_30_Root_11.p12
10,User_17_Root_11.p12
10,User_1_Sub_CA_2_Root_7.p12
10,User_20_Root_11.p12
10,User_1_Root_11.p12
10,User_3_Root_11.p12
10,User_1_Sub_CA_1_Root_10.p12
10,user2good.p12
10,User_10_Root_11.p12
10,User_13_Root_11.p12
10,User_22_Root_11.p12
10,User_27_Root_11.p12
10,ca-noroot.p12
10,User_1_Sub_CA_1_Root_7.p12
10,User_2_Sub_CA_2_Root_7.p12
10,User_23_Root_11.p12
10,User_1_Sub_CA_2_Root_8.p12
10,User_2_Sub_CA_1_Root_8.p12
9,client_key.p12
9,pgoca.p12
9,test-servercert.p12
9,server_key.p12
9,test-user-obb@localhost.p12
9,saml_with_password.p12
9,testUser1.p12
9,signing.p12
9,TestIndef.p12
9,testnode_updated.p12
9,cibot.p12
9,engine.p12
9,client-key.p12
9,google-api-private-key.p12
9,ewallet.p12
9,user.p12
9,debug.p12
8,inhibitPolicyMapping1P12subCACert.p12
8,InvalidBadCRLSignatureTest4EE.p12
8,InvalidDNnameConstraintsTest13EE.p12
8,PoliciesP123CACert.p12
8,inhibitAnyPolicy5subCACert.p12
8,ValidpathLenConstraintTest13EE.p12
8,PoliciesP1234CACert.p12
8,pathLenConstraint6subsubCA11Cert.p12
8,ValidPolicyMappingTest9EE.p12
8,GoodsubCACert.p12
8,user_a_rsa.p12
8,PoliciesP123subsubCAP12P1Cert.p12
8,ValidDSASignaturesTest4EE.p12
8,Validpre2000UTCnotBeforeDateTest3EE.p12
8,InvaliddistributionPointTest8EE.p12
8,requireExplicitPolicy5CACert.p12
8,InvalidMappingFromanyPolicyTest7EE.p12
8,BadCRLSignatureCACert.p12
8,indirectCRLCA3Cert.p12
8,nameConstraintsDN3subCA1Cert.p12
8,deltaCRLCA1Cert.p12
8,InvalidpathLenConstraintTest5EE.p12
8,ValidRFC822nameConstraintsTest21EE.p12
8,inhibitPolicyMapping5subCACert.p12
8,ValidcRLIssuerTest30EE.p12
8,InvalidDNnameConstraintsTest16EE.p12
8,PanyPolicyMapping1to2CACert.p12
8,PoliciesP1234subsubCAP123P12Cert.p12
8,DifferentPoliciesTest5EE.p12
8,ValidPolicyMappingTest13EE.p12
8,InvalidDNnameConstraintsTest7EE.p12
8,InvalidUnknownCRLExtensionTest10EE.p12
8,InvalidCAnotAfterDateTest5EE.p12
8,P12Mapping1to3subCACert.p12
8,NegativeSerialNumberCACert.p12
8,InvaliddeltaCRLTest10EE.p12
8,InvalidDNnameConstraintsTest2EE.p12
8,nameConstraintsDN1subCA1Cert.p12
8,UTF8StringEncodedNamesCACert.p12
8,ValidNameChainingWhitespaceTest4EE.p12
8,AllCertificatesNoPoliciesTest2EE.p12
8,P12Mapping1to3CACert.p12
8,WrongCRLCACert.p12
8,InvalidURInameConstraintsTest37EE.p12
8,BasicSelfIssuedNewKeyCACert.p12
8,ValidinhibitAnyPolicyTest2EE.p12
8,s_rsa_ca1_cn6.p12
8,InvalidIDPwithindirectCRLTest26EE.p12
8,InvalidNameChainingTest1EE.p12
8,ValidDNSnameConstraintsTest32EE.p12
8,InvalidEEnotAfterDateTest6EE.p12
8,PoliciesP123subCAP12Cert.p12
8,inhibitAnyPolicy1CACert.p12
8,pathLenConstraint6subCA4Cert.p12
8,inhibitPolicyMapping0CACert.p12
8,InvalidinhibitAnyPolicyTest5EE.p12
8,InvalidpathLenConstraintTest12EE.p12
8,InvalidcRLIssuerTest35EE.p12
8,onlyContainsUserCertsCACert.p12
8,InvalidOldCRLnextUpdateTest11EE.p12
8,InvalidpathLenConstraintTest6EE.p12
8,PoliciesP12CACert.p12
8,ValidNameUIDsTest6EE.p12
8,indirectCRLCA4Cert.p12
8,s_rsa_ca1_cn7.p12
8,AllCertificatesSamePoliciesTest13EE.p12
8,onlyContainsAttributeCertsCACert.p12
8,InvalidonlyContainsCACertsTest12EE.p12
8,nameConstraintsRFC822CA3Cert.p12
8,BadnotAfterDateCACert.p12
8,InvalidEEnotBeforeDateTest2EE.p12
8,InvaliddeltaCRLTest6EE.p12
8,P12Mapping1to3subsubCACert.p12
8,gpgsm_cert.p12
8,ValidDNnameConstraintsTest19EE.p12
8,indirectCRLCA3cRLIssuerCert.p12
8,InvalidcRLIssuerTest27EE.p12
8,GoodCACert.p12
8,nameConstraintsDN1subCA2Cert.p12
8,ValidcRLIssuerTest29EE.p12
8,deltaCRLIndicatorNoBaseCACert.p12
8,InvalidLongSerialNumberTest18EE.p12
8,InvalidinhibitAnyPolicyTest1EE.p12
8,indirectCRLCA5Cert.p12
8,InvalidpathLenConstraintTest11EE.p12
8,UnknownCRLExtensionCACert.p12
8,DifferentPoliciesTest3EE.p12
8,DifferentPoliciesTest9EE.p12
8,ValidNegativeSerialNumberTest14EE.p12
8,InvalidonlySomeReasonsTest16EE.p12
8,inhibitPolicyMapping1P1subCACert.p12
8,InvalidpathLenConstraintTest10EE.p12
8,s_rsa_ca1_cn4.p12
8,as2_certs.p12
8,MappingToanyPolicyCACert.p12
8,InvalidDSASignatureTest6EE.p12
8,PoliciesP123subsubsubCAP12P2P1Cert.p12
8,ValidpathLenConstraintTest8EE.p12
8,PoliciesP123subsubCAP12P2Cert.p12
8,requireExplicitPolicy7CACert.p12
8,InvalidIDPwithindirectCRLTest23EE.p12
8,UnknownCRLEntryExtensionCACert.p12
8,ValidinhibitPolicyMappingTest4EE.p12
8,deltaCRLCA3Cert.p12
8,InvalidcRLIssuerTest32EE.p12
8,ValidIDPwithindirectCRLTest22EE.p12
8,InvaliddistributionPointTest9EE.p12
8,requireExplicitPolicy0CACert.p12
8,nameConstraintsDN3subCA2Cert.p12
8,InvalidDNSnameConstraintsTest31EE.p12
8,AllCertificatesSamePoliciesTest10EE.p12
8,ValidCertificatePathTest1EE.p12
8,EET_CA1_Playground-CZ683555118.p12
8,pushcert.p12
8,InvaliddeltaCRLTest9EE.p12
8,InvalidDNnameConstraintsTest12EE.p12
8,inhibitPolicyMapping0subCACert.p12
8,ValidpathLenConstraintTest7EE.p12
8,ValiddistributionPointTest7EE.p12
8,onlySomeReasonsCA1Cert.p12
8,pathLenConstraint1CACert.p12
8,TrustAnchorRootCertificate.p12
8,InvalidcAFalseTest2EE.p12
8,ValidrequireExplicitPolicyTest4EE.p12
8,InvalidMissingCRLTest1EE.p12
8,test-smtp.p12
8,InvalidpathLenConstraintTest9EE.p12
8,inhibitAnyPolicy0CACert.p12
8,PoliciesP12subCAP1Cert.p12
8,ValidTwoCRLsTest7EE.p12
8,nameConstraintsDN2CACert.p12
8,ValidpathLenConstraintTest14EE.p12
8,ValidIDPwithindirectCRLTest25EE.p12
8,DifferentPoliciesTest8EE.p12
8,Mapping1to2CACert.p12
8,castest.p12
8,ValidcRLIssuerTest28EE.p12
8,InvalidinhibitPolicyMappingTest5EE.p12
8,ValidPolicyMappingTest14EE.p12
8,nameConstraintsURI2CACert.p12
8,ValidDNnameConstraintsTest6EE.p12
8,ValidPolicyMappingTest5EE.p12
8,ValidLongSerialNumberTest17EE.p12
8,keyUsageCriticalcRLSignFalseCACert.p12
8,ValidPolicyMappingTest3EE.p12
8,nameConstraintsDNS2CACert.p12
8,requireExplicitPolicy4subCACert.p12
8,InvalidMappingToanyPolicyTest8EE.p12
8,PoliciesP2subCA2Cert.p12
8,onlySomeReasonsCA2Cert.p12
8,pathLenConstraint0subCA2Cert.p12
8,NoPoliciesCACert.p12
8,inhibitAnyPolicy1SelfIssuedCACert.p12
8,pathLenConstraint6CACert.p12
8,inhibitPolicyMapping5CACert.p12
8,PoliciesP3CACert.p12
8,requireExplicitPolicy10subsubCACert.p12
8,InvalidEESignatureTest3EE.p12
8,InvalidCASignatureTest2EE.p12
8,requireExplicitPolicy10CACert.p12
8,NoissuingDistributionPointCACert.p12
8,pre2000CRLnextUpdateCACert.p12
8,InvaliddistributionPointTest6EE.p12
8,nameConstraintsRFC822CA1Cert.p12
8,requireExplicitPolicy10subCACert.p12
8,keyUsageNotCriticalCACert.p12
8,ValidURInameConstraintsTest34EE.p12
8,InvalidNegativeSerialNumberTest15EE.p12
8,requireExplicitPolicy0subCACert.p12
8,BadSignedCACert.p12
8,ValiddeltaCRLTest7EE.p12
8,requireExplicitPolicy2CACert.p12
8,CPSPointerQualifierTest20EE.p12
8,ValiddistributionPointTest5EE.p12
8,NoCRLCACert.p12
8,distributionPoint1CACert.p12
8,InvalidDNnameConstraintsTest8EE.p12
8,indirectCRLCA6Cert.p12
8,GeneralizedTimeCRLnextUpdateCACert.p12
8,InvalidcRLIssuerTest34EE.p12
8,pathLenConstraint6subCA1Cert.p12
8,pathLenConstraint0subCACert.p12
8,InvalidBadCRLIssuerNameTest5EE.p12
8,BadCRLIssuerNameCACert.p12
8,InvaliddistributionPointTest3EE.p12
8,deltaCRLCA2Cert.p12
8,ValidDNSnameConstraintsTest30EE.p12
8,NameOrderingCACert.p12
8,ValidRFC822nameConstraintsTest23EE.p12
8,ValidIDPwithindirectCRLTest24EE.p12
8,ValidcRLIssuerTest33EE.p12
8,ValidPolicyMappingTest1EE.p12
8,InvalidDNSnameConstraintsTest38EE.p12
8,PoliciesP1234subCAP123Cert.p12
8,ValidPolicyMappingTest12EE.p12
8,requireExplicitPolicy5subCACert.p12
8,inhibitAnyPolicy1subsubCA2Cert.p12
8,ValidUTF8StringEncodedNamesTest9EE.p12
8,InvalidWrongCRLTest6EE.p12
8,ValiddeltaCRLTest8EE.p12
8,ValidLongSerialNumberTest16EE.p12
8,UserNoticeQualifierTest17EE.p12
8,DSAParametersInheritedCACert.p12
8,InvaliddeltaCRLTest3EE.p12
8,inhibitAnyPolicy1subCA2Cert.p12
8,indirectCRLCA2Cert.p12
8,ValidPolicyMappingTest11EE.p12
8,requireExplicitPolicy0subsubCACert.p12
8,nameConstraintsDN4CACert.p12
8,ValiddistributionPointTest4EE.p12
8,InvalidDNSnameConstraintsTest33EE.p12
8,server-key.p12
8,introspy.p12
8,P1anyPolicyMapping1to2CACert.p12
8,PoliciesP2subCACert.p12
8,RFC3280OptionalAttributeTypesCACert.p12
8,InvalidonlySomeReasonsTest15EE.p12
8,ValidonlySomeReasonsTest19EE.p12
8,distributionPoint2CACert.p12
8,inhibitAnyPolicy1subCAIAP5Cert.p12
8,inhibitPolicyMapping1P1CACert.p12
8,InvalidrequireExplicitPolicyTest3EE.p12
8,InvaliddeltaCRLTest4EE.p12
8,pathLenConstraint0CACert.p12
8,s_rsa_ca1_cn3.p12
8,ValidrequireExplicitPolicyTest2EE.p12
8,MappingFromanyPolicyCACert.p12
8,requireExplicitPolicy4subsubCACert.p12
8,MissingbasicConstraintsCACert.p12
8,nameConstraintsDNS1CACert.p12
8,ValidDNnameConstraintsTest14EE.p12
8,ValidrequireExplicitPolicyTest1EE.p12
8,requireExplicitPolicy5subsubCACert.p12
8,nameConstraintsDN5CACert.p12
8,ValidDNnameConstraintsTest18EE.p12
8,ValidRFC822nameConstraintsTest25EE.p12
8,InvalidURInameConstraintsTest35EE.p12
8,onlyContainsCACertsCACert.p12
8,InvalidDNnameConstraintsTest20EE.p12
8,acme-weak.truststore.p12
8,nameConstraintsDN3CACert.p12
8,pathLenConstraint0SelfIssuedCACert.p12
8,TwoCRLsCACert.p12
8,Invalidpre2000CRLnextUpdateTest12EE.p12
8,DSACACert.p12
8,DifferentPoliciesTest4EE.p12
8,AnyPolicyTest14EE.p12
8,nameConstraintsDN1subCA3Cert.p12
8,inhibitPolicyMapping5subsubCACert.p12
8,UserNoticeQualifierTest16EE.p12
8,inhibitAnyPolicy1subCA1Cert.p12
8,UserNoticeQualifierTest19EE.p12
8,inhibitAnyPolicy5CACert.p12
8,ValiddeltaCRLTest5EE.p12
8,InvalidDNnameConstraintsTest17EE.p12
8,AllCertificatesanyPolicyTest11EE.p12
8,RevokedsubCACert.p12
8,indirectCRLCA1Cert.p12
8,InvalidcRLIssuerTest31EE.p12
8,ValidDSAParameterInheritanceTest5EE.p12
8,InvalidonlySomeReasonsTest21EE.p12
8,pathLenConstraint1SelfIssuedCACert.p12
8,InvalidinhibitPolicyMappingTest3EE.p12
8,BasicSelfIssuedOldKeyCACert.p12
8,UserNoticeQualifierTest18EE.p12
8,InvalidinhibitAnyPolicyTest6EE.p12
8,InvalidrequireExplicitPolicyTest5EE.p12
8,ValidkeyUsageNotCriticalTest3EE.p12
8,requireExplicitPolicy2subCACert.p12
8,inhibitPolicyMapping1P12CACert.p12
8,UIDCACert.p12
8,ValidDNnameConstraintsTest1EE.p12
8,inhibitAnyPolicyTest3EE.p12
8,BasicSelfIssuedCRLSigningKeyCACert.p12
8,x509-client.p12
8,ValidPolicyMappingTest6EE.p12
8,inhibitPolicyMapping1P1subsubCACert.p12
8,requireExplicitPolicy7subCARE2Cert.p12
8,BasicSelfIssuedCRLSigningKeyCRLCert.p12
8,InvaliddistributionPointTest2EE.p12
8,InvalidRevokedEETest3EE.p12
8,pathLenConstraint1subCACert.p12
8,OldCRLnextUpdateCACert.p12
8,InvalidonlySomeReasonsTest20EE.p12
8,InvalidonlySomeReasonsTest17EE.p12
8,InvalidcAFalseTest3EE.p12
8,pathLenConstraint6subsubCA41Cert.p12
8,InvalidNameChainingOrderTest2EE.p12
8,requireExplicitPolicy4CACert.p12
8,ValiddeltaCRLTest2EE.p12
8,pathLenConstraint6subsubCA00Cert.p12
8,InvalidDNnameConstraintsTest10EE.p12
8,nameConstraintsDN1SelfIssuedCACert.p12
8,pathLenConstraint6subCA0Cert.p12
8,ValidURInameConstraintsTest36EE.p12
8,indirectCRLCA4cRLIssuerCert.p12
8,DifferentPoliciesTest12EE.p12
8,InvalidinhibitPolicyMappingTest1EE.p12
8,InvalidDNnameConstraintsTest3EE.p12
8,P1Mapping1to234CACert.p12
8,InvalidinhibitPolicyMappingTest6EE.p12
8,InvalidDNnameConstraintsTest15EE.p12
8,onlySomeReasonsCA4Cert.p12
8,LongSerialNumberCACert.p12
8,nameConstraintsURI1CACert.p12
8,BadnotBeforeDateCACert.p12
8,nameConstraintsRFC822CA2Cert.p12
8,InvalidinhibitAnyPolicyTest4EE.p12
8,P1Mapping1to234subCACert.p12
8,ValidDNnameConstraintsTest5EE.p12
8,UserNoticeQualifierTest15EE.p12
8,KreyChristoph.p12
8,ca1.p12
8,InvalidRevokedCATest2EE.p12
8,inhibitAnyPolicy5subsubCACert.p12
8,ValidNameChainingWhitespaceTest3EE.p12
8,basicConstraintsNotCriticalCACert.p12
8,ValidDNnameConstraintsTest11EE.p12
8,OverlappingPoliciesTest6EE.p12
8,ValiddistributionPointTest1EE.p12
8,onlySomeReasonsCA3Cert.p12
8,InvalidPolicyMappingTest2EE.p12
8,InvalidPolicyMappingTest4EE.p12
8,ValidonlySomeReasonsTest18EE.p12
8,InvalidDNnameConstraintsTest9EE.p12
8,cert1a.p12
8,SandboxMCOpenAPI.p12
8,DifferentPoliciesTest7EE.p12
8,anyPolicyCACert.p12
8,PoliciesP12subsubCAP1P2Cert.p12
8,ValidonlyContainsCACertsTest13EE.p12
8,ValidDNnameConstraintsTest4EE.p12
8,InvalidCAnotBeforeDateTest1EE.p12
8,nameConstraintsDN1CACert.p12
8,InvalidUnknownCRLExtensionTest9EE.p12
8,ValidinhibitPolicyMappingTest2EE.p12
8,InvalidPolicyMappingTest10EE.p12
8,s_rsa_ca1_cn5.p12
8,s_rsa_ca1_cn8.p12
8,personal.p12
7,verified-server-side-truststore.p12
7,ApplicationCertificate.p12
7,untrusted_keystore.p12
7,multi_signing.p12
7,verified-server-side-keystore.p12
7,android-signing-key.p12
7,trust.p12
7,c_rsa_pass_ca1.p12
7,client-empty-password.p12
7,keystore2.p12
7,certSrv.p12
7,MTFMCOpenAPI.p12
7,httpCa.p12
7,key2.p12
7,cert-ca.p12
7,StageMCOpenAPI.p12
7,example.p12
7,ca1test1.p12
7,verified-client-side-truststore.p12
7,server-side-keystore.p12
7,email.p12
7,other-client-side-truststore.p12
7,server-side-truststore.p12
7,demo.p12
7,s_rsa_pass_ca1.p12
7,client-side-keystore.p12
7,Client.p12
7,client-side-truststore.p12
7,client-null-password.p12
7,dummy.p12
7,other-server-side-keystore.p12
7,keystore3.p12
7,keystore4.p12
7,nodeCaStore.p12
7,verified-client-side-keystore.p12
7,ocsp.p12
7,ca1test2.p12
6,test-nopw.p12
6,ecc-rsa-server.p12
6,client_certificate.p12
6,ra.p12
6,transport.p12
6,v.p12
6,OSD.p12
6,sub-cert.p12
6,test0.p12
6,goodclient.p12
6,jwt-2048.p12
6,bob.p12
6,KEYSTORE.p12
6,producer.p12
6,engineering_key.p12
6,p.p12
6,DIR.p12
6,rdpproxy.p12
6,axel-test-server.p12
6,good-user.p12
6,AlfrescoGoogleDrive2-1797397bdcf4.p12
6,AtomDevTestSignKey.p12
6,debug-key.p12
6,badclient.p12
6,outboundKeys.p12
6,noSecretsClient.p12
6,info@owntracks.org.p12
6,MRC.p12
6,AlfrescoGoogleDocs-26ae947f8a99.p12
5,testcertificate.p12
5,client-trust.p12
5,testcert.p12
5,rsaValidations-server-keystore.p12
5,play-store.p12
5,server-trust.p12
5,dev_and_test_keystore.p12
5,rsa.cert.mitls.org.p12
5,test3.p12
5,client-ca-keystore.p12
5,01000003.p12
5,rsaValidation-user-certs.p12
5,unknown-server-keystore.p12
5,s_dsa_ca1-noroot.p12
5,sha256.p12
5,cert-clt.p12
5,dsa.cert.mitls.org.p12
5,elastic-certificates.p12
5,client.truststore.p12
5,goodCA_badClient.p12
5,server.keystore.p12
5,unknown-client-keystore.p12
5,s_rsa_ca1-noroot.p12
5,public.p12
5,badCA_goodClient.p12
5,tizen-distributor-signer.p12
5,goodCA_goodClient.p12
5,test-servercert-rc2.p12
5,test2.p12
5,test5.p12
5,cert-srv.p12
5,invalid.p12
5,user-cert.p12
5,server-ca-keystore.p12
5,csploit.p12
5,other-server-truststore.p12
5,other-client-keystore.p12
5,ecdsa.cert.mitls.org.p12
5,badssl.com-client.p12
5,RSAESCryptorTest.p12
5,gradlefx.p12
5,cn.p12
5,client-ca-truststore.p12
4,lab.p12
4,195RegMyUDiD.p12
4,79RegMyUDiD.p12
4,88RegMyUDiD.p12
4,103RegMyUDiD.p12
4,154RegMyUDiD.p12
4,165RegMyUDiD.p12
4,Client_Leaf_Leaf.p12
4,registry-ks.p12
4,84RegMyUDiD.p12
4,72RegMyUDiD.p12
4,145RegMyUDiD.p12
4,91RegMyUDiD.p12
4,162RegMyUDiD.p12
4,53RegMyUDiD.p12
4,DIR_Leaf.p12
4,SampleProject.p12
4,3RegMyUDiD.p12
4,168RegMyUDiD.p12
4,176RegMyUDiD.p12
4,142RegMyUDiD.p12
4,163RegMyUDiD.p12
4,test12.p12
4,test10.p12
4,user-key-aes256-cbc-md5-des-sha256.p12
4,149RegMyUDiD.p12
4,48RegMyUDiD.p12
4,129RegMyUDiD.p12
4,147RegMyUDiD.p12
4,45RegMyUDiD.p12
4,OSD_Leaf.p12
4,SSL.p12
4,com_avcon_BuddhismLiving_dev.p12
4,ec-key-aes256-cbc-sha256.p12
4,user-key-sha1-3des-sha1.p12
4,expired_signer.p12
4,Device Identity.p12
4,125RegMyUDiD.p12
4,172RegMyUDiD.p12
4,203RegMyUDiD.p12
4,157RegMyUDiD.p12
4,118RegMyUDiD.p12
4,73RegMyUDiD.p12
4,68RegMyUDiD.p12
4,82RegMyUDiD.p12
4,49RegMyUDiD.p12
4,75RegMyUDiD.p12
4,111RegMyUDiD.p12
4,test-keystore.p12
4,112RegMyUDiD.p12
4,174RegMyUDiD.p12
4,99RegMyUDiD.p12
4,117RegMyUDiD.p12
4,161RegMyUDiD.p12
4,ec-digiid.p12
4,179RegMyUDiD.p12
4,69RegMyUDiD.p12
4,41RegMyUDiD.p12
4,170RegMyUDiD.p12
4,110RegMyUDiD.p12
4,185RegMyUDiD.p12
4,169RegMyUDiD.p12
4,user-key-md5-des-sha1.p12
4,198RegMyUDiD.p12
4,127RegMyUDiD.p12
4,77RegMyUDiD.p12
4,180RegMyUDiD.p12
4,102RegMyUDiD.p12
4,121RegMyUDiD.p12
4,135RegMyUDiD.p12
4,92RegMyUDiD.p12
4,167RegMyUDiD.p12
4,113RegMyUDiD.p12
4,Client_Leaf.p12
4,server_chain.p12
4,keyStore.p12
4,156RegMyUDiD.p12
4,100RegMyUDiD.p12
4,194RegMyUDiD.p12
4,134RegMyUDiD.p12
4,76RegMyUDiD.p12
4,58RegMyUDiD.p12
4,iphone_dev.p12
4,MRC_Leaf.p12
4,OSD_Root.p12
4,TestUser.p12
4,devid_app.p12
4,199RegMyUDiD.p12
4,133RegMyUDiD.p12
4,97RegMyUDiD.p12
4,138RegMyUDiD.p12
4,tutorial.p12
4,191RegMyUDiD.p12
4,59RegMyUDiD.p12
4,56RegMyUDiD.p12
4,67RegMyUDiD.p12
4,certificate-valid.p12
4,78RegMyUDiD.p12
4,122RegMyUDiD.p12
4,186RegMyUDiD.p12
4,116RegMyUDiD.p12
4,106RegMyUDiD.p12
4,50RegMyUDiD.p12
4,client1_key.p12
4,89RegMyUDiD.p12
4,126RegMyUDiD.p12
4,46RegMyUDiD.p12
4,83RegMyUDiD.p12
4,57RegMyUDiD.p12
4,Stage2MCOpenAPI.p12
4,114RegMyUDiD.p12
4,108RegMyUDiD.p12
4,95RegMyUDiD.p12
4,132RegMyUDiD.p12
4,204RegMyUDiD.p12
4,Client_Root_Chain.p12
4,test19.p12
4,80RegMyUDiD.p12
4,42RegMyUDiD.p12
4,81RegMyUDiD.p12
4,182RegMyUDiD.p12
4,52RegMyUDiD.p12
4,197RegMyUDiD.p12
4,188RegMyUDiD.p12
4,160RegMyUDiD.p12
4,commonLDAPUser1.p12
4,rs256-private.p12
4,com_dync_SdkMsgClientIos_dev.p12
4,128RegMyUDiD.p12
4,55RegMyUDiD.p12
4,158RegMyUDiD.p12
4,190RegMyUDiD.p12
4,96RegMyUDiD.p12
4,51RegMyUDiD.p12
4,MRC_Root.p12
4,test15.p12
4,elastic-stack-ca.p12
4,44RegMyUDiD.p12
4,155RegMyUDiD.p12
4,144RegMyUDiD.p12
4,115RegMyUDiD.p12
4,test16.p12
4,test18.p12
4,pkcs12_client_cert.p12
4,ids.p12
4,93RegMyUDiD.p12
4,146RegMyUDiD.p12
4,178RegMyUDiD.p12
4,87RegMyUDiD.p12
4,173RegMyUDiD.p12
4,Client_Root.p12
4,test-client.p12
4,user-key-aes256-cbc-sha256.p12
4,85RegMyUDiD.p12
4,164RegMyUDiD.p12
4,181RegMyUDiD.p12
4,43RegMyUDiD.p12
4,Client_Root_Root.p12
4,aps_production.p12
4,ca-ts.p12
4,db2-keystore.p12
4,151RegMyUDiD.p12
4,131RegMyUDiD.p12
4,143RegMyUDiD.p12
4,196RegMyUDiD.p12
4,39RegMyUDiD.p12
4,141RegMyUDiD.p12
4,DIR_Root.p12
4,UAQ_Push_Certificate.p12
4,166RegMyUDiD.p12
4,90RegMyUDiD.p12
4,63RegMyUDiD.p12
4,74RegMyUDiD.p12
4,test13.p12
4,mcohen@pingtel.com.p12
4,clientcert.p12
4,betamax.p12
4,153RegMyUDiD.p12
4,201RegMyUDiD.p12
4,137RegMyUDiD.p12
4,189RegMyUDiD.p12
4,62RegMyUDiD.p12
4,101RegMyUDiD.p12
4,124RegMyUDiD.p12
4,109RegMyUDiD.p12
4,Client_Root_Leaf.p12
4,user-key-sha1-3des-sha256.p12
4,177RegMyUDiD.p12
4,184RegMyUDiD.p12
4,66RegMyUDiD.p12
4,40RegMyUDiD.p12
4,187RegMyUDiD.p12
4,64RegMyUDiD.p12
4,dsa-key-aes256-cbc-sha256.p12
4,20167000013.p12
4,130RegMyUDiD.p12
4,123RegMyUDiD.p12
4,61RegMyUDiD.p12
4,54RegMyUDiD.p12
4,192RegMyUDiD.p12
4,119RegMyUDiD.p12
4,test14.p12
4,my-app-client.p12
4,devid_install.p12
4,distribution.p12
4,175RegMyUDiD.p12
4,65RegMyUDiD.p12
4,107RegMyUDiD.p12
4,150RegMyUDiD.p12
4,60RegMyUDiD.p12
4,test17.p12
4,20RegMyUDiD.p12
4,86RegMyUDiD.p12
4,94RegMyUDiD.p12
4,202RegMyUDiD.p12
4,38RegMyUDiD.p12
4,193RegMyUDiD.p12
4,signout.p12
4,trusted_certs.p12
4,client_authority.p12
4,139RegMyUDiD.p12
4,148RegMyUDiD.p12
4,140RegMyUDiD.p12
4,120RegMyUDiD.p12
4,37RegMyUDiD.p12
4,47RegMyUDiD.p12
4,171RegMyUDiD.p12
4,Client_Leaf_Chain.p12
4,signer.p12
4,smime.p12
4,200RegMyUDiD.p12
4,test11.p12
4,Client1.p12
4,152RegMyUDiD.p12
4,98RegMyUDiD.p12
4,136RegMyUDiD.p12
4,71RegMyUDiD.p12
4,Client_Leaf_Root.p12
4,user1-ks.p12
4,70RegMyUDiD.p12
4,104RegMyUDiD.p12
4,aps_development.p12
3,Counterparty_Signature.p12
3,test26.p12
3,test50.p12
3,test52.p12
3,privkey.p12
3,rsa-3072-private.p12
3,test54.p12
3,client-cert.p12
3,ec-secp521r1-private.p12
3,rsa-2048-private.p12
3,60001.p12
3,google_service_account_key.p12
3,hmmmm-e411eec713f8.p12
3,leech_private.p12
3,win2k8server.p12
3,test64.p12
3,test29.p12
3,ia.p12
3,test21.p12
3,test28.p12
3,test-rc2.p12
3,server_certificate.p12
3,DaniateCert.p12
3,test74.p12
3,Helsenorge_Signature.p12
3,test44.p12
3,test24.p12
3,test9.p12
3,test72.p12
3,self_signed_tank.p12
3,40004.p12
3,test25.p12
3,test51.p12
3,test36.p12
3,self-signed.p12
3,Helsenorge_Encryption.p12
3,airflex.p12
3,oauthkeyfile.p12
3,revoked.13a.rsa.p12
3,test62.p12
3,ideal.p12
3,test75.p12
3,test41.p12
3,test61.p12
3,test67.p12
3,ninja-development.p12
3,revoked.rsa.p12
3,test31.p12
3,rsa-4096-private.p12
3,client-truststore.p12
3,iphone_dist.p12
3,test43.p12
3,test37.p12
3,defaultTrust.p12
3,.ios-dev-cert.p12
3,client_secrets.p12
3,2.rsa.p12
3,v3-certs-RC2.p12
3,test_client.p12
3,difi-enhetstester.p12
3,test66.p12
3,test68.p12
3,test42.p12
3,test38.p12
3,test55.p12
3,HappiePug-3c5325296563.p12
3,cmdline-test-client.p12
3,test-scheduler.p12
3,ec-prime256v1-private.p12
3,invalid_format.p12
3,test59.p12
3,consumer-keystore.p12
3,MobilePublisher.p12
3,test63.p12
3,test6.p12
3,trino-httpquery-test.p12
3,Test certificate and private key 2.p12
3,certkeystore.p12
3,fullscreen-ane-test.p12
3,test49.p12
3,test35.p12
3,test40.p12
3,test60.p12
3,test57.p12
3,test73.p12
3,expiring-keystore.p12
3,author.p12
3,production.p12
3,hmmmm-4c2bd9a777d8.p12
3,test34.p12
3,defaultKey.p12
3,ec-secp384r1-private.p12
3,Counterparty_Encryption.p12
3,certificate-valid-encrypted.p12
3,privateKey.p12
3,test8.p12
3,test23.p12
3,test20.p12
3,test53.p12
3,test45.p12
3,Test certificate and private key 1.p12
3,v3-certs-TDES.p12
3,my_keycert.p12
3,3.rsa.p12
3,salttest.p12
3,test47.p12
3,test22.p12
3,test65.p12
3,test56.p12
3,ssl.p12
3,update_check_client_cert.p12
3,selfsigned.p12
3,forge-cert.p12
3,test-key.p12
3,test32.p12
3,test7.p12
3,test71.p12
3,scheduler.p12
3,test46.p12
3,test58.p12
3,test33.p12
3,test27.p12
3,test48.p12
3,developer.p12
3,revoked.13b.rsa.p12
3,test76.p12
3,test69.p12
3,ciudadano_act.p12
3,android-debug-key.p12
3,demo-rsa2048.p12
3,test30.p12
3,auto_generated_ca.p12
3,user-key-nonascii-password.p12
3,test39.p12
3,trino-httpquery-test2.p12
3,provider-keystore.p12
3,test70.p12
3,fake-scalingengine.p12
2,60001_K_3.p12
2,slack-progress-31aea7694d00.p12
2,openssl-server-side-keystore.p12
2,bundle.p12
2,criollo_local.p12
2,user10.p12
2,webid.p12
2,simple.p12
2,server_nopass.p12
2,pkcs12-full.p12
2,mqttKeyStore.p12
2,testkeystore1.p12
2,user_invalid_sig.p12
2,usercred.p12
2,MyOSC.p12
2,Colinkr-3bb187887da8.p12
2,my.p12
2,ca-store.p12
2,PDFBOX-5249.p12
2,p12_with_extra_certs.p12
2,desktop-selfsigned-cert.p12
2,60001_K_2.p12
2,pushtest_dev.p12
2,self-signed-tsa.p12
2,pushtest_dev_recent.p12
2,01000005.p12
2,keystore_sun.p12
2,eucausers.p12
2,apns-dev-cert.p12
2,ddev_developer_id_cert.p12
2,user-enc.p12
2,s_rsa_ca1_cn10.p12
2,s_rsa_cai4.p12
2,openssl-server-side-truststore.p12
2,RSA-3072_SHA256WithRSA.p12
2,user_4.p12
2,SigningCert.p12
2,ecc521.p12
2,CZ1212121218.p12
2,consumer.p12
2,tysonvetCert.p12
2,131.p12
2,czq.p12
2,usr0052-firefox.p12
2,cacerts.p12
2,oauthTestKeyStore.p12
2,CRHTTPSHelperTests.p12
2,bpmsPush.p12
2,selfsigned_rsa_1024_certkey.p12
2,TheGraceCompanyMFG-bc8c83d8cbc2.p12
2,apn_developer_identity.p12
2,apnscert.p12
2,CZ683555118.p12
2,user_1.p12
2,kerriline-1563474005a6.p12
2,keystore_corrupted.p12
2,sdk-seller.p12
2,client-store.p12
2,aps_developer_identity.p12
2,thawtetest.p12
2,Nish.p12
2,macos_ddev_cert.p12
2,codesigningCert.p12
2,c_rsa_cai3.p12
2,c_rsa_ca3_revoked.p12
2,asterix_nc1.p12
2,keystore-no-chain.p12
2,push.p12
2,AndroidFullScreenTest.p12
2,MCOpenAPI.p12
2,developer_identity.p12
2,client_jerry.p12
2,cidadedeploy.p12
2,cred.p12
2,play.p12
2,binding.p12
2,default-sign-certificate.p12
2,jcartadminkeystore.p12
2,deviceRegistryKeyStore.p12
2,authServerKeyStore.p12
2,cer.p12
2,testKey.p12
2,proxy-ks.p12
2,rsa_ca1_ocspSigning.p12
2,s_rsa_ca1_cn11.p12
2,pdfbox-test.p12
2,foo.p12
2,private_256_right.p12
2,private_256_wrong.p12
2,apns-cert-CampusWatch-dev.p12
2,temp_cert.p12
2,dev-keystore.p12
2,alpha-cert.p12
2,CZ00000019.p12
2,s_rsa_ca3_revoked.p12
2,BigDataGarage-409e4dff2fd4.p12
2,root_ca.p12
2,878252.p12
2,cc.p12
2,cert_1.p12
2,SutSelfSigned.p12
2,rsa_ca1_none.p12
2,openssl-client-side-keystore.p12
2,igor.p12
2,good-dsa-user.p12
2,bogus01.p12
2,selfsigned_ecdsa_p384_certkey.p12
2,GiaSuTaiNangSaiGon-991960f3b23f.p12
2,node_pk.p12
2,Distribution.p12
2,apns-dev-Key-InfoWatch.p12
2,jira-cert.p12
2,60001_O_2.p12
2,test_credentials.p12
2,RLinkAPNS.p12
2,RSA-4096_SHA256WithRSA.p12
2,allAlgKeyStore.p12
2,client.cert.p12
2,identityserver.test.ecdsa.p12
2,Endorfine-8cfe7306d87e.p12
2,ios_development.p12
2,user_2.p12
2,asterix_nc2.p12
2,user08.p12
2,serverTrustStore.p12
2,freesbee.p12
2,ios_certificate.p12
2,chain.p12
2,empty.p12
2,all-certificates-tockler-2021.p12
2,hsaws-user.ifv.sjunet.org_auth.p12
2,pc.p12
2,oauthTestTrustStore.p12
2,password_protected_certkey.p12
2,single-topic-client-unprotected.p12
2,DvtSelfSigned.p12
2,beta-cert.p12
2,dev-linmobile-890a4e0854bc.p12
2,keystore-two-entries.p12
2,ApplePushKeystore.p12
2,key_crt.p12
2,s_rsa_cai3.p12
2,artemisKeyStore.p12
2,honoKeyStore.p12
2,internal.p12
2,GiaVangDev_Key.p12
2,good-ecdsa-user.p12
2,DistributeCertificate.p12
2,._tcpdf.p12
2,pkcs12-no-chain.p12
2,Mediakit_Google_Lib-d29b45137945.p12
2,Mediakit_Production-acd889396203.p12
2,https.p12
2,root-ca.p12
2,mierucaASP-2125bb2c879c.p12
2,user09.p12
2,user03.p12
2,identityserver.test.rsa.p12
2,san_dns3_certkeychain.p12
2,saml-idp.p12
2,1.p12
2,CertRSA.p12
2,Spreadsheet-c9b3bcd23b99.p12
2,bot.user1.p12
2,c_rsa_ca4_revoked.p12
2,s_rsa_cai4_revoked.p12
2,expired.p12
2,user04.p12
2,app.p12
2,60001_K_1.p12
2,http-server-ca.p12
2,jcartsitekeystore.p12
2,HP_ID_Print_App.p12
2,s_rsa_ca1_cn9.p12
2,rsa_ca1_timeStamping.p12
2,cert-with-key-package.p12
2,revoked.p12
2,cipherbiodata.p12
2,MY_FILE.p12
2,sandbox-apns-cert.p12
2,MixitConf-660dda9301e2.p12
2,rsa_ca1_codeSigning.p12
2,user06.p12
2,pkcs12-no-passwd.p12
2,bad-cert.p12
2,cacert.p12
2,brs-sp-ref.p12
2,dao-tests.p12
2,TestPKCS.p12
2,ca_4_no_ext.p12
2,user02.p12
2,HappiePug-bbca6989906d.p12
2,testkeysore.p12
2,multiple-keys.p12
2,Arakaron.p12
2,webshell-dev.p12
2,android-selfsigned-cert.p12
2,c_rsa_ca4_unknown.p12
2,int-ca.p12
2,Be Sure App-8dca0ed9e363.p12
2,client2.p12
2,c_rsa_ca3.p12
2,rsa_ca1_serverAuth.p12
2,user_5.p12
2,installer.p12
2,01000004.p12
2,s_rsa_ca4_revoked.p12
2,ca2testorg.p12
2,ocspsigner.p12
2,ca_1.p12
2,ca_2.p12
2,SecureHTTPServer.p12
2,cert-2018.p12
2,no-keys.p12
2,log5f.p12
2,example-password.p12
2,c_rsa_ca4.p12
2,c_rsa_cai3_revoked.p12
2,rsa_ca1_emailProtection.p12
2,Notary1.p12
2,user_0.p12
2,XcodeSigner.p12
2,Knuff.p12
2,validationCompte_keystore.p12
2,rsa.p12
2,dconnect-ios.p12
2,mycert.p12
2,drud_cs.p12
2,ca_keystore.p12
2,rsa_ca1_clientAuth.p12
2,openssl-client-side-truststore.p12
2,production_test_client.p12
2,allAlgTrustStore.p12
2,multi-topic-client.p12
2,production_com.rafagonc.ReadingList.p12
2,test-tripledes.p12
2,ShelterBox-dev.p12
2,blackberry-selfsigned-cert.p12
2,keystore-empty.p12
2,rsa_ca1_anyExtendedKeyUsage.p12
2,iphone_rel.p12
2,extract-tls.p12
2,user05.p12
2,user01.p12
2,PageStudio-20c49edcceae.p12
2,public-may2012.p12
2,single-topic-client.p12
2,AssinadorJar.p12
2,ecc256.p12
2,test-server.p12
2,s_rsa_ca3.p12
2,s_rsa_cai3_revoked.p12
2,c_rsa_cai4.p12
2,RSA-2048_SHA256WithRSA.p12
2,user_3_md5.p12
2,rootca.p12
2,scg-keystore.p12
2,user07.p12
2,testSSLClient.p12
2,MY_FILEserver.p12
2,ecc384.p12
2,admin.p12
2,denis_batutin.p12
2,signcert2.p12
2,SecureSocketServer.p12
2,c_rsa_cai4_revoked.p12
2,s_rsa_ca4.p12
2,s_rsa_ca4_unknown.p12
2,FellowshipApplication-f1d9f98353e5.p12
2,keyfile.p12
2,server_badca.p12
2,Certificates2.p12
2,android_dev.p12
2,60001_O_1.p12
2,LyfeboatPushCert.p12
2,user_3.p12
2,ca_3.p12
2,myKeyStore.p12
2,fake.p12
2,client-keycert.p12
2,ios.p12
1,MCKeyStore.p12
1,yourkey.p12
1,Rock Papper Scissors.p12
1,skyport_keystore.p12
1,azure-test.p12
1,sblbe.p12
1,platform_1.p12
1,BreakOutBox.p12
1,management-report-key.p12
1,www.mmfa.ibm.com.p12
1,c2.p12
1,keystore-bob.p12
1,example-small-key.p12
1,kdxDisPush.p12
1,test-ios-cert.p12
1,yuriy-cert.p12
1,rsa-priv-key.p12
1,168.p12
1,oauth-python-client-demo.p12
1,bicraft-bc92e4132921.p12
1,700000000000001_acp.p12
1,MyKey.p12
1,wildcard-google.dk-chain.p12
1,android.p12
1,nss.p12
1,windows.p12
1,Push.p12
1,demo1.p12
1,prod.tr.lol.riotgames.com.p12
1,MZHVGCCJ96.p12
1,qa-linmobile-e4b4d95cc084.p12
1,macos-headset.p12
1,Test_pasta_sign.p12
1,baeldung.p12
1,mobile.mmfa.ibm.com.p12
1,user-upn.p12
1,yuanfei.p12
1,datafari-keystore.p12
1,securekeystore.p12
1,rsakey-win.p12
1,FakeCert.p12
1,MacAppStore.p12
1,example-49a007fbf6a3.p12
1,contrail-federation-api.p12
1,client-flow-operator.p12
1,secp521r1ca.p12
1,serve.p12
1,testuser.p12
1,test-third.p12
1,keystore-ait.p12
1,CN1_distribution.p12
1,Test-5eae1f52d9cf.p12
1,test_keystore.p12
1,app_prod.p12
1,APNS_release.p12
1,ca1_client2.p12
1,openssl.p12
1,prod.pbe1.lol.riotgames.com.p12
1,facturae.p12
1,demo_podjetje.p12
1,1286224401.p12
1,BasicDirectoryPathDiscoveryOrg2EE2.p12
1,BasicLDAPURIPathDiscoveryOU3EE1.p12
1,example-root.p12
1,AppleDistribution.p12
1,certifcComodoJava.p12
1,.keyfile.p12
1,node4CaStore.p12
1,client-private.p12
1,SOCR_2015_Comodo_UCLA_key.p12
1,localhost-client.p12
1,foobar.com.p12
1,APN_SCG_Push_Demo_Dev_Key.p12
1,Shopping Cart-466439de0a0f.p12
1,Zark SHA2 Domain Validate INT CA.p12
1,User_006.p12
1,full.p12
1,piv9.p12
1,junitproxy_private.p12
1,private.p12
1,TribalHero.p12
1,ClientDemo-6e3e2ca6a16c.p12
1,rogue-ca.p12
1,idp-tls.p12
1,ane-key.p12
1,dagon-desktop.p12
1,BasicDirectoryPathDiscoveryOU1EE1.p12
1,BasicLDAPURIPathDiscoveryOrg2EE4.p12
1,leaf.p12
1,example-custom-oid.p12
1,peer.p12
1,lotl-ssl-only-truststore.p12
1,gcs_key.p12
1,rww-agent.p12
1,panelcert.p12
1,rsa_private_key.p12
1,secp384r1ca.p12
1,int-ev-valid.p12
1,unfancystuff-ed917d3b473a.p12
1,ca-cert.p12
1,zeppaDevelopment.p12
1,BLECollection.p12
1,beefuntop.p12
1,client1.cert.p12
1,Test2-2bdbc68098d7.p12
1,test-private-key-cert.p12
1,cloudconfig_clientauth.p12
1,cert_key.p12
1,client-pkcs8.p12
1,Test_sign.p12
1,BasicLDAPURIPathDiscoveryOrg2EE5.p12
1,moiplojaadminkeystore.p12
1,sign_RSA_from_TEST_of_ESTEIDSK2015.p12
1,xjoinpush.p12
1,good.p12
1,entidadspj_act.p12
1,www.example.com.p12
1,kafka_broker.keystore.p12
1,Facebook-3f3609d52f84.p12
1,pkcs12_6.p12
1,pkcs12_1.p12
1,CertificatesPFellows.p12
1,ane4wdj.p12
1,valid.p12
1,tls-host-no-entry.p12
1,oidc-signing.p12
1,RubyEmail-9e4aaf15d907.p12
1,AuaSign.p12
1,client-1.p12
1,event-service.p12
1,OuyaTest.p12
1,piv4-pass.p12
1,cpsCertChain.p12
1,bebek.p12
1,invalid_cert_chain.p12
1,Bob3_private_key_store.p12
1,Bob2_private_key_store.p12
1,pushNotificationDemo_release.p12
1,as3porject.p12
1,client_bad.p12
1,0_trust.p12
1,blackCardiOS_Dev.p12
1,Vi-Soft.p12
1,HiChongDis.p12
1,largersakey.p12
1,client_8083.p12
1,glassfish.p12
1,a.p12
1,aps_production_key.p12
1,My_Project-4da87bf7ee30.p12
1,2017.testperiodic.ssl_key.p12
1,zs.p12
1,ec256.p12
1,serverCert.p12
1,server_keystore_chained.p12
1,apns-cert-InfoWatch-prod-20140618.p12
1,manlod-ks.p12
1,dumas-1253d356d903.p12
1,mpalourdio.p12
1,piv3-pass.p12
1,key-nibaldo.p12
1,Porkpie.p12
1,brofiler-github-07994fd14248.p12
1,RamonCalderon.p12
1,not_yet_auth.p12
1,alices_private_key_store.p12
1,kiosk.p12
1,pkcs12_enckeyonly.p12
1,beacons-platform-dev-d642e4e07fea.p12
1,usr0052-exportado_desde_firefox_3.p12
1,IdeasMapping.p12
1,Q97R4F6PJT.p12
1,mantisCA.p12
1,key_and_cert.p12
1,cert_test.p12
1,apnsCert.p12
1,HeadRushClient.p12
1,PushDemo.p12
1,google.p12
1,2_nocacert.p12
1,acme_truststore.p12
1,no_encryption.p12
1,piv5.p12
1,userA.p12
1,rides_prod_push.p12
1,c_rsa_ca1_exp-noroot.p12
1,BasicLDAPURIPathDiscoveryOU1EE4.p12
1,BasicHTTPURIPathDiscoveryOU1EE3.p12
1,APNS_cert.p12
1,charles_ca_cert.p12
1,private-key.p12
1,empty-truststore.p12
1,testUser2.p12
1,largersakey-win.p12
1,apn.p12
1,CA_RSA_PRIVATE_KEY.p12
1,SEMReporting-2bd114da8850.p12
1,tweetinvi.certificate.private.p12
1,sample_pkcs12.p12
1,VA ER Core Scheduler-767e7805dd6a.p12
1,11168793_20130527102022.p12
1,.!62582!test_certificate.p12
1,demo_client.p12
1,my-root-ca.p12
1,tls-host-loopback-san.p12
1,myCompany.p12
1,RippleAdHocCertificate.p12
1,UTeamAlphaProductionPushCertificate.p12
1,piv2-pass.p12
1,piv4.p12
1,bobs_private_key_store.p12
1,._sign.p12
1,pubkeyB.p12
1,My Project-c73e71398c4f.p12
1,usr0052-exportado_desde_firefox.p12
1,portalgas-5b553a227069.p12
1,app_tacosgueros.p12
1,escluster.p12
1,My Project-69d8888d8990.p12
1,vis001.p12
1,HiChongDev.p12
1,BoggleAir.p12
1,BigInsights.p12
1,portunes-pkcs12.p12
1,local_ca.keystore.p12
1,localhost2.p12
1,evroot.p12
1,Star.Example.Com.p12
1,proxy.p12
1,apns-certificate-sandbox.p12
1,CSG_Demo_APNS_Key.p12
1,securemail_ts.p12
1,tls-host-not-our-san.p12
1,2_withextras.p12
1,project.example.p12
1,test-keypasswd.p12
1,empty_password.p12
1,certs-only.p12
1,piv12-pass.p12
1,piv8-pass.p12
1,serverkeystore.p12
1,BOB.p12
1,prodtw.lol.garenanow.com.p12
1,usercert.p12
1,expired_encr.p12
1,DevCertificates.p12
1,private-test-cert-invalid.p12
1,BasicCombinedPathDiscoveryOU4EE1.p12
1,BasicHTTPURIPathDiscoveryOU1EE2.p12
1,apns_developer.p12
1,demorsa2048.p12
1,lg_ec.p12
1,node1CaStore.p12
1,signing_certificate.p12
1,pkcs12_2.p12
1,F66A466KJR.p12
1,CertificatesGoPro.p12
1,ctrl.p12
1,test-dsa.p12
1,CMS-Google-Analytics-370f1c259af7.p12
1,client_new.p12
1,apple.p12
1,local.helloworld3000.com.p12
1,3_missing_root.p12
1,distributor.p12
1,pkcs12-pass.p12
1,JK7Y6R5E7K.p12
1,compute-service-privatekey.p12
1,X47E7X2X6J-code-signing-certificate.p12
1,prod.lol.garenanow.com.p12
1,ConsueloFlores.p12
1,invalid_authkey_usage.p12
1,s_rsa_ca1_cn1-noroot.p12
1,outro-client.p12
1,Scratch_iOS.p12
1,documentary.p12
1,DeveloperID.p12
1,sello_entidad_act.p12
1,sslcertificatelavanda.p12
1,client-browser-cert.p12
1,all-in-one.p12
1,.!23287!test_certificate.p12
1,m_private_key.p12
1,rs256-wrong-private.p12
1,x509-mary.p12
1,sandbox.p12
1,pass.co.iveew.p12
1,p12.p12
1,piv16-pass.p12
1,piv6.p12
1,iOSTestPrivKey.p12
1,DigipostTestCertWithPassword.p12
1,Codeshop-bcdc569af6ca.p12
1,s_rsa_ca1_cn7-noroot.p12
1,f2e-ps-toolbox.p12
1,exampush-cert.p12
1,example-pdfium-Alice.cert.p12
1,restKeyStore.p12
1,yes3d.p12
1,nba.p12
1,iPhone_rc.p12
1,sample.p12
1,BasicHTTPURIPathDiscoveryOrg2EE2.p12
1,apns_production.p12
1,ecdsa-secp256k1-key.p12
1,hexxdesktop.p12
1,trustStore.p12
1,1-changeit.p12
1,node3CaStore.p12
1,mydev.tomcat.p12
1,chef-websphere.p12
1,client_c.p12
1,cert-name.p12
1,userSelfSigned.p12
1,MW5NPQ5M89.p12
1,test-aes128.p12
1,root_signed.p12
1,google-client.p12
1,tianxia2.p12
1,broker-cert-pwd.p12
1,User_004.p12
1,keystore_ec.p12
1,Nolsia.p12
1,prodth.lol.garenanow.com.p12
1,localhost_old.p12
1,invalid_key_size.p12
1,gugu_sj_apns_dev.p12
1,MDMPush.p12
1,nobody-2.p12
1,securegrades.p12
1,myserver.p12
1,certstore.p12
1,certA.p12
1,animation.p12
1,apk.keystore.p12
1,Dhuruva-BMS-fa750e3a8102.p12
1,development_com.doronkatz.firefox.p12
1,BasicHTTPURIPathDiscoveryOrg2EE3.p12
1,BasicLDAPURIPathDiscoveryOrg2EE1.p12
1,BasicLDAPURIPathDiscoveryTest3EE.p12
1,BasicLDAPURIPathDiscoveryOU1EE1.p12
1,pandr.p12
1,example-leaf.p12
1,example-sha1.p12
1,sender.p12
1,jetty.p12
1,drbdusage.p12
1,selfdb.p12
1,aps_development_cert.p12
1,CRMSystems-6ab62dde5ec5.p12
1,GoogleCastleCert.p12
1,test-aes256.p12
1,keystone4j.p12
1,kuraKeyStore.p12
1,vegadare.p12
1,file_p12.p12
1,ssfpacker.p12
1,2.p12
1,1_nocacert.p12
1,tsunami_test_server.p12
1,huajutianxia2017.p12
1,clq.p12
1,libreswan_client.p12
1,User_002.p12
1,tunneling.p12
1,ca2_client1.p12
1,client_secp384r1.p12
1,propagate_dist.p12
1,piv13-pass.p12
1,piv12.p12
1,prodph.lol.garenanow.com.p12
1,kafka-truststore.p12
1,daibo-development.p12
1,HuoTu.p12
1,s_rsa_ca1_cn4-noroot.p12
1,com_wodedata_test_aps_development.p12
1,cc_cert.p12
1,APNSTestDevelopmentCertificate.p12
1,neutron.p12
1,1_trust.p12
1,pw1234.p12
1,BasicDirectoryPathDiscoveryOU1EE4.p12
1,gobanbot.p12
1,server.b64.p12
1,Se.Curity.Test.p12
1,rsakey-winxp.p12
1,expiredkey.p12
1,tempcert.p12
1,infrastructure-mock.p12
1,valid_cert_and_key.p12
1,CSG_Demo_APNS_Devel_Key.p12
1,E4LD6N5656.p12
1,csc.p12
1,local.foobar3000.com.p12
1,Certificate.p12
1,abrc_osu.p12
1,th82-70b16148aba5.p12
1,UTeam_Alpha_Development.p12
1,ParseDevelopmentPushCertificate.p12
1,cumi.p12
1,JuanQuemada.p12
1,expired_auth.p12
1,plant-monitoring.p12
1,nobody-1.p12
1,trusted-servers.p12
1,pkcs12_encmixed.p12
1,push_ios_dev.p12
1,push_ios_pdt.p12
1,idp.p12
1,testmachinedev.com.p12
1,StudyTime-bc76a79299bb.p12
1,sign_ECC_from_TEST_of_ESTEIDSK2015.p12
1,testCA.p12
1,receiver.p12
1,mixitconf-199406-c920e59f83b9.p12
1,aps_development_key.p12
1,abaci-ca.p12
1,superadmin-cert.p12
1,non-evroot-ca.p12
1,Joshua_Meyer_Private.p12
1,h2.digium.sipit.net.p12
1,httpKeyStore.p12
1,test-user.p12
1,ee-deforestprob-c6bc7a5e01c1.p12
1,Dev-Certificates-iOS-Intermendio.p12
1,jwt_plugin_idp_certs.p12
1,KHL6HLHYM7.p12
1,piv1.p12
1,linmobile-backend-11f89afed7aa.p12
1,invalid_encrkey_usage.p12
1,s_rsa_ca1_exp-noroot.p12
1,s_rsa_cai2-noroot.p12
1,toughradius.p12
1,build-cert.p12
1,BasicDirectoryPathDiscoveryTest1EE.p12
1,BasicDirectoryPathDiscoveryOrg2EE5.p12
1,example-root-bad-ku.p12
1,datafari-truststore.p12
1,development_xyz.nazabore.Scheduler.p12
1,ios-development.p12
1,dsakey.p12
1,largersakey-winxp.p12
1,dwilhelmi.p12
1,testrtime-d240ffcfb7f4.p12
1,RootCACert.p12
1,wildcard-google.dk-chain-password.p12
1,2_nocacert_withextras.p12
1,NexoCertification1234.p12
1,wsfed.p12
1,apns-cert-TipAndLead-dev-20140722.p12
1,atlasNOC-b881d3cac99b.p12
1,broker.p12
1,dashboard-bigquery-b7688a960ef4.p12
1,SH4RJ54JQF.p12
1,wx_apiclient_cert.p12
1,encryption-scheme.p12
1,piv9-pass.p12
1,prod.na1.lol.riotgames.com.p12
1,myshopify-search-e1c6e15ec7e5.p12
1,kafka-keystore.p12
1,ks-keystore.p12
1,invalid_key_algorithm.p12
1,gclegane.p12
1,cbctest.p12
1,Signature.p12
1,s_rsa_ca2-noroot.p12
1,c_rsa_ca1-noroot.p12
1,NBAUIParser.p12
1,client_good.p12
1,client.cert.dev.p12
1,BasicHTTPURIPathDiscoveryOrg2EE1.p12
1,Certificates@xaoxuu.p12
1,Demofony2-ff8e5d41a795.p12
1,hexxmobile.p12
1,valid_certs_and_key.p12
1,superadmin.p12
1,pkcs12_3.p12
1,CityStarsProperties-b82ccb4f7095.p12
1,mykeystore.p12
1,qianming.p12
1,tls-host-loopback-cn.p12
1,Zark SHA2 Domain Validated Root CA.p12
1,test-f78b8036804e.p12
1,User_001.p12
1,User_008.p12
1,Keywhiz_ACME_CA.p12
1,piv7.p12
1,client_test_local.p12
1,c_dsa_ca1-noroot.p12
1,clientCertificate.p12
1,Baeldung.p12
1,Gesperrt.p12
1,raizan.p12
1,BasicDirectoryPathDiscoveryTest2EE.p12
1,BasicDirectoryPathDiscoveryOU1EE5.p12
1,BasicHTTPURIPathDiscoveryOU1EE5.p12
1,MadDogOY.p12
1,RaymonTour-d120b14a1904.p12
1,codesign.p12
1,client.key.p12
1,id.p12
1,eagle7.p12
1,secp256r1ca.p12
1,h3.digium.sipit.net.p12
1,autosigned_cert.p12
1,apns_development.p12
1,myPartner.p12
1,grcertkey3.p12
1,APNS_developer.p12
1,homepage-service.p12
1,User_007.p12
1,ca1_server1.p12
1,piv11-pass.p12
1,piv1-pass.p12
1,prod.eu.lol.riotgames.com.p12
1,burung.p12
1,clientId.p12
1,client-ca.p12
1,dtargaryen.p12
1,10442529-1.p12
1,DNZK5E8L95.p12
1,usr0052.p12
1,testclient-keystore.p12
1,cas_node_tests.p12
1,BasicDirectoryPathDiscoveryOU3EE1.p12
1,moiplojasitekeystore.p12
1,lotl-truststore.p12
1,kdxDevPush.p12
1,test-ca-cacert.p12
1,bases-finance-269c596b456d.p12
1,ga-pk.p12
1,in1.p12
1,8SB486P85P.p12
1,tocWidgetsKey.p12
1,grcertkey1.p12
1,appstore.p12
1,root.ocsp-signing.p12
1,MyProject.p12
1,unicode_password.p12
1,995WZL8U6F.p12
1,ab-client.p12
1,selfCert.p12
1,ga_cert.p12
1,dump-file.p12
1,2020.p12
1,ks-truststore.p12
1,alice_auth.p12
1,cert-app-auth-example.p12
1,Paneles Paris-66991c55e07d.p12
1,ssl_test.p12
1,server_truststore.p12
1,10021546.p12
1,BasicLDAPURIPathDiscoveryOrg2EE3.p12
1,BasicDirectoryPathDiscoveryOrg2EE3.p12
1,BasicLDAPURIPathDiscoveryOU1EE5.p12
1,kamasu.p12
1,0F.p12
1,example-elliptic-sha1.p12
1,rsakey.p12
1,memes.p12
1,fptestcert1.p12
1,krewSampleCert.p12
1,Donald_Chiquito.p12
1,certificate_without_password.p12
1,googlekey.p12
1,citypush.p12
1,PersoSim_Development_Certificate.p12
1,test-ca-signed.p12
1,VOCES_valid.p12
1,pkcs12-emptypass.p12
1,UTeamProductionPushCertificate.p12
1,User_009.p12
1,piv11.p12
1,mykey.p12
1,ThomasJeremyTrujillo.p12
1,old_alices_private_key_store.p12
1,pkcs12_keyonly.p12
1,s_rsa_ca1_cn5-noroot.p12
1,s_rsa_ca1_cn6-noroot.p12
1,c_rsa_ca2-noroot.p12
1,example-pdfium-Bob.cert.p12
1,grupodot-101-gcp-22697afcc28d.p12
1,ios_distribution.p12
1,GiaVangDis_Key.p12
1,BasicLDAPURIPathDiscoveryOrg2EE2.p12
1,BasicDirectoryPathDiscoveryOU3EE2.p12
1,example-bad-serial.p12
1,dsa2048key.p12
1,invalid_cert_and_key.p12
1,google-calendar-service-key.p12
1,zeppaProduction.p12
1,apns-dis-key.p12
1,DigipostCert.p12
1,grcertkey.p12
1,CA_TEST-01.p12
1,FFIsHCTAs.p12
1,dotnet.common.test.p12
1,ypom-dev.p12
1,moCertChain.p12
1,prod.br.lol.riotgames.com.p12
1,GameAirMobile.p12
1,GestorCEE.p12
1,FallinginLove.p12
1,bob_auth.p12
1,._encrypt.p12
1,dis.p12
1,certificate_development.p12
1,certB.p12
1,BasicDirectoryPathDiscoveryOrg2EE4.p12
1,travis_signing_assets.p12
1,stratuslab-test-user.p12
1,guenthard.p12
1,aps_production_cert.p12
1,.!36904!test_certificate.p12
1,123456.p12
1,vineglobal-4f2cac57f08c.p12
1,anikiforov.p12
1,9J5X3YSWG9.p12
1,redis.p12
1,client-unknown.p12
1,text.p12
1,cdata.p12
1,zynga.p12
1,originator.p12
1,null_password.p12
1,EnriqueRobles.p12
1,old_bobs_private_key_store.p12
1,._certificate.p12
1,s_rsa_ca1_cn2-noroot.p12
1,request_object.p12
1,MobileViewer.p12
1,BasicDirectoryPathDiscoveryOU1EE2.p12
1,pass.com.example.testpass.p12
1,certkey.p12
1,user_one.p12
1,dummyCertificate.p12
1,ga-privatekey.p12
1,node5CaStore.p12
1,oauth-project-e9b592592ac8.p12
1,UDIR.PAS2.Dev.Client.p12
1,APN_SCG_Push_Demo_Key.p12
1,E4WR7LQ93N.p12
1,ijorcs-402eba222ba9.p12
1,distibution2.p12
1,wso2carbon.p12
1,ebanking.p12
1,TechEx.p12
1,test_user.p12
1,acme_keystore.p12
1,Executioner.p12
1,piv10.p12
1,piv6-pass.p12
1,magiclauncherv0.p12
1,prod.na2.lol.riotgames.com.p12
1,kambing.p12
1,test01@example.com.p12
1,alice_enc.p12
1,trusted-clients.p12
1,s_rsa_cai1-noroot.p12
1,AutoRender.p12
1,TheTartuffeBay-c985f9bb86a4.p12
1,certificat.p12
1,SSI Network Graphics-3357cb9f30de.p12
1,private-test-cert.p12
1,file.p12
1,user-upn3.p12
1,profile.p12
1,test_rsa.p12
1,file1.p12
1,example-name-constraints.p12
1,example-expired.p12
1,MN_test_key.p12
1,push_valid.p12
1,testTrustStore.p12
1,development-Certificates.p12
1,demo-certificate.p12
1,yunatube.p12
1,www_agrhub_com.p12
1,3_missing_inter.p12
1,FOCES_valid.p12
1,intermediate.ocsp-signing.p12
1,smt.p12
1,piv10-pass.p12
1,httpCa2.p12
1,GestorCRV.p12
1,bob_enc.p12
1,._invalid_format.p12
1,smartSpace.p12
1,s_rsa_ca1_cn3-noroot.p12
1,exampush_key.p12
1,GooglePlayDistribution.p12
1,iPhone_dev.p12
1,client-identity.p12
1,BasicHTTPURIPathDiscoveryOU3EE2.p12
1,BasicHTTPURIPathDiscoveryOrg2EE5.p12
1,BasicHTTPURIPathDiscoveryOU1EE1.p12
1,TestCertificate.p12
1,APNS-AppDev.p12
1,dsa3072key.p12
1,proj.p12
1,servicestore.p12
1,node2CaStore.p12
1,ca_store.p12
1,MapGame.p12
1,Bifrost-7c8d70841343.p12
1,3.p12
1,libreswan_server.p12
1,keystore_dsa.p12
1,pbes2_sha1.p12
1,cliet.p12
1,piv5-pass.p12
1,piv2.p12
1,piv13.p12
1,Nuev9-d814ffdeed93.p12
1,prod.oc1.lol.riotgames.com.p12
1,prod.euw1.lol.riotgames.com.p12
1,certificate3.p12
1,chestercomix.p12
1,7RBB4Z2NZN.p12
1,Scratch_android.p12
1,portalgas-33593677e799.p12
1,device_cert_andorid.p12
1,BasicHTTPURIPathDiscoveryOrg2EE4.p12
1,valid_non_apple_2036_01_07.p12
1,testAdmin2.p12
1,REPLACEME_WITH_THE_REAL_CERT.p12
1,tedagig2016.p12
1,shipDockConfigParser.p12
1,OatmealDomeSoftware.p12
1,unicore-user-cert.p12
1,testKeyStore.p12
1,int-non-ev-root.p12
1,HeadExploder.p12
1,11.p12
1,API Project-1a8de780beb5.p12
1,CN1_development.p12
1,grcertkey2.p12
1,jsql-injection.p12
1,User_010.p12
1,key_with_cert.p12
1,star.control-alt-del.org.p12
1,demo2.p12
1,prod.eun1.lol.riotgames.com.p12
1,CertificateTest.p12
1,webservices.p12
1,PerspectiveDistortion.p12
1,CircleMapping.p12
1,pushNotificationDemo_debug.p12
1,s_rsa_ca1_cn8-noroot.p12
1,client_pavel.p12
1,generic.p12
1,XcodeSigner2018.p12
1,Ed25519-good-user.p12
1,client01.p12
1,apns_dev.p12
1,identity1.p12
1,blog-7f06d6ba583d.p12
1,push_invalid.p12
1,GrpcGoogleSheets.p12
1,test0.keystore.p12
1,certycert.p12
1,HeadExploderDist.p12
1,rsaPrivate.p12
1,web.com.change_me.notification.p12
1,TestIndef2.p12
1,user-service.p12
1,Certificati.p12
1,User_003.p12
1,jre-test.p12
1,piv7-pass.p12
1,belalang.p12
1,Certificates_Notification_Dev.p12
1,android_cert.p12
1,inotice.p12
1,privkeyB.p12
1,GoogleAPI-key.p12
1,jwt_keystore.p12
1,googledrive_key.p12
1,user-upn2.p12
1,BasicLDAPURIPathDiscoveryOU1EE2.p12
1,BasicLDAPURIPathDiscoveryTest1EE.p12
1,BasicLDAPURIPathDiscoveryOU3EE2.p12
1,BasicDirectoryPathDiscoveryOU1EE3.p12
1,BasicDirectoryPathDiscoveryOrg2EE1.p12
1,CertificateIdp.p12
1,rsapriv.p12
1,shipDockUIParser.p12
1,disposable.p12
1,MAS-Blog-b6bc95f92ba1.p12
1,MyoControllerDemo.p12
1,unittest.p12
1,test_certificate.p12
1,pkcs12_5.p12
1,myCertificate.p12
1,ionomy_untrusted_gitianuser.p12
1,apns-dev-key.p12
1,msg.dev.spine2.ncrs.nhs.uk.p12
1,TCA.p12
1,pbes2_sha256.p12
1,SpoutAIR.p12
1,client-cert-and-key.p12
1,BasicHTTPURIPathDiscoveryOU1EE4.p12
1,push-dev.p12
1,test-lotl-truststore.p12
1,lotl-pivot300-truststore.p12
1,John_Doe.p12
1,LIBRASOffice-7b93cd6faf0e.p12
1,elpaaso-test-keystore.p12
1,My Project-bb5e42271dae.p12
1,client-flow-developer.p12
1,unknown_ca_store.p12
1,securemail.p12
1,agentClientCert.p12
1,Staging_Signature_PrivateKey.p12
1,BehindMedia_private.p12
1,testCertificate.p12
1,OrasiCodeSigningCert.p12
1,dirks_private_key_store.p12
1,signing_keys.p12
1,vendor.p12
1,core.p12
1,dist.cer.p12
1,DukesBox.p12
1,keystore-alice.p12
1,BasicLDAPURIPathDiscoveryOU1EE3.p12
1,BasicHTTPURIPathDiscoveryOU3EE1.p12
1,rms.p12
1,iPhone_Developer.p12
1,noSignKeyUsage.p12
1,ciudadano_eidas_act.p12
1,Kommun_B.p12
1,signApplet.p12
1,DeNA_IOSGroup_NewCard-3.p12
1,wildcard.p12
1,vineglobal-aafe2aeec6a6.p12
1,intermediate_signed.p12
1,self_signed.p12
1,x509-jane.p12
1,sample-privatekey.p12
1,multiple_cert_keystore.p12
1,Aua.p12
1,dumas-0286f7dc349f.p12
1,test-server-cert.p12
1,ca1_server2.p12
1,ca1_client1.p12
1,TaskQueueJSONRPCAPI-d6ab3c3923be.p12
1,ayam.p12
1,DigipostTestCert.p12
1,test_cert.p12
1,Identities.p12
1,platform_2.p12
1,PixelConflict.p12
1,10015004197.p12
1,production_com.doronkatz.firefox.p12
1,mock_trust.p12
1,blackCardiOS_Production.p12
1,push(pass - 1).p12
1,OpenExhibits.p12
1,kikapi-c2eb1de63c8d.p12
1,distribution_identity.p12
1,pkcs12_4.p12
1,client_a.p12
1,client_b.p12
1,Certificados.p12
1,passdemo.p12
1,openvidu-selfsigned.p12
1,1_des.p12
1,hongantusheng.p12
1,PushTest.p12
1,keystore-ec.p12
1,tppass.p12
1,mbaike.p12
1,pkcs12_certonly.p12
1,WS1909208425._.1.p12
1,carlos.p12
1,server-cert-and-key.p12
1,AntenneaSDK.p12
1,client_secrets.p12.p12
1,caCertA.p12
1,bigbang.p12
1,starchat-0.p12
1,BasicHTTPURIPathDiscoveryTest4EE.p12
1,example-md5.p12
1,sign_ESTEID2018.p12
1,AppleDeveloper.p12
1,team23-money2020-1508232975-sandbox.p12
1,0f4a981fdf5d.p12
1,client_x.p12
1,license.p12
1,mycertificatefile.p12
1,boss-test-client.p12
1,test-service.p12
1,apns-dis-cert.p12
1,AppKeyANEcert.p12
1,6ceng.p12
1,3_nocacert.p12
1,seldac-a9821e60cbab.p12
1,test_google_bundle.p12
1,kimochi.p12
1,UniversiTeamBetaPushCertificate.p12
1,dummy_keystore.p12
1,piv8.p12
1,dev-linmobile-434b93f8d516.p12
1,JuanCarlosYelmo.p12
1,BacHomeDevPushCert.p12
1,Pasta_test_3d.p12
1,c_rsa_cai2-noroot.p12
1,TwoApart.p12
1,eventstore.p12
1,BasicHTTPURIPathDiscoveryTest2EE.p12
1,BlackCardProductionPush.p12
1,OpenXDS_2010_Keystore.p12
1,svforum-9c7e0f84a82f.p12
1,localhost3.p12
1,demo-rsa.p12
1,tssegypt-037199597765.p12
1,h1.digium.sipit.net.p12
1,test-tripledes-blank.p12
1,marketplace.p12
1,tls-host-loopback-san-dns.p12
1,User_005.p12
1,Jacob.p12
1,piv3.p12
1,piv16.p12
