273,id_rsa.ppk
201,root_id_rsa.ppk
66,insecure_key.ppk
62,insecure_id_rsa.ppk
47,encrypted-dsa.ppk
47,encrypted-rsa.ppk
32,private.ppk
22,demo_id_rsa.ppk
16,cd_w11_key.ppk
15,vagrant.ppk
6,build.ppk
5,mudlet-deploy-key-windows.ppk
4,iaw5.ppk
4,key.ppk
3,rsa.ppk
3,RSA2048PuTTYPrivatePassword.ppk
3,insecure_private_key.ppk
3,dsa-pub.ppk
3,RSA2048PuTTYPrivate.ppk
3,dsa-pub-err.ppk
3,dsa.ppk
2,acs.ppk
2,cheftemp.ppk
2,labkey.ppk
2,PuttyKeyUtilsTest-ssh-rsa-KeyPair.ppk
2,ed25519.ppk
2,private-key.ppk
2,RPGXEFDevPrivateKey.ppk
2,privatekey.ppk
2,TestKey_PuTTY.ppk
2,PuttyKeyUtilsTest-ssh-dss-KeyPair.ppk
2,x_listreat.ppk
2,ecdsa.ppk
2,kkk.ppk
2,storagekey.ppk
2,putty.ppk
2,PrivateKey.ppk
2,android-test-billing.ppk
2,gitkey.ppk
2,nurhadie.ppk
1,baggio_addpwd.ppk
1,conoha_filezilla.ppk
1,test-invalid-argon2-parallelism.ppk
1,test_ecdsa_nistp256_puttygen.ppk
1,oliver-key.ppk
1,test-invalid-private-mac.ppk
1,test-invalid-key-derivation.ppk
1,MMDBPub.ppk
1,teachplan.ppk
1,acquia.private.ppk
1,ecdsa-sha2-nistp521-format-2.ppk
1,ecdsa-sha2-nistp256-format-2.ppk
1,tgoldie_v85.ppk
1,New.ppk
1,14.ppk
1,bom.ppk
1,todoaholic.ppk
1,test-invalid-argon2-memory.ppk
1,sanjlikey.ppk
1,workshop_user1.ppk
1,poweroff.ppk
1,chave_ibut_ext.ppk
1,example.private.ppk
1,tellUsMainKey.ppk
1,id.ppk
1,test-invalid-argon2-passes-maximum.ppk
1,test-invalid-blob-lines.ppk
1,test-windows-line-endings.ppk
1,cockroach-vb-cluster.ppk
1,birgit-key.ppk
1,dss-1024-format-2.ppk
1,ecdsa-sha2-nistp521-format-3.ppk
1,test-invalid-encryption-type.ppk
1,ecdsa-sha2-nistp384-format-2.ppk
1,machinima.sshkey.ppk
1,hotcargo.ppk
1,baggio.ppk
1,cosmo.ppk
1,1.ppk
1,8.ppk
1,putty_privat.ppk
1,test_ecdsa_nistp384_2_puttygen.ppk
1,test.pem.ppk
1,1119-private.ppk
1,gitPrivateKey-mhafizasad..ppk
1,media.dummy.ppk
1,views.dummy.ppk
1,test.ppk
1,test_ed25519_puttygen.ppk
1,ssh-private-key.ppk
1,sshprivatekey.ppk
1,4.ppk
1,wolfgang-key.ppk
1,1112-private.ppk
1,tpprivate.ppk
1,rsa-2048-encrypted-format-2.ppk
1,test-encrypted-format-2.ppk
1,puttypvk.ppk
1,cadpw3.ppk
1,test-invalid-format-1.ppk
1,test-missing-final-line-ending.ppk
1,test-empty-blobs.ppk
1,iubcred.ppk
1,centos-sam2.ppk
1,SDKSample.ppk
1,TreasureKey.ppk
1,putty-bitonic-private-key.ppk
1,7.ppk
1,token-private.ppk
1,server.ppk
1,john.ppk
1,11.ppk
1,test_key.ppk
1,ocp-handson.ppk
1,symfony_casa.ppk
1,test-invalid-format-4.ppk
1,php_easypay.ppk
1,lionra.ppk
1,ChoonewzaAwsKeryPair.ppk
1,test-empty-blobs-encrypted.ppk
1,test-blank-comment.ppk
1,test-format-3.ppk
1,media.ppk
1,dsa2048.ppk
1,5.ppk
1,VagrantInsecureKey.ppk
1,test-format-2.ppk
1,putty-private-key.ppk
1,15.ppk
1,sshv1-1.ppk
1,PuttyPrivateKeyOpenshift.ppk
1,PuttyKeyUtilsTest-RSA-KeyPair.ppk
1,10.ppk
1,abc.ppk
1,ais.ppk
1,vagrant-putty.ppk
1,privatekey_TT.ppk
1,MM1Priv.ppk
1,OpenWrt-Private-Key.ppk
1,cmp.ppk
1,test_ecdsa_nistp521_2_puttygen.ppk
1,1126-private.ppk
1,baggio_openssh1.ppk
1,myPrivate.ppk
1,mykey.ppk
1,baggio_openssh.ppk
1,privatemobileguard.ppk
1,2.ppk
1,6.ppk
1,Private_key.ppk
1,rsaprivatekey.ppk
1,test-truncated.ppk
1,bjoern-key.ppk
1,ubuntu_prk.ppk
1,privada.ppk
1,test-invalid-argon2-memory-maximum.ppk
1,dss-1024-format-3.ppk
1,rsa-2048-encrypted-format-3.ppk
1,ecdsa-sha2-nistp256-format-3.ppk
1,13.ppk
1,12.ppk
1,ssh-core.ppk
1,private_key.ppk
1,id_rsaPutty.ppk
1,HGserver.ppk
1,lovearchitect.ppk
1,test-legacy-mac-line-endings.ppk
1,PuttyKeyUtilsTest-DSA-KeyPair.ppk
1,sftp-key.ppk
1,bootstrap_3-0-0.ppk
1,iconic.ppk
1,fucking_private_key.ppk
1,LocalAnsibleKey.ppk
1,keyPair.ppk
1,paris13.ppk
1,test-encrypted-type-i-format-3.ppk
1,HANDSON.ppk
1,zendcloud-bsnsutiui4lv48hlb0fx.ppk
1,domicilios.ppk
1,wemake.ppk
1,opnfv-ravello.ppk
1,dss-1024-encrypted-format-2.ppk
1,3.ppk
1,swing-tech-ec2-private-key.ppk
1,sebastian-key.ppk
1,trulang-pdftex.ppk
1,test-invalid-argon2-salt.ppk
1,git_key.ppk
1,trtables.ppk
1,trgraphics.ppk
1,conoha.ppk
1,rsa-2048-format-2.ppk
1,mykey1.ppk
1,FIFA-key-pair.ppk
1,GitForWindowsPrivateSSH.ppk
1,aws.ppk
1,trulang-luatex.ppk
1,default.ppk
1,tgoldie_v82.ppk
1,qagroup_lex3.ppk
1,letmein.ppk
1,swing-tech-ec2-public-key.ppk
1,trixi-key.ppk
1,Pricate key.ppk
1,test-encrypted-type-d-format-3.ppk
1,ecdsa-sha2-nistp384-format-3.ppk
1,javastudy_bg.ppk
1,nice-amministrazione-test.ppk
1,password.ppk
1,test_ed25519_puttygen_protected.ppk
1,llave_privada2048.ppk
1,trhyplinks.ppk
1,test-encrypted-format-3.ppk
1,metroui.ppk
1,forms.dummy.ppk
1,9.ppk
1,menu.ppk
1,qagroup_lex4.ppk
1,curator.ppk
1,putty-root-private-key.ppk
1,rsa-2048-format-3.ppk
1,dss-1024-encrypted-format-3.ppk
1,test-invalid-argon2-passes.ppk
1,views.ppk
1,client.ppk
1,questionPolling.ppk
1,shaojingliu.ppk
1,id_rsa-wdd@vm.ppk
