1280,PS_ASIC.pst
632,PS_ASIC_aclLowPri.pst
630,PS_ASIC_aclHighPri.pst
30,ar3kbdaddr.pst
26,sample.pst
19,sample1.pst
19,Outlook.pst
17,TestData.pst
15,source.pst
14,PersonalStorage.pst
14,adeno-genome.lf.pst
12,Outlook_part0.pst
12,Outlook_part1.pst
12,PersonalStorage3.pst
12,Outlook_part2.pst
12,pest.pst
11,SampleContacts.pst
10,test.pst
9,search.pst
9,destination.pst
8,PersonalStorage2.pst
8,PersonalStorage1.pst
8,AddFile1.pst
7,Sub.pst
5,passwordprotectedPST.pst
5,testPST.pst
5,10par_xsec.pst
5,nromanoff@stark-research-labs.com.pst
4,dist-list.pst
4,adeno-index-fm.out.lf.pst
4,Outlook_1.pst
4,JournalPST.pst
4,MapiContactToPST1.pst
4,x-fmt-248-signature-id-260.pst
4,PersonalStorageFile.pst
4,PersonalStorage_New.pst
4,PersonalStorageFile1.pst
4,p7.pst
4,TaskPST.pst
4,MapiNoteToPST.pst
4,PersonalStorageFile2.pst
4,SampleContacts1.pst
4,x-fmt-249-signature-id-261.pst
4,10par_xsec_opt.pst
4,freyberg.pst
3,_MAIN_2.pst
3,1.pst
3,_MAIN_3.pst
3,passworded.pst
3,MapiNoteToPST_out.pst
3,2.pst
3,freyberg_ord.pst
2,Personal folders_part1.pst
2,control.pst
2,chenoliver.pst
2,Test_part0.pst
2,Personal folders_part0.pst
2,Test_part1.pst
2,hydroPSO2pest.pst
2,file.pst
2,batlab.pst
2,henry.pst
2,_MAIN_1.pst
2,Test.pst
1,StoreCI-Polling-Tests.pst
1,Threequals-Regex.pst
1,test_missing_e.pst
1,pest_comments.pst
1,zoned_nz_64.pst
1,dane9_trans_rjh4_svd1best.pst
1,PF10.pst
1,tan.pst
1,argVerifyNums.pst
1,string_starts_with.pst
1,VmPublicUtil.pst
1,VmDebugData.pst
1,allocNativeData.pst
1,string_ends_with.pst
1,assert.pst
1,debug_symbols.pst
1,makeByteList.pst
1,3_arg.pst
1,cookieGet.pst
1,waxServiceSendResponse.pst
1,DiskHelper.pst
1,list_filter.pst
1,ExtraCatalogs.pst
1,test_fail_1.pst
1,badriver_pareto2.pst
1,lpr_trans3.pst
1,gtr~-0_init.pst
1,mo_reglineopt.pst
1,FitLibrary.pst
1,_MAIN_4972.pst
1,stack_swap_pop.pst
1,waxSend.pst
1,resourceGetBytes.pst
1,SystemMethod.pst
1,function_get_name.pst
1,push_func_ref.pst
1,ipcNamedPipeSend.pst
1,string_trim.pst
1,equals.pst
1,boolean_not.pst
1,token_data.pst
1,MAIN_xrn0k1f228z8ytyv.pst
1,freyberg_transient.pst
1,Columbia8.pst
1,mcpest_pp3a.pst
1,test-fafafp.pst
1,DebuggerProtocolPrompt.pst
1,imageCreate.pst
1,list_slice.pst
1,timedCallback.pst
1,Fire_3_FireAggregate.pst
1,Threequals.pst
1,real_4.pst
1,pcf.pst
1,3yr_5super_rjh11_meanBEST.pst
1,zoned_nz_16.pst
1,case1a.pst
1,items.pst
1,gl_trijour.pst
1,sa_salcust.pst
1,string_upper.pst
1,binary_op.pst
1,SliceHelper.pst
1,Ipc.pst
1,ipcNamedPipeFlush.pst
1,StoreCI-Testing-Tests.pst
1,ParcelDeployment.pst
1,Triggered Harp Gliss.pst
1,ExtraCatalogsTests.pst
1,Demo_AquiferPollution.pst
1,jumpingAnt.pst
1,test_1.pst
1,new.pst
1,badriver_3.pst
1,moddane7-5_uzf_rjh8c.pst
1,AvnerG909.pst
1,ap_37close.pst
1,_MAIN_4615.pst
1,add_literal.pst
1,dict_values.pst
1,jump_if_true.pst
1,assign_index.pst
1,jump_if_false.pst
1,reflectGetClass.pst
1,dateTimeGetUtcOffsetAt.pst
1,call_function.pst
1,trial.pst
1,ExternalEnumeration.pst
1,Conway.pst
1,lpr_ss4_noreg_sv80.pst
1,tvp-global-preset_1.pst
1,rm_transaction.pst
1,Fit-SpecFixtures.pst
1,_MAIN_4637.pst
1,string_ltrim.pst
1,negative_sign.pst
1,pop.pst
1,CryptoHelper.pst
1,floor.pst
1,nativeTunnelRecv.pst
1,DateTimeHelper.pst
1,imageBlit.pst
1,this.pst
1,MAIN_axpylv60y2nx1n7y.pst
1,MAIN_x69ulq68jt8h83ws.pst
1,Fire_2_CAoptimized.pst
1,base_pest.pst
1,test_2.pst
1,gd7_rjh1best.pst
1,test-gaga.pst
1,0-foo.pst
1,sb_budget.pst
1,ar_cusbal.pst
1,gl_35history.pst
1,gl_yyyy_pp.pst
1,White Noise.pst
1,FixtureGallery-DomainCode.pst
1,FitLibrary-SpecFixtures.pst
1,5_arg.pst
1,list_add.pst
1,arcSin.pst
1,dict_clear.pst
1,string_lower.pst
1,control-new.pst
1,MAIN_3tiv6535be2i4i3b.pst
1,pest_svd_rjh2_bigrange.pst
1,pest_svd_rjh6_mean.pst
1,Ambient_rjh2.pst
1,grandel~-cloud_+12.pst
1,test-fap.pst
1,MAIN_oqsh89oaqrrwoxl7.pst
1,deref_instance_field.pst
1,continue.pst
1,arcTan.pst
1,setNativeData.pst
1,jsInteropInvoke.pst
1,list_reduce.pst
1,control-tpl.pst
1,freyberg_gr.pst
1,15.pst
1,tvp-global-0_init.pst
1,hemlika-preset_name.pst
1,test-dfsijgf.pst
1,Fit.pst
1,sortList.pst
1,vmId.pst
1,list_insert.pst
1,local.pst
1,def_dictionary.pst
1,ipcNamedPipeServerClose.pst
1,command_line_args.pst
1,ProcessHelper.pst
1,diskDirectoryDelete.pst
1,lambda.pst
1,Threequals-Tests.pst
1,real_7.pst
1,pest_regul.pst
1,sample2.pst
1,mo_regline.pst
1,ic_transaction.pst
1,calibration.pst
1,InvokeStaticConstructor.pst
1,Token.pst
1,imageLoadChunk.pst
1,function_definition.pst
1,arg_type_verify.pst
1,FunctionInfo.pst
1,string_index_of.pst
1,cryptoDigest.pst
1,_MAIN_8.pst
1,control-addreg.pst
1,WolfSheepPredation_ActivDiag.pst
1,forecast.pst
1,5.pst
1,tvp-global-preset-9.pst
1,tvp-global-preset-3.pst
1,po_archive_sub_line.pst
1,wp_reqregister.pst
1,environmentDescriptor.pst
1,VmMetadata.pst
1,imageEncode.pst
1,diskFileInfo.pst
1,parseInt.pst
1,jump_if_true_no_pop.pst
1,list_choice.pst
1,def_original_code.pst
1,Code.pst
1,reflectGetMethods.pst
1,main.pst
1,pest1.pst
1,test_1_whitespace.pst
1,dewater_pest.pst
1,pest_svd_rjh7_mean.pst
1,svda_opt4_10best.pst
1,grandel~-sinccloud_12.pst
1,MAIN_wfs5np2wfasimdt5.pst
1,Reflection.pst
1,processRun.pst
1,dateTimeInitTimeZone.pst
1,assign_field.pst
1,function_invoke.pst
1,diskGetCurrentDirectory.pst
1,Value.pst
1,Interpreter.pst
1,NamedCallbackStore.pst
1,HttpRequest.pst
1,StoreCI-Testing.pst
1,StoreCI-StoreSupport.pst
1,MAIN_lekuodu7yk9wjsdc.pst
1,DemoWayTo.pst
1,Diffuse.pst
1,DoubleAgents-SUnitToo.pst
1,br_kc_old.pst
1,PF14.pst
1,br_kc2.pst
1,brstep4svd1best.pst
1,fox1_reg.pst
1,Fit-Examples-Tests.pst
1,ObjectInstance.pst
1,imageGetChunkSync.pst
1,execResume.pst
1,ValueStackCapacityCheck.pst
1,NamedCallbacks.pst
1,jsInteropRegisterCallback.pst
1,pop_if_null_or_jump.pst
1,VmGlobals.pst
1,add_name.pst
1,arcCos.pst
1,diskDirectoryMove.pst
1,Interrupt.pst
1,SUnitToo(ls)-AutoTest-Notifier.pst
1,MAIN_jadnje4fm8pfcdtl.pst
1,MAIN_mjn7sfx1cy6k6jkm.pst
1,freyberg_pp.pst
1,tvp-global-preset-8.pst
1,tvp-global-Preset_2.pst
1,grandel~-fat_chorus.pst
1,foop-preset_name.pst
1,test_ansi.pst
1,tk_modinfo.pst
1,po_reg_sub_line.pst
1,oe_regline.pst
1,po_archive_line.pst
1,Outlook_sijil_pendaftaran-140.pst
1,Fit-SpecFixtures-Tests.pst
1,print.pst
1,string_contains.pst
1,loc_table.pst
1,ListImplListBased.pst
1,ipcUnixSocketClientCreate.pst
1,literal_stream.pst
1,Structs.pst
1,protocol-read.pst
1,WolfSheepPredation.pst
1,real_6.pst
1,opt9.pst
1,dist-0_init.pst
1,bs_register.pst
1,sb_balance.pst
1,po_reg_line.pst
1,FixtureGallery-Fixtures.pst
1,FitLibrary-Tutorial.pst
1,EDF.pst
1,cast.pst
1,ClassValue.pst
1,resourceGetText.pst
1,randomInt.pst
1,Constants.pst
1,imageSessionStart.pst
1,jump_if_false_no_pop.pst
1,ipcNamedPipeCreate.pst
1,sup13.pst
1,pest_ord.pst
1,badriver_old.pst
1,nacp9_ss_reg.pst
1,test-asdaf.pst
1,Avner909.pst
1,bigelkwq.pst
1,Fit-Book-DomainCode.pst
1,break.pst
1,ord.pst
1,ipcUnixSocketServerDisconnect.pst
1,class_get_name.pst
1,function_arg_count_max.pst
1,imageB64BytesPreferred.pst
1,ipcNamedPipeServerCreate.pst
1,string_reverse.pst
1,max.pst
1,StoreCI-Support.pst
1,Fire_4_FireEntity.pst
1,Demo_Aggregates.pst
1,pest_svd_rjh6_median.pst
1,finale21u_svd2.pst
1,1st_3yr5.pst
1,tvp-global-test.pst
1,_MAIN_4956.pst
1,fixedPriority.pst
1,reflectNamespaceFunctions.pst
1,sin.pst
1,processList.pst
1,argVerifyIntRange.pst
1,is_comparison.pst
1,6_arg.pst
1,httpSend.pst
1,processKill.pst
1,StoreCI-Polling.pst
1,_MAIN_9.pst
1,Demo_ArcsNodes.pst
1,real_5.pst
1,AppleP.pst
1,25.pst
1,NACP_sensitivity.pst
1,tvp-global-preset-5.pst
1,submessage.pst
1,export.pst
1,Fit-Examples.pst
1,MAIN_cmx4rjl05th3wb7e.pst
1,chr.pst
1,cookieSet.pst
1,MetadataInitializer.pst
1,diskFileDelete.pst
1,bytesObjToList.pst
1,log.pst
1,getExceptionTrace.pst
1,ResourceInfo.pst
1,StoreCI-Building-Tests.pst
1,MAIN_t2uciadaxk9a1var.pst
1,freyberg_reg.pst
1,pest_tied_tester.pst
1,pest_regultest.pst
1,calibrationN.pst
1,100_superobs.pst
1,columbia_fixed_pps.pst
1,ic_history.pst
1,pw_jh.pst
1,w01pest.pst
1,_MAIN_4968.pst
1,deref_closure.pst
1,return.pst
1,def_list.pst
1,imageScale.pst
1,duplicate_stack_top.pst
1,ListImplArrayBased.pst
1,literal.pst
1,10_arg.pst
1,string_replace.pst
1,sup10.pst
1,_MAIN_6.pst
1,real_3.pst
1,inctest.pst
1,real_8.pst
1,5best.pst
1,calib1r.pst
1,mmr43.pst
1,hat15_rjh2_svd1BEST.pst
1,tvp-global-preset-7.pst
1,test_unicode.pst
1,tv_bill.pst
1,list_join.pst
1,switch_string.pst
1,convertFloatArgsToInts.pst
1,abs.pst
1,diskGetUserDirectory.pst
1,imageSessionFinish.pst
1,imageSetPixel.pst
1,SUnitToo(ls)-AutoTest.pst
1,comments.pst
1,LPR_SS11_FINAL_BEST_JACOBIAN.pst
1,menom8neopit.pst
1,EDFDomino.pst
1,1_arg.pst
1,dict_clone.pst
1,ResourceDB.pst
1,xmlParse.pst
1,browserInteropGetUrlPath.pst
1,typeis.pst
1,VmContext.pst
1,user_code_start.pst
1,cos.pst
1,ExternalEnumeration-Tests.pst
1,comments_pesthp.pst
1,brstep4.pst
1,INSET2.pst
1,grandel~-sinccloud.pst
1,Outlook_perlembagaan_persatuan-140.pst
1,InterpreterResult.pst
1,ipcUnixSocketServerCreate.pst
1,switch_int.pst
1,finalize_initialization.pst
1,jump_if_exception_of_type.pst
1,execId.pst
1,dict_remove.pst
1,ensureRange.pst
1,x.pst
1,SIS.pst
1,real_0.pst
1,real_9.pst
1,pestpp_old.pst
1,10.pst
1,allequash_sv45PHIMLIM_NOBS.pst
1,cal_prms_mf_final6b_reg.pst
1,ic_balance.pst
1,test-eq-settings.pst
1,no_mails.pst
1,_MAIN_4944.pst
1,imageAtlasManifest.pst
1,string_rtrim.pst
1,browserInteropSetUrlPath.pst
1,field_type_info.pst
1,LibRegObj.pst
1,textToBytes.pst
1,valueToFloatOrNull.pst
1,throw.pst
1,diskDirectoryList.pst
1,execSuspend.pst
1,DoubleAgents-Tests.pst
1,tiedtest_0.pst
1,dane9_trans_rjh2_svd1BEST.pst
1,test-asda.pst
1,wp_reqline.pst
1,TextEncodingHelper.pst
1,TypesUtil.pst
1,VmEnvironment.pst
1,2_arg.pst
1,core_function.pst
1,jsonParse.pst
1,list_contains.pst
1,_MAIN_4.pst
1,ExtraCatalogTools.pst
1,BR_KC.pst
1,supply2_pest.fosm.pst.temp.pst
1,calib5.pst
1,test-goo.pst
1,ic_layer.pst
1,model.pst
1,FitLibrary-UserGuideFixtures.pst
1,_MAIN_4439.pst
1,PrimitiveMethods.pst
1,srandomPopulateQueue.pst
1,ImageHelper.pst
1,SymbolData.pst
1,base64FromBytes.pst
1,Debugger.pst
1,BubbleException.pst
1,diskFileMove.pst
1,tvp-global-preset-4.pst
1,ar_closed.pst
1,pw_jl.pst
1,montecarlo.pst
1,Runner.pst
1,waxServiceGetPayload.pst
1,DictImpl.pst
1,finally_end.pst
1,DebugStepTracker.pst
1,BinaryOpsUtil.pst
1,ExecutionContext.pst
1,jsonSerialize.pst
1,CoreFuncsHelper.pst
1,assign_static_field.pst
1,dateTimeIsDstOccurringAt.pst
1,jump.pst
1,list_pop.pst
1,_MAIN_5.pst
1,dewater_pest.piobj.pst
1,temp_supply2_pest.fosm.pst
1,med6c_rjh1BEST1.pst
1,test-test.pst
1,ar_open.pst
1,gl_userjour.pst
1,s02pest.pst
1,ByteCodeLoader.pst
1,dateTimeParseDate.pst
1,diskInitializeDisk.pst
1,9_arg.pst
1,environmentGetVariable.pst
1,class_is_a.pst
1,ResourceManager.pst
1,dict_keys.pst
1,MAIN_3nxaqp50a5r0bql8.pst
1,SuffixConditionals-Tests.pst
1,AxesPosProce.pst
1,Col_GFL.pst
1,cal_gsflow.pst
1,gsflow_penult.pst
1,everyother_yr_rjh11_meanbest.pst
1,test-asd.pst
1,ar_open_dist.pst
1,ad_regunit.pst
1,ap_close.pst
1,mo_regheader.pst
1,Example.pst
1,user1@test.lab.pst
1,diskFileWrite.pst
1,deref_static_field.pst
1,8_arg.pst
1,string_split.pst
1,resourceGetManifest.pst
1,parseFloat.pst
1,ClassInfo.pst
1,ValueUtil.pst
1,projectId.pst
1,MagicNumbers.pst
1,typeof.pst
1,stack_insertion_for_increment.pst
1,StoreCI-Support-Tests.pst
1,control-bpa.pst
1,Shootout.pst
1,ElderPEST.pst
1,opt9_svda9best.pst
1,nacp9_ss_reg_sv250.pst
1,oe_regheader.pst
1,mail_one.pst
1,Fit-Tests.pst
1,Fit-Book-Fixtures.pst
1,list_shuffle.pst
1,class_definition.pst
1,environmentIsMobile.pst
1,list_clone.pst
1,nativeTunnelSend.pst
1,SortHelper.pst
1,list_sort.pst
1,ClosureValuePointer.pst
1,sleep.pst
1,StackFrame.pst
1,list_remove.pst
1,Fire_5_FireEntityAging.pst
1,real_1.pst
1,br_opt_no_zero_weighted.pst
1,gl_userhead.pst
1,wp_regline.pst
1,Fit-Book-RPS.pst
1,min.pst
1,index.pst
1,currentTime.pst
1,dict_merge.pst
1,list_concat.pst
1,JsonHelper.pst
1,processCurrentId.pst
1,deref_dot.pst
1,BreakpointInfo.pst
1,verify_type_is_iterable.pst
1,ipcUnixSocketClientSend.pst
1,esf_lookup.pst
1,StoreCI-Building.pst
1,real_2.pst
1,supply2_pest.fosm.pst
1,lpr_trans3_sv100.pst
1,test-afagaga.pst
1,osc-test.pst
1,hemlika-test.pst
1,bass_delay.pst
1,ic_35balance.pst
1,linear.pst
1,linear-fixB-err.pst
1,FitLibrary-Tests.pst
1,dict_contains.pst
1,launchBrowser.pst
1,diskDirectoryCreate.pst
1,7_arg.pst
1,list_map.pst
1,imageFromBytes.pst
1,XmlHelper.pst
1,assign_this_field.pst
1,Base64Helper.pst
1,sign.pst
1,4_arg.pst
1,dateTimeInitTimeZoneList.pst
1,PlatformRelayObject.pst
1,bytesToText.pst
1,_MAIN_7.pst
1,Fire_1_CA.pst
1,test-pdfen-outlookdir.pst
1,zl_bailey-s_000.pst
1,DoubleAgents.pst
1,freyberg_ord_infstat.pst
1,sm.pst
1,scale_offest_test.pst
1,200_superobs.pst
1,20.pst
1,tvp-global-preset-6.pst
1,hemlika-fap.pst
1,os_jline.pst
1,ar_saltaxled.pst
1,sb_subaccount.pst
1,s01pest.pst
1,Fit-Book-RPS-Tests.pst
1,Fit-Book-RPS-Fixtures.pst
1,tseriesCABAlat.pst
1,FunctionPointer.pst
1,dateTimeUnixToStructured.pst
1,reflectAllClasses.pst
1,iteration_step.pst
1,jsInteropCallbackReturn.pst
1,dict_get.pst
1,assign_local.pst
1,list_reverse.pst
1,SUnitToo(ls)-AutoTest-UI.pst
1,_MAIN_6323.pst
1,MAIN_luep8tqok3g5fvjn.pst
1,Demo_Aquifer.pst
1,SuffixConditionals.pst
1,pest_tied_tester_1.pst
1,chip_pp_reg4bal.pst
1,grandel~-mandolin1.pst
1,hemlika-foo.pst
1,test-foo.pst
1,ap_open.pst
1,ap_open_dist.pst
1,os_regheader.pst
1,CDBL.pst
1,w02pest.pst
1,FitLibrary-Internals.pst
1,randomFloat.pst
1,assign_closure.pst
1,list_clear.pst
1,exception_handled_toggle.pst
1,diskFileRead.pst
1,imageGetPixel.pst
1,function_arg_count_min.pst
