3870,dkim.test.pub
3049,id_rsa.pub
2553,ec.pub
2522,1024.pub
2513,rsa.2028.pub
2513,pass.1024.pub
2513,rsa.1024.pub
1422,dsa.1024.pub
1422,pass.rsa.2028.pub
1422,dsa.2048.pub
1422,pass.rsa.1024.pub
1422,pass2.dsa.1024.pub
1421,pass.dsa.1024.pub
1403,ssh_host_dsa_key.pub
1181,ssh_host_rsa_key.pub
1150,key.pub
1073,rsa.pass.pub
971,sample_key.pub
553,id_dsa.pub
508,server.pub
333,ssh_host_ed25519_key.pub
321,ssh_host_ecdsa_key256.pub
293,id_ecdsa256.pub
292,vagrant.pub
284,ssh_host_ecdsa_key384.pub
284,ssh_host_ecdsa_key521.pub
264,id_ed25519.pub
263,test_rsa.pub
256,id_ecdsa384.pub
256,id_ecdsa521.pub
233,tg-server.pub
222,ssh_host_ecdsa_key.pub
209,root_id_rsa.pub
207,ssh_host_ed448_key.pub
183,id_ed448.pub
181,rsa.pub
176,saml_key_alt.pub
176,saml_key.pub
166,id_ecdsa.pub
158,dummy.pub
157,format_gen.pub
144,application.pub
144,camel-key.pub
142,public.pub
141,ezbakesecurityservice.pub
129,dummy_rsa.pub
125,public2.pub
90,insecure_key.pub
79,test.pub
78,id.pub
75,client.pub
75,mykey.pub
75,jenkins_master.pub
71,helm-test-key.pub
64,xna.pub
64,insecure_id_rsa.pub
63,syntax_tools.pub
62,xmerl.pub
61,host_key.pub
59,PAUSE2003.pub
53,ssh_host_key.pub
52,testkey.pub
51,identity.pub
48,user_rsa_key.pub
46,client.key.pub
45,rsa_openssh.pub
45,database.pub
45,dsa_ssh2.pub
44,ecdh.pub
42,config.pub
42,server1.pub
42,id_test.pub
41,mock_dsa_key.pub
41,mock_rsa_key.pub
41,keys.pub
40,root_key.pub
40,targets_key.pub
40,timestamp_key.pub
40,snapshot_key.pub
39,govuk_prototype_kit.pub
39,user.pub
39,deploy_key.pub
38,deploy_key.pem.pub
35,devdocs-deploy.key.pub
35,host.pub
34,test_journalist_key.pub
34,app.rsa.pub
34,prestashop.pub
33,alice.pub
33,DSA-15360-512.pub
33,DSA-2048-224.pub
33,DSA-3072-256.pub
33,DSA-7680-384.pub
33,kokoro_performance.pub
33,DSA-1024-160.pub
31,master.pub
31,admin.pub
30,go_update_server.pub
30,id_hdfsuser.pub
29,test_id_rsa.pub
29,fake_key.pub
29,testing_rsa.pub
28,fake_key2.pub
28,deploy.pub
27,master_minion.pub
27,minion1.pub
27,minion2.pub
26,x509.pub
26,travisci_rsa.pub
26,github.pub
25,tor-signing-key.pub
25,y.pub
24,PAUSE2007.pub
24,insecure.key.pub
24,PAUSE2005.pub
23,managewp.pub
23,managewp_t.pub
23,partner1.pub
23,managewp_d.pub
23,PAUSE2009.pub
23,id_rsa.bad.pub
23,blort.pub
22,sn.key.pub
22,opensciencegrid.org.pub
22,zorch.pub
22,netdump_id_dsa.pub
22,demo_id_rsa.pub
22,partner3.pub
22,partner2.pub
22,quick.pub
21,msfinal.pub
21,partner14.pub
21,partner10.pub
21,partner6.pub
21,alice-mallory-badsig18.pub
21,partner12.pub
21,partner9.pub
21,alice-mallory-nosig18.pub
21,worker_key.pub
21,partner17.pub
21,partner13.pub
21,partner8.pub
21,partner5.pub
21,partner11.pub
21,partner7.pub
21,id_rsa_test.pub
21,partner15.pub
21,partner16.pub
21,partner4.pub
21,bob.pub
21,alice-mallory-irrelevantsig.pub
20,minion.pub
19,ssh_key.pub
19,github_rsa.pub
19,id_sftp_rsa.pub
19,ManageWP_mt.pub
18,rancher.key.pub
18,ofe.pub
18,clojars-team.pub
18,testnode1.pub
18,testnode2.pub
17,aptly.pub
17,aptly_passphrase.pub
17,admin_key.pub
17,bsl+bslhdrs.pub
17,microsoft-publisher-2003.pub
16,iam.jwt-key.pub
16,security.pub
16,u1.pub
16,egi.eu.pub
16,u2.pub
16,signing-key.pub
16,ecdsa.pub
16,cosign.pub
16,u3.pub
16,cern.ch.pub
16,fpf-signing-key.pub
16,id_rsa.sftp.pub
16,u4.pub
16,cd-demo.pub
15,bsl+stdhdrs.pub
15,cern-it1.cern.ch.pub
15,nodegit-test-rsa.pub
15,u6.pub
15,u5.pub
15,travis.pub
15,test_admin_key.pub
15,NetSparkle_DSA.pub
14,ecma.pub
14,Sample.pub
14,pss_tv.pub
14,test-key.pub
14,gridpp.ac.uk.pub
14,key_rsa.pub
14,privatekey.pub
14,jenkins.pub
14,cron.d.pub
13,Sample4_2010.pub
13,SampleBrochure.pub
13,Sample3_2010.pub
13,Sample2_2010.pub
13,51318.pub
13,Sample3.pub
13,minisign.pub
13,Sample_2010.pub
13,Simple.pub
13,Sample4.pub
13,host-key.pub
13,Sample2000.pub
13,LinkAt10.pub
13,private-key.pub
13,tg.pub
13,Sample98.pub
13,LinkAt10And20And30And40.pub
13,LinkAt10And20And30.pub
13,LinkAt0And10.pub
13,LinkAt10Longer.pub
13,LinkAt20.pub
13,SampleNewsletter.pub
13,cert.pub
13,sbuild-key.pub
13,jwtRS256.key.pub
13,extrakeys.pub
13,Sample2.pub
12,localhost.key.pub
12,client_public_key_1024.pub
12,hydra.gnu.org.pub
12,server_public_key_1024.pub
12,volk-signing-001.pub
12,freeworlddialup.pub
12,test-auth0_rsa.pub
12,iaxtel.pub
12,user_ca.pub
11,my-server.pub
11,pivotal.pub
11,demo.rsa.pub
11,authorized_keys.pub
11,encrypted_rsa.pub
11,cern-it3.cern.ch.pub
11,badkey.pub
11,server_key.pub
11,notakey.pub
11,mono.pub
11,key1.pub
11,cern-it2.cern.ch.pub
11,seaclouds_id_rsa.pub
11,cdf.pub
11,ssh-key.pub
10,ryan.pub
10,enc_rsa.pub
10,simple.pub
10,ssh.pub
10,papers.pub
10,public_key.pub
10,bob_id_rsa.pub
10,alice_id_rsa.pub
10,sds-signed-key.pub
10,test_dsa_key.pub
10,adbkey.pub
10,valid_public_key.pub
10,omerovmkey.pub
10,john_id_rsa.pub
10,id_rsa_encrypted.pub
10,demo_client_public_key256.pub
10,test_rsa_key.pub
9,EDB-22310-1.pub
9,fdo59355-1.pub
9,nick.pub
9,dsa.pub
9,insecure_shared_adbkey.pub
9,id_rsa.mpi.pub
9,kirby.pub
9,jeff.pub
9,key2.pub
9,joesixpack.pub
9,key_dsa.pub
9,job_amazon_basic.pub
9,kernel.pub
9,testkey_ec.pub
9,testkey_rsa.pub
9,EDB-29664-1.pub
9,EDB-22655-1.pub
9,rob.pub
8,steve.pub
8,deepak.pub
8,test_ssh_key-9.pub
8,carl.pub
8,server_ca-cert.pub
8,test_ssh_key-8.pub
8,josh.pub
8,alex.pub
8,signing_key.pub
8,hunter.pub
8,minion3.pub
8,eric.williamson.pub
8,node.gravitational.io.pub
8,marvinparanoid.pub
8,node.gravitational.io-cert.pub
8,key_dsa_wrong.pub
8,test_ssh_key-2.pub
8,karel.brezina.pub
8,id_staging.pub
8,test_key_2.pub
8,test_key_1.pub
8,unsecure_key.pub
8,justin.pub
8,nigel.pub
8,patrick.pub
8,insecure_private_key.pub
8,serial.pub
8,cody.pub
8,jpartlow.pub
8,libressl.pub
8,jwt.pub
8,test_rsa.key.pub
8,test_ssh_key-3.pub
8,test_ssh_key-6.pub
8,test_ssh_key-1.pub
8,test_ssh_key-0.pub
8,ethan.brown.pub
8,client02.pub
8,extract.pub
8,server_ca.pub
8,nwolfe.pub
8,alex-cert.pub
8,pubkey.pub
8,fhrbek.pub
8,id_rsa_docker.pub
8,key-rsa.pub
8,nickwalker.pub
8,jenkins.new.pub
8,id_ecdsa_pkcs.pub
8,1.pub
8,test_ssh_key-4.pub
8,kat.pub
8,test_ssh_key-7.pub
8,id_staging_github.pub
8,pieter.pub
8,test_ssh_key-5.pub
7,sk-rsa.pub
7,bradejr.pub
7,ken.pub
7,rgard.pub
7,rsa-test.pub
7,anode.pub
7,node01.pub
7,185CA770.pub
7,key_ed25519_encrypted.pub
7,ryan.senior.pub
7,michal.ruzicka.pub
7,sample_rsa.pem.pub
7,ck-rsa.pub
7,branan.pub
7,key_dsa1.pem.pub
7,key_rsa1.pem.pub
7,key_ed25519.pub
7,id_dsa_test.pub
7,mckern.pub
7,sample_dsa.pem.pub
7,moses.pub
7,test_rsa_password_protected.pub
7,node02.pub
7,key_ecdsa1b.pem.pub
7,jack.pub
7,key_ecdsa1a.pem.pub
7,brandonhigh.pub
7,umake_docker.pub
7,charles.pub
7,jvm2.pub
7,zach.pub
7,brett.pub
7,chris.pub
7,khussey.pub
7,carthik.pub
7,id_rsa_plain.pub
7,luke.pub
7,stahnma.pub
7,melissa.pub
7,test_rsa16384_key.pub
7,travis-ssh.pub
7,sample_rsa_passphrase.pem.pub
7,test_dsa4096_key.pub
7,yes.pub
7,cindyjs.org.pub
7,key_rsa_encrypted.pub
7,testkey2.pub
7,nick.fagerlund.pub
7,sschneider.pub
7,key_ed25519.pem.pub
7,sgerrand.rsa.pub
7,key_rsa_openssh.pub
7,id_dsa_encrypted.pub
7,ruth.pub
7,travis_rsa.pub
7,rundeck.pub
7,michelle.fredette.pub
7,gary.pub
7,test_dsa2048_key.pub
7,id_dsa_plain.pub
7,test_rsa8192_key.pub
7,wally.pub
7,eric.sorenson.pub
7,jeff.weiss.pub
7,gerrard.pub
7,adrien.pub
7,key_ecdsa1c.pem.pub
7,john_duarte.pub
7,test_dsa8192_key.pub
7,thallgren.pub
7,dominic.pub
7,matthaus.pub
7,test_rsa4096_key.pub
7,splunk-admin.pub
7,kylo.pub
7,rsa_key.pub
7,ocl-snap-ci.pub
6,ed25519_2.pub
6,jeremy.barlow.pub
6,justin.may.pub
6,eddsa.pem.pub
6,peer_key.pub
6,ssh_host_example_key.pub
6,ed25519.pub
6,SecurityUtilsTest-RSA-KeyPair.pub
6,sshkey.pub
6,rsa_2.pub
6,desy.de.pub
6,archive-key.pub
6,rexexpired.pub
6,ecdsa_2.pub
6,coinbase-callback.pub
6,generated-2013-02-15_19-15-003.pub
6,generated-2013-02-15_19-15-002.pub
6,ecdsa_1.pub
6,apprepo.sagrid.ac.za.pub
6,dummy.pem.pub
6,minion_master.pub
6,DRAFTMulticolourPlaque.pub
6,fabric8.pub
6,SecurityUtilsTest-EC-521-KeyPair.pub
6,SecurityUtilsTest-DSA-KeyPair.pub
6,urbackup_dsa.pub
6,fastrepo.sagrid.ac.za.pub
6,key_ecdsa.pub
6,libby.pub
6,rapture.pub
6,SecurityUtilsTest-EC-256-KeyPair.pub
6,heath.pub
6,gmime.gpg.pub
6,generated-2013-02-15_19-15-001.pub
6,ed25519_1.pub
6,hashicorp-training.pub
6,rlb.pub
6,jenkins_id_rsa.pub
6,charlie.pub
6,SecurityUtilsTest-EC-384-KeyPair.pub
6,dsa_1.pub
6,nvalentine.pub
6,gh_rsa.pub
6,id_rsa2.pub
6,roger.pub
6,SharpZipLib.pub
6,pgp.pub
6,copilot-agent-public-keys.pub
6,ecukey.pub
6,test_dsa.pub
6,placard.pub
6,enceddsa.pem.pub
6,peterhuene.pub
6,rsa_1.pub
6,test_ed25519.pub
6,example.pub
6,keyring.pub
6,dsa_2.pub
6,jonathan.newman.pub
5,.deploy_key.pub
5,deployment_rsa.pub
5,tsa_host_key.pub
5,sample-dsa.pub
5,rachel.pub
5,michael.smith.pub
5,training.pub
5,ssh_rsa.pub
5,signifykey.pub
5,test_ecdsa_256.key-cert.pub
5,test_rsa.key-cert.pub
5,reid.pub
5,erik.pub
5,notriddle.pub
5,ssh_host_ecdsa521_key.pub
5,Ms2ger.pub
5,gitlab_rsa.pub
5,id_rsa.pub.pub
5,server_id_rsa.pub
5,root.pub
5,nox.pub
5,KSK.pub
5,ssh_host_rsa1024_key.pub
5,camel-test.gpg.pub
5,machinery_rsa.pub
5,ajroetker.pub
5,jdm.pub
5,test_key.pub
5,drosser.pub
5,geoff.nichols.pub
5,id_nko2.pub
5,larsberg.pub
5,openssh.pub
5,ca_ecdsa.pub
5,larry.pub
5,preben.ingvaldsen.pub
5,id_rsa.travis.pub
5,mbutcher.pub
5,256.pub
5,rsa1.pub
5,id_rsa_2048.pub
5,lmacchi.pub
5,jay.pub
5,FakeItEasy.pub
5,kauth.pub
5,mpiuser.pub
5,deploy-key.pub
5,wyatt.pub
5,mwu.pub
5,rsa1_2.pub
5,brian.cain.pub
5,wayne.pub
5,manishearth.pub
5,ssh_host_ecdsa256_key.pub
5,master_sign.pub
5,refkit-development-signing@key.pub
5,install_rsa.pub
5,andrew.roetker.pub
5,Makefile.pub
5,test_ed25519.key-cert.pub
5,test-master-keyring.pub
5,lee.rich.pub
5,pcwalton.pub
5,simonsapin.pub
5,nathanael.cole.pub
5,richard.clamp.pub
5,gw.pub
5,default.pub
5,test_dss.key-cert.pub
5,kevin.corcoran.pub
5,vaishali.pub
5,whopper.pub
5,daniel.dreier.pub
5,alessandro.pub
5,edunham.pub
5,jeremy.adams.pub
5,ajeffrey.pub
5,mfkey.pub
5,test-archive-keyring.pub
5,gabriella.pub
5,rsa1_1.pub
5,mullr.pub
5,ctia-jwt.pub
5,user_test_key.pub
5,travis-ci_rsa.pub
5,SALTSTACK-GPG-KEY.pub
5,dim_travis.rsa.pub
5,travisci.key.pub
5,britt.pub
5,stan.pub
5,rick.pub
5,test_rsa_non_pem_format.pub
5,scott.garman.pub
5,publickey.pub
5,mbrubeck.pub
5,ssh_host_ecdsa384_key.pub
4,rackhd_rsa.pub
4,384.pub
4,test_ssh_key-16.pub
4,scoping_uniref.pub
4,jer.pub
4,zentyal-qa.pub
4,scoping_if-switch-capture.pub
4,richard_root.pub
4,blocking_call_warn.pub
4,test_ecdsa256_key.pub
4,timestamp.pub
4,qa-key.pub
4,auth.pub
4,backend.pub
4,id_rsa.rrrspec.pub
4,targets.pub
4,labkey.pub
4,session_signing_key.pub
4,scoping_order_of_decl.pub
4,undef_vs_null.pub
4,cypress-test-ec-p256.pub
4,vagrant-default.pub
4,test_ssh_key-12.pub
4,testkey1.pub
4,__scoping_include_included.pub
4,github.com.pub
4,deploy_rsa.pub
4,bats_rsa.pub
4,perun_SAGrid.pub
4,id_rsa_4096.pub
4,publisher_rsa.pub
4,521.pub
4,test_ssh_key-10.pub
4,test_ssh_key-14.pub
4,test2.pub
4,pypi-signed.pub
4,code-rade.africa-grid.org.pub
4,tandberg-vcs.pub
4,f5-bigip-cve-2012-1493.pub
4,16384.pub
4,test_server_0000001.pub
4,vagrant.django-salted.org.pub
4,dummy_key.pub
4,test_ssh_key-19.pub
4,hostkey-ed25519.pem.pub
4,scoping_globals-locals.pub
4,PatternMatching.pub
4,loadbalancer.org-enterprise-va.pub
4,test_rsa_2048b_pass_foobar.pub
4,ec.client.pkcs8.pub
4,snap-ssh.pub
4,cygwin.pub
4,localhost.pub
4,mock-services.pub
4,test_ecdsa521_key.pub
4,test_ecdsa.pub
4,hostkey-ecdsa384.pem.pub
4,cern-it5.cern.ch.pub
4,osbash_key.pub
4,veselin.pub
4,syntax_error.pub
4,sub_id_rsa.pub
4,rsa.client.pkcs8.pub
4,test_ssh_key-17.pub
4,test_ecdsa384_key.pub
4,test_ssh_key-11.pub
4,quantum-dxi-v1000.pub
4,dsa.client.pkcs8.pub
4,david.pub
4,pollserver.pub
4,data.galaxyproject.org.pub
4,donald_root.pub
4,devrepo.sagrid.ac.za.pub
4,gitlab.pub
4,omf_test.pub
4,snapshot.pub
4,test_rsa2048_key2.pub
4,ca.pub
4,4096.pub
4,test_rsa1.pub
4,test1.pub
4,dict_equal.pub
4,passphrase_host_rsa_key.pub
4,leappto_testing_key.pub
4,test_ssh_key-13.pub
4,test_ssh_key-15.pub
4,debug.pub
4,emilio.pub
4,ceragon-fibeair-cve-2015-0936.pub
4,test_rsa_key_bug4155.pub
4,hadoop_rsa.pub
4,2048.pub
4,hostkey-rsa.pem.pub
4,.ssh.pub
4,scoping_specifiers.pub
4,cern-it4.cern.ch.pub
4,mallory.pub
4,hostkey-ecdsa256.pem.pub
4,demo.pub
4,aneeshusa.pub
4,nick_root.pub
4,scoping_for.pub
4,xmlrpc.pub
4,snap.pub
4,ibm.pub
4,passphrase_host_dsa_key.pub
4,id_rsa.github.pub
4,noah_root.pub
4,scoping_include.pub
4,UI Designer.pub
4,ssh_id_rsa.pub
4,OpenPatternMatching.pub
4,nscale_id.pub
4,fake_rsa.pub
4,hostkey-ecdsa521.pem.pub
4,git.pub
4,release.pub
4,array-networks-vapv-vxag.pub
4,circleci-security.pub
4,8192.pub
4,test_ssh_key-18.pub
4,OpenPatternMatching-OOPSLA.pub
4,openstack_rsa.pub
4,reactive.pub
4,avadacatavra.pub
4,apereocasgithub.pub
4,id_rsa_alpha.pub
4,git_pubkey_rsa.pub
4,id_deploy.pub
4,scoping_function.pub
4,test-key_rsa.pub
4,hostkey-dsa.pem.pub
4,linux_signing_key.pub
3,winfx.pub
3,apt_https.pub
3,key0.pub
3,bob-ins@zilla-site.com@desktop.pub
3,rsa-key.pub
3,directortimestamp.pub
3,viaken.pub
3,pentest-env.pub
3,MSBuilder.pub
3,test_openssh_pub_key1.pub
3,dsa_5.pub
3,ecdsa_1.param.pub
3,web.pub
3,demokey.pub
3,berlin.guix.gnu.org.pub
3,industr4.0.pub
3,clocker_id_rsa.pub
3,directorsnapshot.pub
3,timeserver.pub
3,testing.id_rsa.pub
3,insecure_rsa_id.pub
3,Page Liste Annonce.pub
3,jakub123@foo.net.pub
3,sen_key.pub
3,TestKey.pub
3,mimekit.gpg.pub
3,bob@zilla.com@desktop.pub
3,3des.pub
3,george-openssh.pub
3,wrong.pub
3,timb.pub
3,sshtest-20140202.pub
3,rsa1_6.pub
3,ed25519_1-cert.pub
3,ed25519_4.pub
3,id_rsa_not_encrypted.pub
3,testPUBLISHER.pub
3,joe-bob@god-zilla.com@desktop.pub
3,EET_CA1_Playground-CZ00000019.pub
3,bismark.pub
3,graphite.pub
3,ecdsa_3.pub
3,public-ssh-key.pub
3,apt.pub
3,shermdog.pub
3,key4.pub
3,secondary2.pub
3,secondary3.pub
3,Npgsql.pub
3,google_linux_signing_key.pub
3,shared_deploy_key.pub
3,insecure.pub
3,testkey_ec_ssh.pub
3,host_rsa_key.pub
3,signonly.pub
3,testdsckey.pub
3,example_key.pub
3,other_id_rsa.pub
3,ed25519_5.pub
3,openssh-rsa256.pub
3,mainrole1.pub
3,max.pub
3,git_rsa.pub
3,04051501m_n.pub
3,github_deploy_rsa.pub
3,gcr.pub
3,rsa.client.pkcs1.pub
3,kellerfuchs.pub
3,passphrase_host_openssh_rsa_key.pub
3,tmp_rsa.pub
3,fossology.id_rsa.pub
3,jwt_rsa.pub
3,key-build.pub
3,urbackup_ecdsa409k1.pub
3,maintargets.pub
3,pmos-5a03a13a.rsa.pub
3,rsakey.pem.pub
3,deviavir.pub
3,rsa_1-cert.pub
3,ecdsa_4.pub
3,id_rsa1.pub
3,dylan.ratcliffe.pub
3,id_rsa_github.pub
3,self_provisioning_key.pub
3,bob@zilla.com.pub
3,tom.pub
3,jim-openssh.pub
3,maintimestamp.pub
3,singlerider.pub
3,sample.pub
3,ecdsa_1-cert.pub
3,native_packager_deploy_key.pub
3,user.key.pub
3,PlacardLifelines.pub
3,ctia-jwt-2.pub
3,cogd.pub
3,Ed25519StandardSSH2.pub
3,silverlight.pub
3,winfx3.pub
3,insecure_rsa.pub
3,id_test2.pub
3,r7t_jenkins.pub
3,Page d'acceuil.pub
3,pbruna-ssh-key.pub
3,key5.pub
3,aws.pub
3,itsyouonline.pub
3,rec_key.pub
3,vaultier.pub
3,gareth.pub
3,rsa_6.pub
3,dsa_4.pub
3,ecdsa_5.pub
3,Model.pub
3,RecycleBin.snk.pub
3,bob@desktop.pub
3,daurnimator.pub
3,lrvick.pub
3,dsa_1-cert.pub
3,04062021m_t.pub
3,testid_with_password_rsa.pub
3,cacert.pub
3,bordeaux.guix.gnu.org.pub
3,id_rsa_production.pub
3,gpg.pub
3,cmi_id_rsa.pub
3,Placard (humberparts).pub
3,key_ras.pub
3,openssh-exts.pub
3,id_rsa_ansible.pub
3,test_openssh_pub_key2.pub
3,ecdsa_2.param.pub
3,test_polisher.pub
3,test_openssh_rsa_key.pub
3,04051723i_n.pub
3,solo.pem.pub
3,meshd.pub
3,bob.joe@test.zilla.com@desktop.pub
3,Placard.pub
3,ed25519_3.pub
3,ecdsa_6.pub
3,rsa_5.pub
3,rsa_3.pub
3,tylereich.colors.pub
3,signingkey.pub
3,testid_rsa.pub
3,other_rsa.pub
3,Page Profil.pub
3,Binding.pub
3,deploy_ssh_key.pub
3,local.pub
3,apt-test.pub
3,sd_admin_test.pub
3,Page Offre.pub
3,timeserver_wrong.pub
3,primary.pub
3,server2.pub
3,markk@linuxbox1.pub
3,ruby_user.pub
3,key7.pub
3,joe@sch.ool.edu.pub
3,secondary.pub
3,overcast.key.pub
3,Placard_SCD.pub
3,berlin.guixsd.org.pub
3,dsa_6.pub
3,aliases.pub
3,clave.pub
3,genref.pub
3,c5.pub
3,rsa_4.pub
3,test_openssh_ed25519_key.pub
3,auth.rsa.pub
3,ossec.pub
3,key-cert.pub
3,hello.pub
3,RSAKeyStore.pub
3,kevin.pub
3,john.pub
3,test_client_0000001.pub
3,jenkins_deploy_key.pub
3,zack.smith.pub
3,RSA2048OpenSSH.pub
3,id_ecdsa_384.pub
3,rca.pub
3,rsa1_5.pub
3,sgte.pub
3,PAUSE2011.pub
3,cjcollier.pub
3,apt-test-signing-key.pub
3,Page de connexion.pub
3,deploy_id_rsa.pub
3,ci.guix.gnu.org.pub
3,jakub123.pub
3,joe@sch.ool.edu@desktop.pub
3,RSA2048StandardSH2.pub
3,host_rsa.pub
3,salt.pub
3,id_ecdsa_521.pub
3,Page Contact.pub
3,key6.pub
3,ci.guix.info.pub
3,mainroot.pub
3,addhere.pub
3,fake_id_rsa.pub
3,10-key2.pub
3,apt-test-fpf.pub
3,clockd.pub
3,key3.pub
3,Ed25519OpenSSH.pub
3,mainsnapshot.pub
3,directorroot.pub
3,user1.pub
3,georgem@george-i7.pub
3,rsa1_3.pub
3,rsa1_4.pub
3,dsa_1.param.pub
3,dsa_3.pub
3,docker.pub
3,cat.pub
3,10-key1.pub
3,directorroot2.pub
3,director.pub
3,alissa.pub
3,ed25519_6.pub
3,Page Inscription.pub
3,file.pub
2,Test.pub
2,docker_ssh.pub
2,selenium-node-chrome.pub
2,aorth-thinkpad-ed25519.pub
2,openbsd-65-syspatch.pub
2,fred.pub
2,heroku login.pub
2,user1_id_rsa.pub
2,bob3.pub
2,server-cert.pub
2,256dhb.pub
2,francegrilles.in2p3.fr.pub
2,rsakey.pub
2,rfc4716_rsa3.pub
2,sigmawebplus-server.pub
2,tutorial.pub
2,k8s_rsa.pub
2,Moxa_ia240_rsa.pub
2,01.pub
2,0.pub
2,aleph.pub
2,bob2.pub
2,Community.pub
2,encrypted-RSA-KeyPair.pub
2,oserl.pub
2,dsakey.pub
2,vps.pub
2,openssh_new_rsa_enc.pub
2,com.packal.pub
2,metrics.pub
2,consumer-myapp.pub
2,foo.pub
2,gitolite.pub
2,Trendnet_tew816drm_dsa.pub
2,agent.pub
2,smartcosmos.pub
2,cylekey.pub
2,512dha.pub
2,user2.pub
2,id_rsa_ts.pub
2,travisci_ecdsa.pub
2,id_yubi.pub
2,testing_1268859016.pub
2,id_rsa_1024.pub
2,testkey3.pub
2,EET_CA1_Playground-ca.pub
2,Sagemcom_sx682_dsa.pub
2,010A.pub
2,fs.pub
2,eric.pub
2,fagrant.pub
2,ssh-ed25519-PublicKey.pub
2,docker_rsa.pub
2,phil@gfshare.pub
2,loadgen.pub
2,id_rsa_ssh2.pub
2,signer.pub
2,cloud.key.pub
2,Blizzard_BindingUI.pub
2,Blizzard_BattlefieldMinimap.pub
2,id_rsa_password.pub
2,rsa2.pub
2,encrypted.key.pub
2,rsa.key.pub
2,host.key.pub
2,authorized_keys.mediacenter.pub
2,03.pub
2,0A.pub
2,nimaai.pub
2,ca_host_key.pub
2,ecdsakey.pub
2,gf-staging-key.pub
2,openssh_new_ecdsa.pub
2,accumulo.pub
2,"
.pub"
2,test_admin.pem.pub
2,renu23.pub
2,hark.pub
2,pgp-EFF62C7F.pub
2,conpaas_insecure-id_rsa.pub
2,id_rsa.work.pub
2,ecdsa256.pub
2,advantech_eki_rsa.pub
2,monroe-dasdec-cve-2013-0137.pub
2,moovbox_host_dsa.pub
2,id_rsa_with_password.pub
2,0102.pub
2,tstrachota.pub
2,id_rsa.bitbucket.pub
2,second_simple_key.pub
2,MacIrssi.pub
2,virl_key.pub
2,weev_id_rsa.pub
2,jwt-test.pub
2,icons.pub
2,EET_CA1_Playground-CZ1212121218.pub
2,vyos-release.minisign.pub
2,TestKey_OpenSSH.pub
2,pu_pve_rsa.pub
2,Trendnet_tvip310pi_rsa.pub
2,.license_encryption_key.pub
2,key-rsa-4096.pub
2,UserInterfaceDesign.pub
2,bitbucket.pub
2,happyhumans-20160424223347.pub
2,keypair.pub
2,user_key-cert.pub
2,cs1548.pub
2,openssh_new_rsa_enc_gcm.pub
2,sergei.pub
2,id_ecdsa3.pub
2,openssh_rsa1_2048.pub
2,sillysally_dsa.pub
2,vagrant_test_key.pub
2,tmp.rsa.pub
2,ECTICARD2017V2.pub
2,fixture_wrong_dsakey.pub
2,MCD M1.pub
2,MLD M1.pub
2,dentexchange_keyfile.pub
2,carlosm-lacnic2.pub
2,crypt.pub
2,demo_key_rsa.pub
2,travis_key.pub
2,server_rsa.pub
2,mygit.pub
2,DCPROGSDeployKeyMaster.pub
2,Zyxel_p870h_rsa.pub
2,08.pub
2,04.pub
2,openbsd-63-fw.pub
2,hudson_rsa.pub
2,good_key2.pub
2,daniel.pub
2,jill.pub
2,djsauble.pub
2,id_rsa_buildsystem.pub
2,SshServerDevelopment-ssh-rsa.pub
2,cred-server.pub
2,ssh-ed25519.pub
2,openssh_old_rsa_enc.pub
2,repo-key.pub
2,caros-vagrant.pub
2,redis.default@e2e-20200811182943.pub
2,backup_key.pem.pub
2,passphrase.pub
2,ed25519-3.pub
2,beep.pub
2,pki_ssh_key_automation_2017.pub
2,supso2.pub
2,docker-key.pub
2,Pace_V5542_dsa.pub
2,Tplink_w8950n_rsa.pub
2,Westermo_MRD310_dsa.pub
2,EVW3226_rsa.pub
2,Trendnet_tew715apo_dsa.pub
2,pycones.pub
2,master.id_rsa.pub
2,openssh_old_ecdsa_enc.pub
2,michal.bryxi.pub
2,ibrowse.pub
2,sample_admin_public.pub
2,copilot-keys.pub
2,vagrant.id_rsa.pub
2,consul.pub
2,boop.pub
2,phoenixchat.local.key.pub
2,openbsd-64-pkg.pub
2,cluster_id_rsa.pub
2,unit_test_cert_key.pub
2,openssh_old_rsa_enc_aes256.pub
2,openssh_new_rsa.pub
2,peers.pub
2,tor_project_public.pub
2,testring.pub
2,main.pub
2,dpr_id_rsa.pub
2,openssh_dsa_2048.pub
2,tobi.pub
2,debugesp.pub
2,id_nko4.pub
2,ed25519-2.pub
2,taller2.pub
2,mail-debug.pub
2,ftpserver_rsa.pub
2,._dkim.test.pub
2,0101.pub
2,id_eat_dsa.pub
2,promcon_rsa.pub
2,digitalocean_rsa.pub
2,sftp_server.pub
2,id_rsa-cert.pub
2,singularity.galaxyproject.org.pub
2,land-patch.pub
2,id_rsa_pelican_newacct_wellknown.pub
2,network.rlp.pub
2,id_ecdsa_password.pub
2,exit.pub
2,TestKey_ssh2.pub
2,diploma.pub
2,Moxa_ia240_dsa.pub
2,Zyxel_pmg1006_rsa.pub
2,alice_public_key_1024.pub
2,openbsd-63-pkg.pub
2,bad_pub_key.pub
2,dgrove.pub
2,cta.in2p3.fr.pub
2,id_andrew.cooper.pub
2,ecdsa-sha2-nistp384-PublicKey.pub
2,ideus_rsa.pub
2,Blizzard_RaidUI.pub
2,Blizzard_TalentUI.pub
2,test_ecdsa_nistp256.pub
2,test-ssh-key.pub
2,test-key.pem.pub
2,Comtrend_AR5387UN_rsa.pub
2,Westermo_MRD310_rsa.pub
2,Actiontec_q2000_rsa.pub
2,02.pub
2,google_compute_engine.pub
2,a.pub
2,ansible.id_rsa.pub
2,githubkey.pub
2,poster.pub
2,openssh_old_dsa_enc.pub
2,heroku keys:add.pub
2,oacp.pub
2,nova_keypair-add.pub
2,snow.pub
2,openssh_dsa_512.pub
2,extra_node_key.pub
2,atlas-examples.pub
2,moovbox_host_rsa.pub
2,Seagate_GoFlex_dsa.pub
2,Sagemcom_2740_rsa.pub
2,selenium-node-firefox.pub
2,lws-ssh-test-keys.pub
2,MagpieDSA.pub
2,preload-ssh.pub
2,testing.gpg.pub
2,admin@test.pub
2,securix-codesign.pub
2,512dhb.pub
2,user3.pub
2,encrypted-ECDSA-KeyPair.pub
2,ubuntu.pub
2,yun.pub
2,Dbdeploy.pub
2,simonsmh-dist.pub
2,SmartHivePlacard.pub
2,testuser.pub
2,lukeKonopka.pub
2,bhyve-insecure.pub
2,Blizzard_TradeSkillUI.pub
2,openssh_keys.pub
2,vm_rsa.pub
2,id_aqualab.pub
2,zyxel-q100_rsa.pub
2,good_key.pub
2,chris.spence.pub
2,RSA-KeyPair.pub
2,rfc4716_rsa2.pub
2,openssh_new_ecdsa_enc_gcm.pub
2,openssh_new_dsa_enc_gcm.pub
2,openssh_old_ecdsa.pub
2,llvm.pub
2,dropbear.pub
2,kubespray-build.pub
2,id_ecdsa_test.pub
2,key.txt.pub
2,ssh_public_key.pub
2,seven-4-seven.pub
2,spec_key.pub
2,barracuda_load_balancer_vm.pub
2,Cisco_rv120w_dsa.pub
2,db-pgsql-1.pub
2,openbsd-63-syspatch.pub
2,node1.pub
2,tm.rsa.pub
2,vagrant@debian.org.pub
2,replicator.pub
2,id_ecdsa3-cert.pub
2,id_ecdsa_plain.pub
2,openssh_rsa_1024.pub
2,Blizzard_TrainerUI.pub
2,lorem.ipsum.pub
2,fixture_hostkey.pub
2,Tplink_w8950nd_rsa.pub
2,Publication1.pub
2,id_auto_dsa.pub
2,chris.hoge.pub
2,vg_demo.pub
2,SshServerDevelopment-ssh-dss.pub
2,simple_key.pub
2,rfc4716_rsa4.pub
2,thomas.pub
2,Amazon.pub
2,gmail.pub
2,ivy_key.pub
2,123456.pub
2,www_id_rsa.pub
2,tqca2.pub
2,Edimax_AR-7167_rsa.pub
2,Trendnet_tdmc500_rsa.pub
2,Trendnet_tvip310pi_dsa.pub
2,selenium-hub.pub
2,Program Windows.pub
2,0103.pub
2,aptly2_trusted.pub
2,gentoo-gpg.pub
2,id_wine.pub
2,rfc4716_rsa5.pub
2,prd-ctl1.id_rsa.pub
2,root-ssh-authorizedkeys.pub
2,Blizzard_InspectUI.pub
2,non.pub
2,civodul.pub
2,kali-rpi2.pub
2,lzap.pub
2,travis-ssh-key.pub
2,eth.pub
2,gramene_deploy_key2.pub
2,openssh_old_rsa.pub
2,IntervalRtreeExample.pub
2,id_rsa_docker_root.pub
2,influx.pub
2,sdwan.id.rsa.pub
2,id_rsa_mambo.pub
2,Publisher file.pub
2,rsync@downloads.adblockplus.org.pub
2,Cisco_rtp300_dsa.pub
2,Zyxel_pmg1006_dsa.pub
2,Zyxel_sbg3300_rsa.pub
2,Seagate_GoFlex_rsa.pub
2,Cisco_RV315W_rsa.pub
2,Trendnet_tew715apo_rsa.pub
2,Ont_g4020w_rsa.pub
2,openbsd-64-base.pub
2,id_rsa_activiti_docker.pub
2,sf_server.pub
2,silcd.pub
2,PublicKey.pub
2,id_d41f7d11.pub
2,sparkle_test.pub
2,datajoint.pub
2,tls.pub
2,chrisl_id_rsa.pub
2,trytrinidad.pub
2,key9.pub
2,Blizzard_CombatText.pub
2,pingtai.pub
2,bob@foo-bar.pub
2,Cisco_RV315W_dsa.pub
2,zyxel-vmg1312_rsa.pub
2,Tplink_tdw8960n-V1_rsa.pub
2,randall.pub
2,service.pub
2,gerrit_key.pub
2,dashboard.pub
2,gramene_deploy_key.pub
2,sio.pub
2,testing_1268859023.pub
2,host_dsa.pub
2,tokensigningkey.pub
2,openssh_rsa1_1024.pub
2,vyos-backup.minisign.pub
2,release-cosign.pub
2,Zhone_6512a1_rsa.pub
2,Cisco_rtp300_rsa.pub
2,openbsd-65-pkg.pub
2,jrist.pub
2,staticman_key.pub
2,poster - Portrait-A1-Final.pub
2,id_rsa.good.pub
2,id_travis.pub
2,kup.pub
2,server.key.pub
2,openssh_rsa1_512.pub
2,bastion_rsa.pub
2,root.key.pub
2,c9.id_rsa.pub
2,ECTICARD2017-1.pub
2,Trendnet_tew816drm_rsa.pub
2,mbacovsk.pub
2,node0.pub
2,gentoo-gpg-autobuild.pub
2,encrypted-ED25519-KeyPair.pub
2,reisraff.pub
2,keyfile.pub
2,deploy.key.pub
2,cert2.pub
2,test.key.pub
2,SquelletteParPage.pub
2,jandudulski.pub
2,ssh_host_key_rsa.pub
2,app_ops_rsa.pub
2,domain.pub
2,Blizzard_AuctionUI.pub
2,docbuilder_rsa.pub
2,EET_CA1_Playground-CZ683555118.pub
2,test_id_ecdsa.pub
2,fixture_dsakey.pub
2,Cisco_rv120w_rsa.pub
2,Telefonica-de-Espana_rsa.pub
2,pchalupa.pub
2,lindsey.pub
2,just_a_key.pub
2,origin-key-valid-20160509190508.pub
2,widget-key.pub
2,ecdsa-sha2-nistp256-PublicKey.pub
2,ECDSA-KeyPair.pub
2,kjf9iu3nczkjdf9w3.pem.pub
2,id_backup.pub
2,registry-unittest.id_rsa.pub
2,dropfort.pub
2,firefund@riseup.net.sub1.pub
2,openssh_dsa_1024.pub
2,radic_ed25519.pub
2,vagrant_testkey.pub
2,Huawei_bm626_rsa.pub
2,bank.pub
2,ssh-rsa-PublicKey.pub
2,id_rsa_dev.pub
2,poster - Portrait-A2.pub
2,openssh_new_ecdsa_enc.pub
2,ArchitectureMCV.pub
2,lynxis@fe80.eu.pub
2,cgeek.pub
2,testkey-id_rsa.pub
2,Blizzard_MacroUI.pub
2,id_rsa_other.pub
2,bob@example.com.pub
2,emb_id_rsa.pub
2,public.rsa.pub
2,Handout.pub
2,herokukey.pub
2,01oslportage.conf.pub
2,jira.pub
2,gocd.pub
2,travis_deploy_key.pub
2,publicKey.pub
2,client_pkey.pub
2,ca_host_key-cert.pub
2,encrypted-DSA-KeyPair.pub
2,ssh-add id_rsa.pub
2,openssh_new_ed25519.pub
2,spark_test.pub
2,id_rsa_personal.pub
2,steam.pub
2,pgp-45953F23.pub
2,key_passphrase.pub
2,bossjs.pub
2,sftp_rsa.pub
2,Zyxel_fsg2200_rsa.pub
2,named.pub
2,com.pawelgrzybek.div.pub
2,openbsd-63-base.pub
2,witlessb.pub
2,mydsa.pub
2,id_rsa_pass.pub
2,one.pub
2,deployer.pub
2,ssh-dss-PublicKey.pub
2,ecdsa-sha2-nistp521-PublicKey.pub
2,rfc4716_rsa6.pub
2,builder-5b1ae402.rsa.pub
2,id_rsa_new_acct.pub
2,mattia@4B043FCDB9444540.pub
2,Dockerfile.pub
2,myTestKey.pub
2,demo_server.pub
2,openssh_rsa_2048.pub
2,heroku.pub
2,key8.pub
2,cecilia.pub
2,openstack.key.pub
2,example_rsa.pub
2,mltshp-web-key.pub
2,ita.pub
2,Edimax_AR-7167_dsa.pub
2,demo_rsa.pub
2,out.pub
2,joe.pub
2,libqgit2_id_rsa.pub
2,openssh_new_dsa.pub
2,id_rsa_nopass.pub
2,ed25519-1.pub
2,filtermaster.adblockplus.org_ssh.pub
2,Moxa_6150_rsa.pub
2,kali-1.0.pub
2,VMWARE-PACKAGING-GPG-RSA-KEY.pub
2,256dha.pub
2,cliche_deploy_key.pub
2,replica_manager_key.pub
2,poster - Portrait-A4.pub
2,sqldatamart_overview.pub
2,id_lincolnsto-ltm1.pub
2,rfc4716_rsa.pub
2,TS010082249.pub
2,test_host_rsa_key_do_not_use.pub
2,simpson.pub
2,releaseesp.pub
2,ghpages_deploy_key.pub
2,mik3cap.pub
2,fixture_rsakey.pub
2,tunnelkey.pub
2,tqca.pub
2,Alice_1121_rsa.pub
2,bob_public_key_1024.pub
2,id_rsa_without_password.pub
2,openbsd-64-fw.pub
2,openbsd-65-base.pub
2,benharri.pub
2,DSA-KeyPair.pub
2,test_hotlips.pub
2,openssh_new_dsa_enc.pub
2,4093AEF6.pub
2,IncFramework.pub
2,carlosm-lacnic-ed25519.pub
2,openssh_rsa_512.pub
2,Blizzard_CraftUI.pub
2,revoked.pub
2,node_key.pub
2,DCPROGSDeployKeyDevelop.pub
2,Linksys_X1000_rsa.pub
2,Innacomm_w3400v_rsa.pub
2,app-debug-1.pub
2,openbsd-64-syspatch.pub
2,royale-server-test.pub
2,cs1606.pub
2,ED25519-KeyPair.pub
2,mkarbowiak.pub
2,id_ecdsa_encrypted.pub
2,remote_rsa.pub
2,Huawei_bm626_dsa.pub
2,lava.pub
2,openbsd-65-fw.pub
2,ca_user_key.pub
2,ansible_rsa.pub
2,id_ed25519-cert.pub
2,cl81343688.pub
2,openssh_old_dsa.pub
2,buildroot_rsa.pub
2,testing_1268859031.pub
2,virtualenv-signing-key.pub
2,Blizzard_GMSurveyUI.pub
2,id_rsa_deploy.pub
1,franc-travis.pub
1,mdq_beta_cert.pub
1,alice_2.pub
1,eve_17.pub
1,grant2.pub
1,mbernasocchi_id_rsa.pub
1,ascsi2017.pub
1,teamproject.pub
1,Installfest_2013.pub
1,root_rsa.pub
1,rsa_1_sha512.pub
1,henrique.pub
1,macbook-rsa.pub
1,pnasrat-id_rsa.pub
1,univault-test.pub
1,id_rsa_home.pub
1,igm-ianix.pub
1,id_ed25519_dotfiles_pull.pub
1,github-deployment.pem.pub
1,dewey-mobile3.pub
1,interactive-demo.pem.pub
1,key-ecdsa-encrypted.pub
1,key-dsa-encrypted.pub
1,carlosnz.eggtimer2.pub
1,ecc-cert.pub
1,zd.pub
1,ostrzy.pub
1,michalbakowski-monterail.pub
1,id_dsa2.pub
1,jingsSSH.pub
1,core01.pub
1,qerl.pub
1,riak_function_contrib.pub
1,erlyvideo.pub
1,erl_docgen.pub
1,routemachine.pub
1,ephp.pub
1,mochiweb.pub
1,cosProperty.pub
1,Hydrometeor.pub
1,websocket.pub
1,wrangler.pub
1,debugger.pub
1,securix-github.pub
1,mrollins.pub
1,robb-home-pc.pub
1,PartnerKind.pub
1,uni.pub
1,secret_fabric8_rsa.pub
1,tond.pub
1,key-2.pub
1,gitlab.com.pub
1,common-use.pub
1,id_boot2docker.pub
1,ttanjo@gmail.com-58e06647.rsa.pub
1,tech-pari.pub
1,jayakumar.pub
1,id_ed25519_384_pem_signed_by_ecdsa.pub
1,id_rsa_2048_pem_signed_by_ed25519.pub
1,example@kapitan.dev.pub
1,sshKey.pub
1,foo.id_rsa.pub
1,gregoire.pub
1,florian.pub
1,arpsec03.sarp.pub
1,erigones_support.pub
1,mypass.pub
1,gituser_example_burton.pub
1,security@chromic.org.pub
1,alwaysdata.pub
1,mpeek.id_rsa.pub
1,bxtension.pub
1,frenzy_insecure_key.pub
1,MapaDigital.pub
1,wiener_rsa.pub
1,2009 Spring Individual Waiver.pub
1,2009 Spring Postcard Flyer.pub
1,unlessbamboo.pub
1,ArchiSteamFarm.snk.pub
1,rsa-sha1-ca.key.pub
1,mitar.pub
1,ucs.pub
1,id_rsa_no_comment.pub
1,rsa1024.pub
1,p_key.pub
1,DRAFT Multicolour Plaque.pub
1,govuk_frontend_toolkit_gem_push.pub
1,64746e3a2f2f726f75746572312e64746e.pub
1,puppet_rsa.pub
1,testNotaryKey.pub
1,ssh-rsa-4096.pub
1,exploid-keyring-with-dupe-subkeys.pub
1,raspberrypi03.id_rsa.pub
1,vagrant-keithyeh.pub
1,bkm_client_sign_certificate_test.pub
1,xudelin688898.pub
1,herokushhkey.pub
1,sc89512k.pub
1,putt.pub
1,rps.pub
1,downhill.pub
1,orbit.pub
1,awari.pub
1,morsetran.pub
1,dsa-ppk.pub
1,eve_521.pub
1,alice_89.pub
1,eve_31.pub
1,alice_107.pub
1,david@wimsey.us.pub
1,openbsd-59-base.pub
1,openbsd-57-base.pub
1,openbsd-59-fw.pub
1,id_rsa_odi.pub
1,jerry3yu_gpg.pub
1,ls .ah.pub
1,id_rsa.3.pub
1,hss_20.4_10.4.pub
1,hss_10.4.pub
1,id_ksurct.pub
1,jzxpr.pub
1,user02_rsa_sha2_256_4096-cert.pub
1,brandonromano-personal.id_rsa.pub
1,nimit.id_rsa.pub
1,jerrylsxu.pub
1,pgp.2.pub
1,8_Ball_Game_PYTHON.pub
1,yubikey-5408637.pub
1,drive-ncl.switch.ch_lb_root.pub
1,tonifehler.pub
1,fuga.pub
1,PlacardBreathalyzer.pub
1,peer1.pub
1,lxle1-dev-key.pub
1,id_rsa_droplet.pub
1,id_rsa_test_passphrase.pub
1,sieve.pub
1,fireeagle.pub
1,ermdia.pub
1,joxa.pub
1,sanctuaire.pub
1,libtest.pub
1,fnotify.pub
1,enfs.pub
1,sha1.pub
1,otp_mibs.pub
1,gen-ets.pub
1,scalaris.pub
1,stdlib.pub
1,cmcdragonkai.pub
1,prod.pub
1,nagios.id_rsa.pub
1,pi@raspberry-pi-zero-1.pub
1,id_ecdsa_256_pem_signed_by_rsa-cert.pub
1,ecdsa_opensshv1.pub
1,id_ecdsa_256_rfc4716_signed_by_rsa.pub
1,jim.pub
1,28dafwjgqze37l5c.pub
1,henare.pub
1,pushcoin_dsa.pub
1,test_rsa4.pub
1,developer-signed.pub
1,toot.pub
1,eckey.pub
1,ssh_dev_id_rsa.pub
1,id_rsa_2.pub
1,new-ecdsa-psw.key.pub
1,new-ecdsa-nopsw.key.pub
1,old-rsa-psw.key.pub
1,backup_id_rsa.pub
1,idrsa.pub
1,prime256v1.pub
1,bs-bot_id_rsa.pub
1,gmp.pub
1,gitpai.pub
1,test_basic.pub
1,mintette09.pub
1,danil@h10.kutkevich.org.pub
1,thermion.id_rsa.pub
1,client_rsa.pub
1,dudz.pub
1,relaykey.pub
1,ActiveHousePlacard.pub
1,10-23-00 OCBJ-2.pub
1,rotate.pub
1,id_rsa_B9C246D1.pub
1,010e.pub
1,pub_key.pub
1,touch sshkey.pub
1,hss_20.4.pub
1,myuser.id_rsa.pub
1,user_rsa_sha2_256_4096.pub
1,host01.pub
1,DRAFT-Multicolour-Plaque.pub
1,id_ed25519_sk.pub
1,pkgsrc.erigones.org.key.pub
1,oluetkeh.pub
1,substance_insecure.pub
1,drive-backup.switch.ch_lb_root.pub
1,drive-stage.switch.ch_sync_root.pub
1,htklabs.pub
1,flag9.ssh.key.pub
1,key-ecdsa.pub
1,panoptes.pub
1,r00t.pub
1,hubertbialecki.pub
1,erlcron.pub
1,medici.pub
1,squirrel.pub
1,thrift_erl.pub
1,luerl.pub
1,socketio.pub
1,gen_socket.pub
1,rabbitmq-erlang-client.pub
1,bloomerl.pub
1,riak_pipe.pub
1,diggo.pub
1,zotonic.pub
1,weberl.pub
1,exb.pub
1,bitplus.pub
1,nitrogen.pub
1,upload_key.pub
1,LRB.pub
1,cli_id_ed25519.pub
1,staging.pub
1,jobmanager-panda-key.pub
1,buildskadi.pub
1,d.k.ivanov@live.com.pub
1,fhloston-paradise-20200813211603.pub
1,gogockeys.pub
1,nodeclient.pub
1,ubot1.pub
1,Blizzard_TokenUI.pub
1,test2_ecdsa.pub
1,id_ecdsa_384_pem_signed_by_ecdsa.pub
1,repo.pub
1,tester1.pub
1,node4.pub
1,hannah-id_rsa.pub
1,fred_rsa.pub
1,yangyuSSHKEY.pub
1,id_rsa.spookcentral.pub
1,freefall-questions.pub
1,shaoyuan1943.pub
1,plett.pub
1,person1.pub
1,id_rsa_tester.pkcs8.pub
1,austin-cluster-key.pub
1,new-ecdsa-nopsw.key-cert.pub
1,rsa-sha256-user.key.pub
1,wgordon.pub
1,protected.pub
1,AppD-Cloud-Kickstart.pub
1,travisci_builder_id_key.pub
1,cf2.pub
1,gasi-macbook-pro-2015.id_rsa.pub
1,mintette04.pub
1,auditingKey.pub
1,abaruchi.pub
1,ntfk0013.id_rsa.pub
1,raspberrypi030.id_rsa.pub
1,username.pub
1,alex_rsa.pub
1,mikew_rsa.pub
1,deploy.id_rsa.pub
1,lp-1.pub
1,gravitypanic.pub
1,e-puck skirt rev10 black.pub
1,eve_7.pub
1,bob_2.pub
1,openbsd-62-base.pub
1,openbsd-57-pkg.pub
1,linode.pub
1,argyll.pub
1,thoughtlink.pub
1,key_id_dsa_invalid.pub
1,hss_5.4_5.4.pub
1,hss_5.4_20.4.pub
1,hss_5.2_20.2.pub
1,outside.key.pub
1,user_ecdsa_384.pub
1,Sina_pub.pub
1,Jesus.pub
1,ed25519_sk.pub
1,ecdsa_sk_webauthn.pub
1,kylemac.id_rsa.pub
1,get.pub
1,ohsumi.pub
1,ldaptest.cheese.id_rsa.pub
1,drive-test.switch.ch_sync_root.pub
1,tgoldie_v82.pub
1,tgoldie_v85.pub
1,alsnyder.pub
1,fspinillo.alfredv2.slackfred.pub
1,indiana.pub
1,id_ed25519_sk-yubikey02.pub
1,id_ed25519_sk-yubikey01.pub
1,nova.key.pub
1,ouranos.pub
1,repository.pub
1,kubakrzempek.pub
1,Roomba Uprising Handout.pub
1,linzhbj_id_rsa.pub
1,OAuth2.key.pub
1,id_rsa_test2.pub
1,erlgit.pub
1,membox.pub
1,neotoma.pub
1,cosEventDomain.pub
1,esynqueue.pub
1,mimetypes.pub
1,protobuffs.pub
1,erlmail.pub
1,dialyzer.pub
1,ot.pub
1,erlport.pub
1,stun.pub
1,esan.pub
1,apns4erl.pub
1,pulsedb.pub
1,lolcat.pub
1,azure_eu.pub
1,discoveryServer_public_key_1024.pub
1,id_rsa_testhost.pub
1,id_rsa_procore.pub
1,crossbar-16-10.pub
1,crossbar-17-6.pub
1,CA_ed25519.pem.pub
1,ssh_host_ecdsa_384_key-cert.pub
1,onekey_server.pub
1,onekey_storage.pub
1,unknown-sample-1.pub
1,gomonitor.pub
1,trueos.pub
1,exampleUser02_id_rsa.pub
1,itph.pub
1,cran-stg.pub
1,domino_gpg.pub
1,com.farrell.pkgman.alfredworkflow.pub
1,id-local-itop.rsa.pub
1,id_rsa_enc_aes128_asdf.pub
1,precinct3.pub
1,jorge.pub
1,iceburg-nashville+root.key.pub
1,id_rsa.repo.openssl.pub
1,898319849000028.pub
1,foo@example.com.pub
1,igor.pub
1,rancher-primer-lab.pub
1,yardstick_key.pub
1,vbox-key.pub
1,id_ed25519_d.pub
1,ssh_without_password.pub
1,gitadmin.pub
1,ssh04.pub
1,imma-public.pub
1,franco.pub
1,id_rsa_sheila.pub
1,cai2_test_suite_selenium.pub
1,primerailsshowcase.pub
1,e-pan.pub
1,default_key.pub
1,t2%2dcdm%2ddebug%2d10.pub
1,battleship.pub
1,hurkle.pub
1,commieinvaders.pub
1,key_dm.pub
1,bart.pub
1,travis_id_rsa.pub
1,todoaholic.ppk.pub
1,Progress review.pub
1,alice_61.pub
1,alice_5.pub
1,openbsd-61-base.pub
1,sample_dsa.key.pub
1,managewp_mt.pub
1,test-client-key.pub
1,boatto_docker.pub
1,brip_master_key.pub
1,pi_root.pub
1,gitfile.pub
1,id_rsa.1.pub
1,jacobn_rsa.pub
1,ibass_rsa.pub
1,user_ed25519.pub
1,ecdsa_sk1-cert.pub
1,jb.pub
1,id_rsa.pass.pub
1,pgp.1.pub
1,adventure_PYTHON.pub
1,huutuit.pub
1,id_rsa.nophrase.pub
1,psi-support.pub
1,bigboss.pub
1,lpotepa.pub
1,rmwpl.pub
1,jotka87.pub
1,Jackoski.pub
1,boot.pub
1,antidot.pub
1,lager.pub
1,cucumberl.pub
1,gproc.pub
1,fuserl.pub
1,dispcount.pub
1,common_test.pub
1,rterl.pub
1,lager_syslog.pub
1,ejabberd-contrib.pub
1,twitter.pub
1,piperl.pub
1,cean.pub
1,eradius.pub
1,riak_pb.pub
1,riaknostic.pub
1,p1_logger.pub
1,cluster_info.pub
1,OpenSCAD_DRAFT.pub
1,sshephalopod-ca.pub
1,id_rsa_testhost_too_open.pub
1,example.com.pub
1,ca_rsa.pub
1,signed_key_ecdsa-cert.pub
1,kouign-amann-pi.pub
1,depot.pub
1,ssh_rsa_github_com.pub
1,snabbvmx.key.pub
1,foo.key.pub
1,surfalyze.pub
1,mataam_vps_rsa.pub
1,password_key.pub
1,898319849000018.pub
1,rsatest.pub
1,sample2.pub
1,rabbitmq_id_rsa.pub
1,ssh_keys.pub
1,fbazin.pub
1,apetit.pub
1,p2psync_rsa.pub
1,transmuter.pub
1,asw_id_rsa.pub
1,gmp2.pub
1,small_q.pub
1,bluemix.pub
1,rsa_id.pub
1,ssh-ecdsa-384.pub
1,cascadia_rsa.pub
1,ntfk0006.ntfk.id_rsa.pub
1,ntfk0004.id_rsa.pub
1,id_rsa_yubikey.pub
1,Poster BMONS_v2.pub
1,edwtjo-0.pub
1,launchpad_openjdk_gpg.pub
1,sc8654.pub
1,stars.pub
1,operations.pub
1,1300.pub
1,ultimaker.pub
1,gitweb_rsa.pub
1,mala_kuailexue.pub
1,csd_rsa_key.pub
1,hss_20.2_20.4.pub
1,hss_10.2.pub
1,weather.pub
1,laptopSSHKey.pub
1,user02_ed25519-cert.pub
1,Art.pub
1,id_heroku_rsa.pub
1,ecdsa_sk1.pub
1,kaushik.id_rsa.pub
1,docker_id_rsa.pub
1,jbladt-id_rsa.pub
1,kgc-cred.pub
1,contacts.pub
1,drive-stage.switch.ch_lb_root.pub
1,Code Card 1.pub
1,icn_ssh_key.pub
1,rsa_4096.pub
1,deweysAWKKey.pem.pub
1,password6.pub
1,adass.pub
1,profile-webserver.pub
1,insecure_test_key.pub
1,min2.pub
1,strongswan.pub
1,key_n.pub
1,authorized_keys.hpz.pub
1,fwtemplates.pub
1,natter.pub
1,reia.pub
1,ppec.pub
1,ehotp.pub
1,eper.pub
1,emuddy.pub
1,upnp.pub
1,orber.pub
1,facebook.pub
1,websocket_server.pub
1,node_package.pub
1,ematrix.pub
1,geohash.pub
1,updo.pub
1,eproxy.pub
1,memcached-client.pub
1,erlv8.pub
1,cosTime.pub
1,rrdtool.pub
1,elib1.pub
1,dnsxd.pub
1,eswf.pub
1,blade.pub
1,The_Update_August_2012.pub
1,ssh_test_rsa.pub
1,priv.rsa.pub
1,imp.pub
1,sample-user-key.pub
1,Industry 4_0 Placard.pub
1,ewen@Coinvent-Ewen.pub
1,rsa_opensshv1.pub
1,matthew.pub
1,regex_cheatsheet_A2.pub
1,test_keypair_ok.pub
1,shell.sf.net.key.dsa.pub
1,xplora1a.pub
1,example.dev.infra.admin.rsa.pub
1,telematicsPlacard.pub
1,quarkex.pub
1,symfony2.6.pub
1,n1ko.pub
1,id_host.pub
1,old-dsa-nopsw.key.pub
1,id_ecdsa_c.pub
1,slave.pub
1,ogs-admin_rsa.pub
1,EdBarberis.pub
1,factordb_parse.pub
1,Originator.pub
1,fionabianchi-gia.pub
1,freeipa_pr_ci_insecure.pub
1,danil@h5.kutkevich.org.pub
1,ntfk_test01.id_rsa.pub
1,ntfk0005.id_rsa.pub
1,id_rsa_s1.pub
1,edwtjo.pub
1,BCards.pub
1,lwd.pub
1,igotthespeed.pub
1,starmerchant.pub
1,yolokey.pub
1,server_rsa_key.pub
1,bob_19.pub
1,bob_17.pub
1,openzfs-jenkins-private.id_rsa.pub
1,taywee.pub
1,pluginsigner.pub
1,autograph.pub
1,brip_release_key.pub
1,darktower.pub
1,user01_rsa_sha2_256_2048-cert.pub
1,jane.doe.pub
1,max.mustermann.pub
1,Intralattice-DeveloperDocs - temp.pub
1,ceasard_rsa.pub
1,vx_test_repo_insecure_key.pub
1,MJD M2.pub
1,Times_Tables_PYTHON.pub
1,geowa4.pub
1,drive-ncl.switch.ch_db_root.pub
1,Code Card 9.pub
1,com.nikolaeu.numi.pub
1,id_rsa.redman.pub
1,constrained.pub
1,nos-4-a2.pub
1,test_sftp.pub
1,jediella.pub
1,all-extensions.pub
1,tractor01.pub
1,somo_rsa.pub
1,provisioning.pub
1,venticco.pub
1,rafryb.pub
1,mzoladki.pub
1,gen_app.pub
1,wx.pub
1,pgsql.pub
1,js.pub
1,to_unicode.pub
1,meck.pub
1,folsom.pub
1,epsi.pub
1,pipe.pub
1,sidejob.pub
1,jaderl.pub
1,publisher.pub
1,log4erl.pub
1,yaws.pub
1,cl.pub
1,id3v2.pub
1,syslog.pub
1,gtknode.pub
1,LumineaterAssemblySheet.pub
1,tkooij.pub
1,id_rsa_testhost_password.pub
1,sh.edgar.alfred.GithubRepos.pub
1,all drawings.pub
1,id_rsa_2048_pem_signed_by_ecdsa.pub
1,samuelbeaulieu.pub
1,rsa_test_key.pub
1,mongo3.pub
1,4h-questions.pub
1,EveKey.pub
1,2009 Spring Team Registration.pub
1,jenkins.id_ed25519.pub
1,new-dsa-psw.key.pub
1,id-rsa.pub
1,config_id_rsa.pub
1,DSA_1024_PLAINTEXT.pub
1,DSA_1024_CAST5_SHA512_65536.pub
1,nihildeb.pub
1,email_key.pub
1,playpen-keys.pub
1,builder_key.pub
1,qicheng.pub
1,hmj.pub
1,ssh-ecdsa-521.pub
1,travis_deploy_rsa.pub
1,id_cheesecave.pub
1,ntfk0009.id_rsa.pub
1,key-git.pub
1,id_dsa_1024.pub
1,nela-0.pub
1,simonfruit.pub
1,box_rsa.pub
1,ui docs rough work.pub
1,duckauth.pub
1,openbsd-61-fw.pub
1,test_sftp_server_rsa.pub
1,ros_user_ssh_key.pub
1,masterKey.pub
1,hss_20.2_10.2.pub
1,hss_5.2_10.4.pub
1,hss_20.4_5.4.pub
1,ca_ecdsa_384.pub
1,super-secret-passphrase-ec256-key.pub
1,ca_ecdsa_521.pub
1,brandonromano-work.id_rsa.pub
1,ferjm.pub
1,root_gitolite.pub
1,Key.pub
1,yuriy_key.pub
1,dss.pub
1,header.pub
1,aoa_rsa.pub
1,dawidzukowski.pub
1,krabex.pub
1,capi.pub
1,admin_rsa.pub
1,gen_server2.pub
1,gen_leader_revival.pub
1,erlsom.pub
1,beanstalk.pub
1,erlz.pub
1,eleveldb.pub
1,erling.pub
1,msgpack.pub
1,cosFileTransfer.pub
1,findurl.pub
1,luwak.pub
1,erlgmail.pub
1,unsplit.pub
1,estring.pub
1,plists.pub
1,edis.pub
1,bullet.pub
1,erlbrake.pub
1,edown.pub
1,ejabberd.pub
1,rainmakr_deploy.pub
1,basebox_unsecure_key.pub
1,testcapitalgit.pub
1,vagrant_gitolite_server.pub
1,helloworld.pem.pub
1,BindingImplC2C.pub
1,synod tour flyer 2.pub
1,id_zoe.pub
1,signed_key_rsa.pub
1,k8s.pub
1,wson-event-connector.pub
1,Template Master Mixed 1 sheet R1.pub
1,crossbar-17-3.pub
1,id_ecdsa_256_pem_signed_by_rsa.pub
1,test_rsa_max_date-cert.pub
1,test_ecdsa_nistp521.pub
1,id_rsa2-cert.pub
1,ssh_rsa_key.pub
1,trust.pub
1,barney_dsa.pub
1,816121abc.pub
1,stockeye.pub
1,iceburg-nashville+siteop.key.pub
1,gitSSH.pub
1,my-key.pub
1,cloudman_key_pair_RC.pub
1,ed25519-user.key.pub
1,client-unknown.pub
1,user_2.pub
1,Small.pub
1,id_rsa_demo.pub
1,Rel Faith Form flyer 2017.pub
1,iqandreas-ssh-4096r.pub
1,fermat.pub
1,numberlist.pub
1,ssh01.pub
1,wvc_rsa.pub
1,danil@h2.kutkevich.org.pub
1,2.pub
1,ntfk6000.id_rsa.pub
1,ntfk0001.id_rsa.pub
1,qi.pem.pub
1,juicessh.pub
1,windows-minion.pub
1,flashcards.pub
1,poisomwater.pub
1,sshkeynya.pub
1,rpc.pub
1,id_isma_rsa.pub
1,alice_19.pub
1,vagrant-insecure.pub
1,ssh_chenpc.pub
1,gilead.pub
1,hss_20.4_20.2.pub
1,GeoTrust_Universal_CA.pub
1,NetSparkle_Ed25519.pub
1,inside.key.pub
1,dsa_key.pub
1,host02.pub
1,l5cloud_travis_deploy.pub
1,KeyUtilsTest-DSA-KeyPair.pub
1,Documents.pub
1,rsa_1_sha1-cert.pub
1,yubikey_id_rsa.pub
1,MLD M2.pub
1,vbkick_key.pub
1,vpsandroid.pub
1,MasterKey.pub
1,johnnycupcakes.pub
1,samplekey.pub
1,gpg-1v2.pub
1,ansible_user.pub
1,id_personal_rsa.pub
1,libsodium.pub
1,ssh-host-key.pub
1,upmukey.pub
1,glopes-id_rsa.pub
1,profile-client.pub
1,install_ed25519.pub
1,Julkaisu3.pub
1,maciejkorolik.pub
1,iwonapiotrowska.pub
1,kernelgonnapanic.pub
1,text.txt.pub
1,id_rsa.vagrant.public.pub
1,admin_dss.pub
1,sjx.pub
1,i2c.pub
1,lhttpc.pub
1,uri.pub
1,idna.pub
1,couchdb.pub
1,dynomite.pub
1,jobs.pub
1,eq.pub
1,yaml.pub
1,smart_exceptions.pub
1,yokozuna.pub
1,ssl.pub
1,erlpop.pub
1,fuzed.pub
1,orcas.pub
1,megaco.pub
1,reversehttp.pub
1,edbc.pub
1,webtech.pub
1,authmgr_rsa.pub
1,BindingImplC2A.pub
1,travis-run_id_rsa.pub
1,cli_id_rsa.pub
1,git_keys.pub
1,Register.pub
1,deployKey.pub
1,derp.pub
1,test2_rsa.pub
1,test_rsa-cert.pub
1,ssh_host_rsa_2048_key.pub
1,test_ecdsa_nistp384.pub
1,jarret.lavallee.pub
1,unk.pub
1,dina-admin.pub
1,jhacks.gpg4096.pub
1,li881017.pub
1,strato.pub
1,id_rsa.repo.pub
1,cluster_rsa.pub
1,ssh-forward-proxy-test-key.pub
1,test_rsa2.pub
1,new-ed25519-nopsw.key.pub
1,new-rsa-nopsw.key-cert.pub
1,drac0.pub
1,gitlab-runner-bitmask_ssh.pub
1,com.dean-christensen.fantastical2.pub
1,key2_dsa.pub
1,brochure.pub
1,ecm.pub
1,jwt.key.pub
1,bismark_srv.pub
1,ssh-rsa-3072.pub
1,smarchi.pub
1,buildbot.pub
1,ntfk0012.id_rsa.pub
1,ntfk0002.id_rsa.pub
1,0xF83933FDFC279C44.curve25519.pub
1,ubuntu-minion.pub
1,auth_key.pub
1,car1.pub
1,andy_rsa.pub
1,hamurabi.pub
1,Publication2.pub
1,demo_user.pub
1,id_rsa_sansa.pub
1,alice_521.pub
1,bob_5.pub
1,usbarmory_root_rsa.pub
1,openbsd-56-fw.pub
1,ssh.rsa.pub
1,sabae.key.pub
1,host.one.tld.ecdsa.pub
1,deploy.rsa.pub
1,xmss_sha2_10_256.key.pub
1,think.pub
1,caren-api.pub
1,mint_workshop_flyer.pub
1,ca_ed25519.pub
1,ecdsa_sk2.pub
1,delete.pub
1,shiinee.pub
1,MCD M2.pub
1,craps_PYTHON.pub
1,yubikey-4908467.pub
1,drive-backup.switch.ch_sync_root.pub
1,isysd.pub
1,keeper_rsa.pub
1,ian-mbp.pub
1,qagroup_lex4.pub
1,key-dsa.pub
1,MVPmindmap.pub
1,min3.pub
1,id_rsa_office.pub
1,va_pur_printaid_20141010_standard.pub
1,mahcinek.pub
1,michalporada.pub
1,igorleonenko.pub
1,korzeniowski.pub
1,TomaszWawrowski.pub
1,mskv.pub
1,keebase.pub
1,core03.pub
1,poppy-sftp.pub
1,json_stream_parse.pub
1,twoorl.pub
1,hovercraft.pub
1,rabbitmq-server.pub
1,nodefinder.pub
1,enouk.pub
1,erl_aliases.pub
1,kvdb.pub
1,relx.pub
1,cosTransactions.pub
1,detergent.pub
1,templates.pub
1,erlvoip.pub
1,mnesia.pub
1,mongo-erlang-driver.pub
1,cuttlefish.pub
1,gencron.pub
1,quickrand.pub
1,adinator1999@gmail.com-5675c1f0.rsa.pub
1,signify.pub
1,carlosm-lacnic-rsa.pub
1,ssh_host_ed25519_384_key-cert.pub
1,onekey.pub
1,morgan.pub
1,travis.sadler.pub
1,octavia_ssh_key.pub
1,wzlee.pub
1,cool_weather_key.pub
1,precinct2.pub
1,id_rsa-webdev-vm-deploy.pub
1,898319849000017.pub
1,heroku_ssh_key.pub
1,discourse.pub
1,_id_rsa.pub
1,wp_rsa.pub
1,ssh_kit_test_key.pub
1,test_user.pub
1,id_git.pub
1,ed448.pub
1,new-rsa-nopsw.key.pub
1,old-dsa-psw.key.pub
1,web01.pub
1,Medium.pub
1,londahl.pub
1,mark.pub
1,mjeanson.pub
1,3.pub
1,ntfk0007.id_rsa.pub
1,github-key.pub
1,copy.pub
1,id_nko5.pub
1,car0.pub
1,stiltweb.pub
1,pinwheelpuzzle.pub
1,arrowfighter.pub
1,reflex.pub
1,fishhunt.pub
1,dskfjlf.pub
1,jira1.pub
1,id_rsa_tc.pub
1,bitonic_id_rsa.pub
1,id_rsa.cem.pub
1,hss_5.2_5.2.pub
1,hss_5.4_5.4_5.4_5.4_5.4_5.4_5.4_5.4.pub
1,xmss_sha2_20_256.key.pub
1,bsdkit.pub
1,user02_rsa_sha2_256_4096.pub
1,user_ecdsa_384-cert.pub
1,user_ecdsa_521-cert.pub
1,user01_ecdsa_521.pub
1,vayacondios_github.pub
1,ncadmin.pub
1,admin-docker.id_rsa.pub
1,antonelli-personal.id_rsa.pub
1,test-keypair.pub
1,neighbormarket.pub
1,hadoop_id_rsa.pub
1,drive-test.switch.ch_nfs_root.pub
1,id_rsa.cauchy.pub
1,gitguild.pub
1,packer-ssh-key.pub
1,.id_rsa.pub
1,cernvm-testing.cern.ch.pub
1,anthonykey.pub
1,ops-jenkins-nuodb.pub
1,hadoop.pub
1,sgarr.pub
1,v.cacciarimiraldo-at-uu.gpg.pub
1,ListeFichiersPHP.pub
1,maszudev.pub
1,kasiagieron.pub
1,belir.pub
1,thmyrk.pub
1,core02.pub
1,newrelic.pub
1,erlguten.pub
1,bson.pub
1,hamush.pub
1,enet.pub
1,ebuilder.pub
1,mcd.pub
1,escobar.pub
1,manderlbot.pub
1,rvre.pub
1,abnfc.pub
1,oregexp.pub
1,esmtp.pub
1,erlytrans.pub
1,rabbitmq-mochiweb.pub
1,id_rsa_medusa_root.pub
1,apruve.pub
1,ruby-rhod-20200813204159.pub
1,randompgp.pub
1,nocloud.pub
1,crossbar-17-11.pub
1,id_rsa_2048_pem_signed_by_rsa.pub
1,kammounsalemgmail.pub
1,node3.pub
1,id_rsa.storagebox.pub
1,id_ed25519.android.pub
1,poudriere.pub
1,cran3.pub
1,minion2.example.com.pub
1,test_key.good.pub
1,898319849000019.pub
1,ami-spec.pub
1,oppai.pub
1,rerokuSSH.pub
1,jane_ssh_key.pub
1,drupal.pub
1,travisci_rsa_brew.pub
1,web02.pub
1,unprotected.pub
1,gitlab-runner-ibex_ssh.pub
1,gitlab-runner-platform_ssh.pub
1,monitor_ssh.pub
1,irati_rsa.pub
1,mgp_read_only.pub
1,opnfv-ravello.pub
1,pravin_paratey.pub
1,LevTech.id_dsa.pub
1,ssh-ecdsa-256.pub
1,dlowe_air.pub
1,minion01.pub
1,jeffaiekn-mac.id_rsa.pub
1,id_rsa_fred.pub
1,rsa_sample_key.pub
1,auth0_rsa.pub
1,sc86542k.pub
1,shox.pub
1,tetrls.pub
1,wormpuzzle.pub
1,taws2.pub
1,bombardment.pub
1,alleytris.pub
1,bigpun.pub
1,default-config.pub
1,bob_61.pub
1,alice_127.pub
1,alice_13.pub
1,pocoweb.pub
1,wsfed.test-cert.pub
1,testidentity.key.pub
1,openbsd-55-fw.pub
1,sample_rsa.key.pub
1,sample_ecdsa521.key.pub
1,yourkeyhere.pub
1,mitogen__has_sudo_pubkey.key.pub
1,containerops.pub
1,royale-client-test.pub
1,xmssmt_sha2_60_12_256.key.pub
1,hss_5.4_5.2.pub
1,hss_5.4_5.4_5.4_5.4.pub
1,user_ecdsa_256-cert.pub
1,Intralattice-DeveloperDocs.pub
1,affy-slave2.pub
1,backuppc_ssh.pub
1,shasan-id_rsa.pub
1,drive-backup.switch.ch_nfs_root.pub
1,ah-ssh.pub
1,cernvm-sl7.cern.ch.pub
1,hari_id_rsa.pub
1,dockyard.pub
1,key.rfree.0x4EBE40EAEFF62C7F.pub
1,id_plug-repo_public.pub
1,id_owner.pub
1,jedrzejginter.pub
1,bitcask.pub
1,barrel.pub
1,ernie.pub
1,epmd_api.pub
1,gpio.pub
1,eldap.pub
1,eflex.pub
1,smtp.pub
1,exml.pub
1,Erlwebsockserver.pub
1,mysql.pub
1,bifrost.pub
1,rebar_lock_deps_plugin.pub
1,BindingImpl1NACI.pub
1,adelaat.pub
1,jobmanager-generic-key.pub
1,test_key2.pub
1,M-Order v4.pub
1,mainsubkey.pub
1,Blizzard_GuildBankUI.pub
1,id_ecdsa_384_pem_signed_by_rsa.pub
1,docker_host.pub
1,degeache2012.pub
1,lilik_ca_w1.pub
1,Divvly.pub
1,xuwenqiang224.pub
1,wsse-client-public-key.pub
1,10.91.24.88[10.91.24.88]22.pub
1,old-ecdsa-nopsw.key.pub
1,rsa-sha1-user.key.pub
1,tbalive.pub
1,chrook_id_rsa.pub
1,ssh_with_password.pub
1,b4440fba.pub
1,user_1.pub
1,dsa1024.pub
1,com.alfredapp.amio.emojifinder.pub
1,logstash.pub
1,network_rsa.pub
1,example.server.com_706.pub
1,robert.pub
1,64746e3a2f2f726f75746572362e64746e.pub
1,mintette01.pub
1,ipsec.pub
1,ntfk0003.id_rsa.pub
1,my_public_key.pub
1,ssh-key-thinkthinly.txt.pub
1,mrkvon.pub
1,guaka.pub
1,Poster BMONS.pub
1,car2.pub
1,eps-conduit-hello.pub
1,codeblockshooter.pub
1,safecracker.pub
1,id_rsa_shitou.pub
1,pharmaship.pub
1,eve_19.pub
1,api_test.pub
1,duchess.cody.pub
1,me.pub
1,id_rsa.2.pub
1,hss_5.2_5.4.pub
1,hss_5.4_10.4.pub
1,hss_10.2_10.4.pub
1,user01_rsa_sha2_512_2048.pub
1,user01_rsa_sha2_256_4096-cert.pub
1,user01_ecdsa_384.pub
1,user01_rsa_sha2_256_2048.pub
1,theboothbrothers.pub
1,mips_iplatebnibrana.csob.cz.pub
1,ed25519_sk2.pub
1,jenius.id_rsa.pub
1,public_key.rsa.pub
1,Skykey.pub
1,aaa-sm.pub
1,devenv_rsa.pub
1,chytreg.pub
1,gacekmonte.pub
1,shentao.pub
1,mops123.pub
1,blackbird.gpg.pub
1,id_rsa_new.pub
1,jkent.key.pub
1,episcina.pub
1,ifastcgi.pub
1,eauthnet.pub
1,egeoip.pub
1,ejango.pub
1,xml.pub
1,webfinger.pub
1,getopt.pub
1,jinterface.pub
1,fragmentron.pub
1,erlife.pub
1,tempcache.pub
1,mbp.pub
1,id_rsa_isaac.pub
1,id_rsa_wendy.pub
1,id_rsa_unknown_password.pub
1,mctesterson-20200811182846.pub
1,pocketgit.pub
1,Angel.pub
1,empsync-key.pub
1,52631992sb.pub
1,siddharth.pub
1,crossbar-17-2.pub
1,crossbar-17-10.pub
1,id_ecdsa_256_pem_signed_by_ed25519.pub
1,ssh_host_ecdsa_384_key.pub
1,id_ecdsa_521_pem_signed_by_ed25519.pub
1,eric.zounes.pub
1,cosmo_id_rsa.pub
1,rce.pub
1,exampleUser05_id_rsa.pub
1,payplug-test.pub
1,mongo2.pub
1,id-local-jenkins.rsa.pub
1,New Microsoft Publisher Document.pub
1,person2.pub
1,chimo@chromic.org.pub
1,wimo.pub
1,rsa-server-key.pub
1,tvbd.pub
1,walletkey.pub
1,old-rsa-nopsw.key.pub
1,ecdsa-ca.key.pub
1,RSA_4096_AES256_SHA512_65011712.pub
1,brandon.pub
1,fail3-noobernities.ssh.pub
1,rsa3072.pub
1,bob+joe@test.zilla.com@desktop.pub
1,Identity.pub
1,official_release.pub
1,drichardsHPS.pub
1,beego_dev.pub
1,jenkins_ci.pub
1,raspberrypi02.id_rsa.pub
1,jeff.id_rsa.pub
1,lookout_rsa.pub
1,cd-pipeline_rsa.pub
1,recipient.pub
1,RPM-GPG-KEY-gluster.pub
1,poisonedwater.pub
1,circuitpuzzle.pub
1,taws7.pub
1,elbe-repo.pub
1,ansible_private_key.pub
1,eve_89.pub
1,alice_7.pub
1,dkarapetyan.pub
1,openbsd-57-fw.pub
1,id_nopass_rsa.pub
1,host.one.tld.rsa.pub
1,dropbear_ed25519_host_key.pub
1,user01_ecdsa_256.pub
1,user02_ecdsa_384-cert.pub
1,tk.pub
1,0xDB2B3B9D760BB820.pub
1,akka-cluster-ro.pub
1,Guess_the_Number_PYTHON.pub
1,mholford-id_rsa.pub
1,id_rsa.minicf.pub
1,drive-ncl.switch.ch_sync_root.pub
1,latest.pub
1,id2_rsa.pub
1,key-rsa-encrypted.pub
1,mininet_rsa.pub
1,peer0.pub
1,peer3.pub
1,logger.pub
1,ssh_root.pub
1,kayntikokrtti.pub
1,kamil-borkowski.pub
1,wmaciejak.pub
1,docker.pem.pub
1,bayfront.guixsd.org.pub
1,config_rsa.pub
1,key_a.pub
1,sasl.pub
1,wriaki.pub
1,exo.pub
1,giza.pub
1,locks.pub
1,emdns.pub
1,edoop.pub
1,conc.pub
1,extremeforge.pub
1,mochikit.pub
1,esense.pub
1,ubf.pub
1,storerl.pub
1,lightwave.pub
1,elixir.pub
1,emock.pub
1,bdl+inteldfp.pub
1,SIGNING_KEYS.pub
1,stanley_rsa.pub
1,tim.pub
1,Protocol.pub
1,BindingImplMNCCD.pub
1,christophe.pub
1,llave.pub
1,bitbucket.org.pub
1,usign.key1.pub
1,usign-turris.key.pub
1,usign.key2.pub
1,crossbar-17-5.pub
1,alexey.pub
1,id_ed25519.raspberrypi.pub
1,rocket_rsa.pub
1,id_rsa_unencrypted.pub
1,lilik_ca_v1.pub
1,customer_1@example.com.pub
1,report.pub
1,aptly-master-key.pub
1,sample_key.rsa.pub
1,new-dsa-nopsw.key.pub
1,ecdsa-user.key.pub
1,id_rsa_harrison.pub
1,id_rsa_b.pub
1,hastads.pub
1,www.tomtalk.net[42.121.108.182]99.pub
1,gasi-macbook-pro-2018.id_rsa.pub
1,master-minion.pub
1,zrthstr.pub
1,plc.pub
1,tictactoe.pub
1,mugwump.pub
1,taws3.pub
1,github.ssh.pub
1,id_rsa_ironkey_emergency.pub
1,openshift.pub
1,alice_31.pub
1,bob_31.pub
1,eve_5.pub
1,openbsd-58-base.pub
1,openbsd-60-pkg.pub
1,id_rsa-test.pub
1,sparkMaster.pub
1,packerKey.pub
1,xmssmt_sha2_60_6_256.key.pub
1,xmssmt_sha2_20_2_256.key.pub
1,hss_20.4_20.4.pub
1,xmssmt_sha2_40_2_256.key.pub
1,kumar123.pub
1,ssh_host_rsa_key-cert.pub
1,user02_rsa_sha2_512_4096-cert.pub
1,user02_ecdsa_256.pub
1,hapil.pub
1,shippable.pub
1,Judas.pub
1,ed25519_sk1-cert.pub
1,smartthings_rsa.pub
1,Intralattice-UserDocs.pub
1,jonleighton.pub
1,MJD M1.pub
1,flyer.pub
1,id_rsa_lappy.pub
1,whuesken.pub
1,Alec Snyder.pub
1,c1240596-eucalyptus-release-key.pub
1,.travis-deploy.pub
1,child-cert.pub
1,chxysj.pub
1,antanina-reznikava.pub
1,darilla.pub
1,IsimD.pub
1,pkg.millipede.io.pub
1,erltunnel.pub
1,amf.pub
1,jobqueue.pub
1,erlangopenid.pub
1,cecho.pub
1,emongo.pub
1,recless.pub
1,erlog.pub
1,riak.pub
1,boss_db.pub
1,erl2latex.pub
1,elock.pub
1,decimal.pub
1,gsms.pub
1,eplot.pub
1,eddie.pub
1,erfb.pub
1,eresye.pub
1,riak_dt.pub
1,id_rsa-host.pub
1,dockers_rsa.pub
1,map-back.pub
1,-57cfc5fa.rsa.pub
1,stephen@brennan.io.rsa.pub
1,wson-dom-connector.pub
1,OTG@KeePass.pub
1,test_dsa-cert.pub
1,sean.mcdonald.pub
1,heroku_id_rsa.pub.pub
1,com.vdesabou.spotify.mini.player.pub
1,chef-validator.pub
1,majavashakki-deployer.pub
1,handlingsplan.pub
1,woodscooter.pub
1,nope.pub
1,jenkins-slave-linux-x64-it.id_rsa.pub
1,radicchio_rsa.pub
1,rust.gpg.pub
1,jwk.pub
1,username_id_rsa.pub
1,adminkey.pub
1,cleTravis.pub
1,server-unknown.pub
1,zeekcen.pub
1,ssh05.pub
1,demo_keys.pub
1,64746e3a2f2f726f75746572322e64746e.pub
1,mintette02.pub
1,ntfk0011.id_rsa.pub
1,iainw_rsa.pub
1,buttons.pub
1,endlesstower.pub
1,4inarow.pub
1,blackbox.pub
1,Author.pub
1,bob_13.pub
1,openbsd-56-base.pub
1,sample_rsa2048.key.pub
1,git-ssh.pub
1,SystemArchitecture.pub
1,bnkbot_sshkey.pub
1,hss_5.4.pub
1,hss_10.2_10.2.pub
1,hss_20.2_5.4.pub
1,hss_10.4_10.4.pub
1,felix@locutus.pub
1,john.doe.pub
1,create.pub
1,id_rsa3.pub
1,gpg_hbadger.pub
1,hbdev.pub
1,kostyrev-fasten-macbook-pro-15.pub
1,quasar-id_rsa.pub
1,benc.pub
1,test_publickey_ssh_rsa.pub
1,Cover.pub
1,ceph_id_rsa.pub
1,com.clintonstrong.SearchTabs.pub
1,szymo.pub
1,hodak.pub
1,sqlite.pub
1,eif.pub
1,parse_trans.pub
1,erl_interface.pub
1,ec2nodefinder.pub
1,folsom_webmachine.pub
1,atomizer.pub
1,edbi.pub
1,cometd.pub
1,streams.pub
1,eiconv.pub
1,egitd.pub
1,nitrogen_core.pub
1,rivus.pub
1,erts.pub
1,inets.pub
1,ejabberd_couchdb.pub
1,erlware_commons.pub
1,edhcp.pub
1,skerl.pub
1,canopen.pub
1,rebar_vsn_plugin.pub
1,geocouch.pub
1,crypto.pub
1,torrenterl.pub
1,erlctl.pub
1,msblob.pub
1,aions.pub
1,ned.pub
1,id_rsa_testhost_password_unknown.pub
1,dnoland.com.ssh.ca.user.pub
1,Blizzard_TimeManager.pub
1,810060A_ProductBrochure.pub
1,crossbar-17-1.pub
1,id_ecdsa_384_pem_signed_by_rsa-cert.pub
1,ccc.id_rsa.pub
1,heroku_id_rsa.pub
1,k9ejofzy9uhs8wgp.pub
1,jwt-key.pub
1,autograph_apk.pub
1,bullshit.pub
1,id_rsa.backup.pub
1,gce-qoriolabsdev.pub
1,mgarcia_atlantux.pub
1,winion1.pub
1,birdville_rsa.pub
1,bar@example.com.pub
1,travis_ci_rsa.pub
1,ppkey.pub
1,client.pubkey.pub
1,sara_ssh_key.pub
1,rsa-sha512-user.key.pub
1,ed25519-ca.key.pub
1,rsa-sha256-user.key-cert.pub
1,kepernyokep.pub
1,RSA_2240_CAST5_SHA1_45678.pub
1,lucasprimes.pub
1,pastctfprimes.pub
1,tingbot.key.pub
1,greg.pub
1,fionabianchi-melman.pub
1,usgelxlog01.id_rsa.pub
1,ntfk0006.id_rsa.pub
1,hw_key_c.pub
1,sc8951.pub
1,numbrixgenerator.pub
1,bad_key.pub
1,temp_rsa.pub
1,exagrid-cve-2016-1561.pub
1,eve_3.pub
1,spathical.pub
1,sample_ecdsa384.key.pub
1,VMWARE-PACKAGING-GPG-DSA-KEY.pub
1,cfo.cato.pub
1,sabae_rsa.pub
1,rsa_jwt.pub
1,unsafe_rsa.pub
1,remote.pub
1,hss_10.4_10.4_10.4_10.4.pub
1,hss_20.4_20.4_20.4.pub
1,user_key.pub
1,user01_ecdsa_521-cert.pub
1,A1 ALL BLUE.pub
1,Hopac.snk.pub
1,LongGitHubMacSSHKey.pub
1,right.pub
1,VF_Brochure.pub
1,paulrouget.pub
1,allclear_id_rsa.pub
1,drive.switch.ch_nfs_root.pub
1,Gitkey.pub
1,bos+stdhdrs.pub
1,uskg_rsa.pub
1,jwtRS256-test.key.pub
1,test4.pub
1,Testing.pub
1,dummy_rsa_encrypted.pub
1,shared-instance-key.pub
1,gpg.playtika.pub
1,beavy_deploy.pub
1,test-signing-key.pub
1,exmlrpc.pub
1,edtk.pub
1,et.pub
1,dbus.pub
1,jiffy.pub
1,proper.pub
1,gen_icmp.pub
1,hibari.pub
1,uuid.pub
1,mbrain.pub
1,gen_nb_server.pub
1,errd.pub
1,misultin.pub
1,diameter.pub
1,sockjs.pub
1,erlydns.pub
1,ado_deploy_rsa.pub
1,Poster.pub
1,fedora-srv-id_rsa.pub
1,ecdsa_key.pub
1,mtier-57-pkg.pub
1,lightmonitor_dsa.pub
1,fake-promise.pub
1,sinnoh.pub
1,gitsubkey.pub
1,dnoland.com.ssh.ca.pub
1,Blizzard_GMChatUI.pub
1,bpc.pub
1,ed25519_aes128cbc.pem.pub
1,phenixrun_keys.pub
1,unsafe-keypair.pub
1,3p9xd698fj2nk2zz.pub
1,magden.pub
1,lilik_ca_x1.pub
1,898350249000232.pub
1,sham-ssh-id-dsa.pub
1,siapmar2.pub
1,merlijn.pub
1,tweekgit.pub
1,zabbix.id_rsa.pub
1,hubcentral.pub
1,virsh.pub
1,rsa@localhost.pub
1,id_rsa_tpasi.pub
1,SIGNING_KEY_ID.pub
1,sharelatex-security.pub
1,build-key.pem.pub
1,pxc_id_rsa.pub
1,tachyon.pub
1,ecdsa_256.pub
1,car3.pub
1,rsa_zx.pub
1,a1b2c3d4.pub
1,dummykey.pub
1,snake.pub
1,robotfindskitten.pub
1,breakoutthing.pub
1,unit_test_key.pub
1,provy-e2e-key.pub
1,waywardgeek_521.pub
1,front-view_battleofRotterdam.pub
1,DemoServer.pub
1,xauth_test.rsa.pub
1,hss_10.4_5.2.pub
1,hss_20.2.pub
1,user02_rsa_sha2_256_2048-cert.pub
1,user02_ecdsa_521.pub
1,id_rsa_development.pub
1,slang.id_rsa.pub
1,ssh_host_rsa1536_key.pub
1,privatekey.pem.pub
1,yubikey-3020561.pub
1,Simon.pub
1,drive-nc.switch.ch_nfs_root.pub
1,aubit.pub
1,my.pub
1,xbmc_rsa.pub
1,com.drive.azai91.pub
1,ahmad.pub
1,min1.pub
1,ec2-ssh-key.pub
1,brtkeee.pub
1,kapone89.pub
1,pawelkociubinski.pub
1,bosch-deploy.pub
1,hamza.pub
1,VersionHelpers.pub
1,nova_key.pub
1,not_a_real_key.pub
1,erlymock.pub
1,uart.pub
1,gen_json.pub
1,erlfs.pub
1,flake.pub
1,can.pub
1,qc.pub
1,saserl.pub
1,riak-erlang-http-client.pub
1,estatsd.pub
1,sqlite3.pub
1,parsetools.pub
1,erlrrd.pub
1,otp-geocoder.pub
1,erldir.pub
1,snmp.pub
1,birt.pub
1,ganwell@fangorn.ch-586e46c9.rsa.pub
1,admin_blumenplace_io.pub
1,aharper@lymingtonprecision.co.uk.pub
1,test_rimu_id_rsa.pub
1,server-key.pub
1,xblau.pub
1,pgpsubkey.pub
1,crossbar-17-8.pub
1,CA_rsa.pem.pub
1,barney_rsa.pub
1,id_ed25519.ghosttrap.pub
1,precinct1.pub
1,govuk_frontend_toolkit_push.pub
1,aaronsilber.pub
1,id_rsa_tester.pub
1,fermat_rsa.pub
1,idrc-provisioning.pub
1,id_rsa_1.pub
1,new-ed25519-psw.key.pub
1,mima.pub
1,jira-key.pub
1,ckti-ssh.pub
1,id_demo.pub
1,jenkins_buildslaves.id_rsa.pub
1,noveltyprimes.pub
1,sebastian.pub
1,container.key.pub
1,frdeso.pub
1,vm-bridge-key.pub
1,flugel-do.pub
1,nibbles.pub
1,domain.tld.pub
1,weakgame.pub
1,giit.pub
1,eve_107.pub
1,zhuichen.pub
1,openbsd-60-fw.pub
1,id_rsa_v2.pub
1,pingpp.pub
1,dunstrc.pub
1,hostkey_ecdsa-sha2-nistp256.pub
1,MinderaAlicerceRootCA.pub
1,user01_ed25519.pub
1,id_rsa_anarchia.pub
1,rsa_1_sha512-cert.pub
1,ed25519_openssh.pub
1,domfi.pub
1,max.id_rsa.pub
1,commons.pub
1,drive.switch.ch_sync_root.pub
1,test3.pub
1,i4vezs-deploy.pub
1,id_rsa_sfotiadis.pub
1,ajanis.pub
1,tglenn.pub
1,blueent_id_rsa.pub
1,rinstall.pub
1,revoked.key@canonical.com.pub
1,foo.bar@canonical.com.pub
1,asciiedoc.pub
1,hanoidb.pub
1,tiny_pq.pub
1,schemafinder.pub
1,erlview.pub
1,basho_bench.pub
1,pkt.pub
1,erls3.pub
1,jsx.pub
1,statman.pub
1,erlmarkdown.pub
1,riak_kv.pub
1,erlaws.pub
1,lua.pub
1,gen_smtp.pub
1,acme-rsa-key.pub
1,AmplifiedFMTuner.pub
1,main_noborder.pub
1,PartnerKindComponent.pub
1,VS-project.pub
1,apikey.pub
1,Blizzard_ArenaUI.pub
1,test2_dsa.pub
1,id_ecdsa_256_pem_signed_by_ecdsa.pub
1,unidata_provisioner_id_rsa.pub
1,private_id_ed25519.pub
1,molly.waggett.pub
1,nitya-id_rsa.pub
1,id_rsa.workstation.pub
1,wolph.unit-converter.pub
1,id_rsa.amontest.pub
1,Imprimer_sur_post-it_large.pub
1,lenovo.pub
1,IronFoundry.pub
1,tvd.pub
1,dockerkey.pub
1,id_rsa_4.pub
1,rsa-sha256-ca.key.pub
1,new_id_rsa.pub
1,SSHbrsapp.txt.pub
1,inactive.pub
1,Large.pub
1,etcd-key.pub
1,key1_rsa.pub
1,64746e3a2f2f726f75746572372e64746e.pub
1,matus.pub
1,webvirtcloud_rsa.pub
1,letmein.pub
1,thumbnail-carousel-ssh.pub
1,car5.pub
1,invalid_token_key.pub
1,baddie.pub
1,enpicting.pub
1,jumpingballs.pub
1,id_g5k_rsa.pub
1,brewkettle.pub
1,key.rsa.pub
1,ubp.pub
1,xmssmt_sha2_20_4_256.key.pub
1,hss_10.4_20.2.pub
1,dns.rsa.pub
1,user02_ecdsa_521-cert.pub
1,google-chrome-apt-key.pub
1,rsa_1_sha1.pub
1,instance.key.pub
1,istio-key.pub
1,sheydari-id_rsa.pub
1,node11-service.pub
1,willifehler.pub
1,cernvm-devel.cern.ch.pub
1,jmcgrady_vbuntu.pub
1,bos+stdhdrs.oss_alternative.pub
1,dork.pub
1,backups.pub
1,kubernetes_rsa.pub
1,.example_passwordless_key_rsa.pub
1,arichards.pub
1,profile-server.pub
1,no-extensions.pub
1,flexiant_rsa.pub
1,freakone.pub
1,mikizz.pub
1,kociubinski.pub
1,RadoMark.pub
1,frizi.pub
1,ek.pub
1,jenkins-admin.pub
1,hans@eds.org_00aa5556.pub
1,lhcb.night.pub
1,new.pub
1,procket.pub
1,piface.pub
1,erlweb.pub
1,epcap.pub
1,merge_index.pub
1,erlmongo.pub
1,sfmt.pub
1,sherl.pub
1,setup.pub
1,mochevent.pub
1,amp.pub
1,brim.pub
1,erb.pub
1,webmachine.pub
1,F.I.M.P Plac Card.pub
1,fr.vidaljulien.jekinshelper.pub
1,papicafe.pub
1,portadaMiguel.pub
1,gerrit-admin.pub
1,publickey_TT.pub
1,continuous-updates.pub
1,generic-vbox-dev-login.pub
1,id_rsa_client.pub
1,Blizzard_BarbershopUI.pub
1,known_hosts.pub
1,travis_hlrdesk.pub
1,id_ecdsa_521_rfc4716_signed_by_rsa.pub
1,ssh_host_rsa_2048_key-cert.pub
1,maggie.pub
1,arpsec02.ca.sarp.pub
1,tekops_key.pub
1,com.gilbarbara.mdn-search.pub
1,minion1.example.com.pub
1,person3.pub
1,salt-master.id_rsa.pub
1,EasyPost.pub
1,898350249000242.pub
1,numpy.pub
1,dsatest.pub
1,min_id_rsa.pub
1,id_rsa_a.pub
1,newrdo1.id_dsa.pub
1,planetlab-key.pub
1,robin.pub
1,ssheepdog.pub
1,ciarankelly.pub
1,rsa2048.pub
1,ssh02.pub
1,william.pub
1,ntfk0008.id_rsa.pub
1,hw_key_b.pub
1,gary_rsa.pub
1,flexpart.pub
1,chuckaluck.pub
1,trap.pub
1,bob_7.pub
1,500Folhas.pub
1,sleek.pub
1,sentinel.pub
1,silpion_id_rsa.pub
1,mazda-ssh.pub
1,xmss_sha2_16_256.key.pub
1,favorshare.pub
1,hostkey_ecdsa-sha2-nistp256_another.pub
1,id_ed25519-passphrase.pub
1,user_ecdsa_521.pub
1,user_rsa_sha2_256_4096-cert.pub
1,shh_key.pub
1,elasticsearch-apt.pub
1,Laudes Jueves Santo 11.pub
1,dry-dock_rsa.pub
1,kopnutridigitalocean.pub
1,mesh.pub
1,team@nb.gallery-58b78c95.rsa.pub
1,carlosgaldino.emoji-codes.pub
1,ops-jenkins-nuodb-slave-key.pub
1,Anniversary.pub
1,webui_master.pub
1,testserver.pub
1,szymonograbek.pub
1,tobiaszwaszak.pub
1,monttda.pub
1,lockdown_rsa.pub
1,ftpmaster@canonical.com.pub
1,sign.only@canonical.com.pub
1,sext.pub
1,dns_erlang.pub
1,mochicow.pub
1,erlsha2.pub
1,snappy-erlang-nif.pub
1,erlangit.pub
1,cosNotification.pub
1,asn1.pub
1,ux.pub
1,syslognif.pub
1,ansible.pub
1,known_ed25519.pub
1,id_rsa_withpass.pub
1,id_rsa_gitolite.pub
1,Datapath.pub
1,copilot-chatbot-public-keys.pub
1,signed_key_rsa-cert.pub
1,gulp-query-selector.pub
1,crossbar-17-9.pub
1,ed25519_aes256cbc.pem.pub
1,ssh_host_ecdsa_521_key.pub
1,testers.pub
1,mybox.pub
1,chris-id_rsa.pub
1,LienA_client_pubkey.pub
1,blackcomb.pub
1,derek.key.pub
1,Imprimer_sur_post-it.pub
1,oauth2_server_key.pub
1,recently-developer-signed.pub
1,gauravmm_yk.pub
1,de.honma.sticky.pub
1,aorth-thinkpad2-ed25519.pub
1,crystal-rpm.gpg.pub
1,githubssh.pub
1,minion0.pub
1,Ncs.pub
1,pub.pub
1,cf1.pub
1,mersenne.pub
1,mintette00.pub
1,ssh-rsa-2048.pub
1,danil@h9.kutkevich.org.pub
1,vps05.id_rsa.pub
1,raspberrypi101.id_rsa.pub
1,ruser.pub
1,F.I.M.P Plaque Card.pub
1,ruler.pub
1,donatello.pub
1,keys.txt.pub
1,id_rsa_drogon.pub
1,bob_107.pub
1,openbsd-56-pkg.pub
1,openbsd-58-pkg.pub
1,test_proxy_server_rsa.pub
1,python-manta-test.pub
1,dropbear_ecdsa_host_key.pub
1,ls.pub
1,hss_5.4_20.2.pub
1,hss_5.2_20.4.pub
1,DigiCertGlobalRootG2.pub
1,Xu123tong.pub
1,user02_rsa_sha2_512_2048.pub
1,user02_rsa_sha2_512_4096.pub
1,ssh_host_rsa_key_sha1-cert.pub
1,kev.pub
1,id_dsa-cert.pub
1,ssh_host_rsa2048_key.pub
1,affy-slave1.pub
1,Ghost_Game_PYTHON.pub
1,iij_rsa.pub
1,nmccormick-id_rsa.pub
1,xianny-id_rsa.pub
1,nova-compute.id_rsa.pub
1,drive-nc.switch.ch_sync_root.pub
1,drive.switch.ch_db_root.pub
1,cernvm-slc4.cern.ch.pub
1,gpg-1v3.pub
1,AlignedAWSKey.pem.pub
1,raenok.pub
1,adoptopenjdk.pub
1,xunil.key.pub
1,mkruszyk.pub
1,michal-januszkiewicz.pub
1,bitseed-jay.pub
1,expired.key@canonical.com.pub
1,riak_err.pub
1,twerl.pub
1,afunix.pub
1,udpts.pub
1,eogone.pub
1,exmpp.pub
1,irc-bot.pub
1,iserve.pub
1,gen_tracker.pub
1,merle.pub
1,erlsdb.pub
1,tracerl.pub
1,itty.pub
1,stoplight.pub
1,recon.pub
1,rabbithub.pub
1,mongodb.pub
1,leex.pub
1,annotations.pub
1,sheriff.pub
1,ChicagoBoss.pub
1,backuppc.pub
1,foreman-proxy.pub
1,Parts Crib Database Group Placard.pub
1,map-front.pub
1,jenkins_lightbend_chara.pub
1,kyle.pub
1,global.pub
1,id_rsa_testhost_can_not_read.pub
1,aono-console-handler.pub
1,test.nopass.pub
1,salt-ssh.rsa.pub
1,ratslam.pub
1,2013-03-09 22h39.key.pub
1,raunaqgupta.pub
1,com.palm.downloadmanager.service.pub
1,id_rsa-centrallog.pub
1,kargo-test.pub
1,sita5.pub
1,openssl_chaetsheet_A3.pub
1,exampleUser01_id_rsa.pub
1,cran2.pub
1,cert-ecc521.pub
1,id-local-ansible.rsa.pub
1,ghost.pub
1,Placard_-_JohnsonRaphaelAdrian.pub
1,requests.pub
1,crystal-apt.gpg.pub
1,insecure-key.pub
1,devhong.pub
1,ed25519-user.key-cert.pub
1,AWSMarketplace.pub
1,RSA_2048_CAST5_SHA1_65536.pub
1,bus01.pub
1,gitlabci_key.pub
1,transferwise.webhook.sandbox.pub
1,fail2-noobernities.ssh.pub
1,gitgoddystyle.pub
1,smallfraction.pub
1,bismark_key.pub
1,gasi-macbook-pro-2014.id_rsa.pub
1,free_rsa.pub
1,govuk_frontend_toolkit_npm_push.pub
1,saml.pub
1,rsa_psi.pub
1,vagrant_id_rsa.pub
1,taws1.pub
1,truegod.pub
1,domain.tld.invalid.pub
1,alice_3.pub
1,bob_127.pub
1,openbsd-59-pkg.pub
1,id_rsa-test2.pub
1,ocp-handson.pub
1,Diploma.pub
1,bitbucket_rsa.pub
1,arch_workshop_flyer.pub
1,user01_ecdsa_256-cert.pub
1,id_ecdsa_sk-cert.pub
1,keygitmarco.pub
1,id_swarm.pub
1,service_instance_ca.pub
1,t1.pub
1,cernvm-slc5.cern.ch.pub
1,Code Card 5.pub
1,zynthian.pub
1,Parking Pages Design.pub
1,cron.pub
1,cloudcomputing.key.pub
1,meme1.pub
1,dsa-cert.pub
1,Julkaisu2.pub
1,yatou.pub
1,eopenid.pub
1,cferl.pub
1,etap.pub
1,resource.pub
1,bear.pub
1,ustring.pub
1,epubnub.pub
1,tcerl.pub
1,hamcrest.pub
1,http.pub
1,rabbitmq-management.pub
1,erlang_couchdb.pub
1,erlhive.pub
1,g3mails.pub
1,mysql-client.pub
1,p1_yaml.pub
1,raytracer.pub
1,yatsy.pub
1,tinymq.pub
1,indycast.pub
1,air.pub
1,davidf.pub
1,han.pub
1,appendix.A.1.3.pub
1,circle-deploy.pub
1,Blizzard_DebugTools.pub
1,elabman_dsa.pub
1,identity.newnode.pub
1,crossbar-17-4.pub
1,ed25519_protected.pub
1,id_rsa_2048_rfc4716_signed_by_rsa.pub
1,id_ecdsa_384_pem_signed_by_ed25519.pub
1,lan1kgtd6o9ev3z5.pub
1,Bigdatakey.txt.pub
1,ziis.pub
1,test_key.bad.pub
1,ringtail_git.pub
1,test_rsa0.pub
1,renewsorensen.pub
1,nick_ssh_key.pub
1,anony-unic_rsa.pub
1,securedrop_test.pub
1,user_3.pub
1,factordb.pub
1,64746e3a2f2f726f75746572352e64746e.pub
1,key-example-walter-dsa-elgamal.pub
1,hostKey.pub
1,ecdsa_521.pub
1,cfengine.pub
1,company.pub
1,viciouscircles.pub
1,vb_key.pub
1,id_rsa_eshcharc.pub
1,application diagram.pub
1,ERMEYERS2005.pub
1,key_id_dsa_valid.pub
1,hss_10.4_20.4.pub
1,ienze.pub
1,id_pp_dsa.pub
1,AmazonRootCA3.pub
1,ca_ecdsa_256.pub
1,GitHub_overview_branches.pub
1,id_rsa_fantasyhubber.pub
1,bsl+bslhdrs.oss_alternative.pub
1,Code Card 3.pub
1,qagroup_lex3.pub
1,root_ssh_key.pub
1,autossh.pub
1,awde123.pub
1,peer2.pub
1,pwd-cert.pub
1,ecc.pub
1,profile-enduser.pub
1,kayntikortti.pub
1,KamilTarczynski.pub
1,poc-ctl0.id_rsa.pub
1,snakeoil.pub
1,daniel.silverstone@canonical.com.pub
1,erlami.pub
1,erlang_ale.pub
1,lets.pub
1,poolboy.pub
1,rabbit_common.pub
1,ehttph.pub
1,eastrisk.pub
1,oauth2.pub
1,entop.pub
1,kvlists.pub
1,piqi-erlang.pub
1,berkshelf.pem.pub
1,jenkins-ci.org.gpg.pub
1,LinqCache.pub
1,modulus-notifier.pub
1,residentevil4.pub
1,travis-key.pub
1,aono.pub
1,alcatel.pub
1,user001.pub
1,id_ecdsa_521_pem_signed_by_ecdsa.pub
1,ssh_host_ed25519_384_key.pub
1,users_rsa_ca.pub
1,jiar.pub
1,quantum2.pub
1,updateRdfKeyFile.pub
1,ca.sarp.pub
1,arpsec04.sarp.pub
1,id_rsaGH.pub
1,Fall 2007 Poster.pub
1,osdial-support.pub
1,new-ed25519-nopsw.key-cert.pub
1,ecdsa-user.key-cert.pub
1,new-rsa-psw.key.pub
1,ec-p256.pub
1,dreamhost.pub
1,newrdo2.id_dsa.pub
1,ENCRYPTING_KEY_ID.pub
1,wouser-ssh-key.pub
1,Generic.id_dsa.pub
1,64746e3a2f2f726f75746572342e64746e.pub
1,mintette08.pub
1,id_rsa_768.pub
1,4.pub
1,githubjose.pub
1,manfred.pub
1,ecdsa_384.pub
1,skout.pub
1,lukm-58a1cdf7.rsa.pub
1,t2%2dkeymaster%2drelease%2d10.pub
1,luna.pub
1,underover.pub
1,wumpus.pub
1,id_rsa_velocix.pub
1,com.ryanblock.fantastical.alias.pub
1,bob_89.pub
1,bob_3.pub
1,secret.pub
1,frey-digitalocean.pub
1,the_key.pub
1,hss_20.2_20.2.pub
1,musu_pasaulis.pub
1,user_rsa_sha2_512_4096-cert.pub
1,mips_platebnibrana.csob.cz.pub
1,_rsa.pub
1,rsa_default.pub
1,kye.pub
1,tal.pub
1,test.pem.pub
1,maintainer.pub
1,-58231917.rsa.pub
1,team@jupyter.gallery-576b3ab3.rsa.pub
1,figure.pub
1,dewey-mobile2.pub
1,vdn_rsa.pub
1,miranova.pub
1,robert1.pub
1,root-cert.pub
1,krig.pub
1,victor.miraldo-at-tweag.gpg.pub
1,valmis.pub
1,naku-i386.pub
1,machiaweliczny.pub
1,piotrczarny.pub
1,foo.bar@canonical.com-passwordless.pub
1,test@canonical.com.pub
1,epam.pub
1,effigy.pub
1,logging_api.pub
1,basho_stats.pub
1,gun.pub
1,ejpet.pub
1,NGerlguten.pub
1,eindexer.pub
1,mnesiaex.pub
1,eunit.pub
1,exometer.pub
1,uchiha.pub
1,unknown_ed25519.pub
1,utmfw-71.pub
1,id_ed25519_bharat.pub
1,id_secp256k1.pub
1,ed25519_key.pub
1,cygwin-old.pub
1,webpack-external-react.pub
1,xiaomi.pub
1,ssh_host_ecdsa_256_key.pub
1,proxy_rsa.pub
1,BackupESSBindKey.pub
1,nathanael.pub
1,kybyzdotcom.pub
1,12-11.pub
1,universalkey.pub
1,rc.local.pub
1,exampleUser04_id_rsa.pub
1,publisherTest.pub
1,darren.pub
1,id_rsa_pem.pub
1,development+root.key.pub
1,bob.key.pub
1,repo.key.pub
1,ansible_test.pub
1,ec2.pub
1,dledyard.pub
1,kostko.pub
1,irontet-pub-key.pub
1,pg_id_rsa.pub
1,bad_credentials.pub
1,sign.pub
1,chefkey.pub
1,devops-2.0.pub
1,kc4zvw-signify.pub
1,rsa-260.pub
1,Generic.id_rsa.pub
1,id_rsa_hshp.pub
1,stanley.pub
1,david.id_rsa.pub
1,core_os.pub
1,rc130862k.pub
1,startrek.pub
1,cryptrover.pub
1,ecdsa384.pub
1,identity-proxy.pub
1,id_bitbucket_rsa.pub
1,alice_17.pub
1,eve_13.pub
1,pgpkey.pub
1,    .pub
1,id_pass_rsa.pub
1,working in reda pos application.pub
1,my_id_rsa.pub
1,hss_10.2_20.2.pub
1,hss_10.4_10.4_10.4_10.4_10.4_10.4.pub
1,hss_10.2_5.2.pub
1,hostkey_ssh-rsa.pub
1,357724264@qq.com-ssh.pub
1,user01_rsa_sha2_512_4096.pub
1,example-ca.pub
1,user02_rsa_sha2_512_2048-cert.pub
1,user_ecdsa_256.pub
1,user01_ed25519-cert.pub
1,ca_rsa2_512.pub
1,dandelo.pub
1,ssh.proxy.rsa.pub
1,redhat-rsa.pub
1,Tell_me_your_name_PYTHON.pub
1,btc.pub
1,ldaptest.admin.id_rsa.pub
1,jenkins-id_rsa.pub
1,drive-nc.switch.ch_lb_root.pub
1,dinesh.pub
1,test_publickey_ssh_dsa.pub
1,Code Card 8.pub
1,Code Card 2.pub
1,alipay_rsa.pub
1,com.tedwise.menubarsearch.pub
1,sulasen.pub
1,aolla.pub
1,docker_vm.pub
1,cloop-signing-key.gpg.pub
1,Zip753.pub
1,jwm0.pub
1,komu.pub
1,id_rsa_test_plain.pub
1,fuserlproc.pub
1,piqi-rpc.pub
1,goldrush.pub
1,heman.pub
1,smpp34.pub
1,cosEvent.pub
1,dthread.pub
1,framewerk.pub
1,cache_tab.pub
1,erlydtl.pub
1,rabbitmq-ha.pub
1,redis-erl.pub
1,riak_sysmon.pub
1,test_ssh_key.pub
1,sides.pub
1,ASC Parent Information.pub
1,personal_servers.pub
1,osejenkins.pub
1,private.pem.pub
1,aono-file-handler.pub
1,bobz.id_rsa.pub
1,root@PK-HP450G3.pub
1,zqisu45xm863s331.pub
1,anurag.pub
1,id_rsa.diagon-alley.pub
1,rsykeyforstockeyr.pub
1,id_rsa.vagrant.support.pub
1,net.deanishe.alfred-pwgen.pub
1,appveyor_deploykey.pub
1,pushcoin_rsa.pub
1,test_rsa3.pub
1,id_mcaj.pub
1,nginx.pub
1,jwttest_rsa.pub
1,libsodium.gpg.pub
1,freeipa_pr_ci.pub
1,codeship.pub
1,mintette05.pub
1,mintette03.pub
1,id_rsa.home.pub
1,nils.id_rsa.pub
1,gp_rsa.pub
1,car4.pub
1,ls-2.pub
1,hisdarkmajesty.pub
1,depicter.pub
1,rabshakeh.pub
1,vagrant-insecure-key.pub
1,e-puck cap.pub
1,eve_61.pub
1,1234.pub
1,sample_rsa1024.key.pub
1,test-server-key.pub
1,test@test.pub
1,thoughtlinq.pub
1,xmssmt_sha2_40_8_256.key.pub
1,hss_20.4_10.2.pub
1,hss_20.2_10.4.pub
1,lxc_updates.pub
1,deployment_key_rsa.pub
1,user01_rsa_sha2_512_4096-cert.pub
1,user01_ecdsa_384-cert.pub
1,ecdsa_sk.pub
1,rsa_demo.pub
1,antonelli-work.id_rsa.pub
1,wppstart_heroku.rsa.pub
1,somesshkey.pub
1,jlempereur.pub
1,kostyrev-fasten.pub
1,kostyrev.pub
1,backuppc_ssh-cert.pub
1,jmeridth@id_rsa.pub
1,jli-id_rsa.pub
1,htk.pub
1,testServer.pub
1,github_rsa.pub.pub
1,guilhem.pub
1,mytestkeys.pub
1,peer4.pub
1,pwd.pub
1,child.pub
1,cosign-test.pub
1,baniak66.pub
1,metrox.pub
1,gpg-sig.pub
1,mySSHKey.pub
1,openpocker.pub
1,ic.pub
1,proper_stdlib.pub
1,elogger.pub
1,eamf.pub
1,simple_bridge.pub
1,leptus.pub
1,epgsql.pub
1,otp.pub
1,observer.pub
1,ranch.pub
1,nprocreg.pub
1,erlbench.pub
1,edate.pub
1,rison.pub
1,esyslog.pub
1,etorrent.pub
1,aws_messaging.pub
1,test_pubkey.pub
1,spatula-integration.pub
1,sshkeygen_key.pub
1,Instruction Bitmap.pub
1,id-dsa.pub
1,Sabayon-Fujitsu.pub
1,bewest.pub
1,Blizzard_CombatLog.pub
1,testkey_ed25519.pub
1,id_rsa_fundmall.pub
1,sankar.pub
1,windows@PK-HP450G3.pub
1,petr@PK-HP450G3.pub
1,cardno:000605580044.pub
1,pubnew.pub
1,poison_key.pub
1,adam.bottchen.pub
1,id_ed25519_password.pub
1,autograph_mar.pub
1,fred_dsa.pub
1,anterin.pub
1,insecure-vagrant.pub
1,cran1.pub
1,FancyPoster.pub
1,simonvc.pub
1,invalid.key.pub
1,operador.pub
1,saudi.pub
1,turtl.gpg.pub
1,home-rsa.pub
1,id_rsa_denton.pub
1,id_cluster.pub
1,decrypt.pub
1,misa.pub
1,1337prime.pub
1,serverkey.pub
1,dockable.pub
1,base.pub
1,common_lib.pub
1,minion02.pub
1,exploid-keyring-with-dupe-keys.pub
1,id_rsa_jim.pub
1,ecall.pub
1,key-example-walter-rsa-rsa.pub
1,rr.rossmann@me.com.pub
1,pc-1.pub
1,furhunter.pub
1,horde.pub
1,corral.pub
1,playoffsoccer.pub
1,hangman.pub
1,shidg.pub
1,ecdsa521.pub
1,awa_test_rsa.pub
1,waywardgeek_127.pub
1,eve_127.pub
1,openbsd-55-base.pub
1,openbsd-62-pkg.pub
1,openbsd-61-syspatch.pub
1,club.pub
1,host.two.tld.rsa.pub
1,deltaFountains_draft.pub
1,self_gradebook.pub
1,hss_20.4_5.2.pub
1,hss_5.4_10.2.pub
1,hss_10.2_5.4.pub
1,hss_20.2_5.2.pub
1,xmssmt_sha2_60_3_256.key.pub
1,hss_5.2.pub
1,user02_ecdsa_256-cert.pub
1,bvkey3.pub
1,FileBot.pub
1,docker-galera-insecure-key.pub
1,id_ecdsa-cert.pub
1,trinityvm.pub
1,anmol_key.pub
1,Razer.pub
1,tester_insecure.pub
1,magento2docker.pub
1,yea.pub
1,iot_cloud.pub
1,drive-backup.switch.ch_db_root.pub
1,cd ...pub
1,id_rsa_work.pub
1,ian-mbp-2022.pub
1,Code Card 6.pub
1,Sack Lunch DVD Insert.pub
1,Code Card 7.pub
1,skynet.pub
1,gtkglarea-sharp.pub
1,travisci-rsa.pub
1,profile-ocsp.pub
1,actuator-dev-key.pub
1,gpg_key.pub
1,drozdenko.pub
1,artaiel.pub
1,ElzbietaSzulc.pub
1,EC_publicKey.pub
1,ejson.pub
1,zlib.pub
1,hurricane.pub
1,os_mon.pub
1,fuzzy_logic.pub
1,stomp.pub
1,runtime_tools.pub
1,erlescobar.pub
1,erlskel.pub
1,folsom_cowboy.pub
1,sshrpc.pub
1,rtmp.pub
1,base32_erlang.pub
1,erlirc.pub
1,gen_cluster.pub
1,zcurve.pub
1,riak_search.pub
1,esdl.pub
1,yxa.pub
1,id_rsa-virt.pub
1,testutils-20150602a.pem.pub
1,dnoland.com.ssh.ca.user-cert.pub
1,KW-zine.pub
1,pipo.pub
1,CA_ecdsa.pem.pub
1,ADCPD.pub
1,exampleUser03_id_rsa.pub
1,fmt-1511-signature-id-1882.pub
1,fvccBROCHURE 9-17-14.pub
1,id_rsa_tester.der.pub
1,id_leanpub.pub
1,Individual Waiver 2009 Spring.pub
1,aorth-hpc-ed25519.pub
1,Picture Grid.pub
1,jenida_rsa.pub
1,in-the-future-cert.pub
1,rsa-sha512-user.key-cert.pub
1,old-ecdsa-psw.key.pub
1,dsa-user.key.pub
1,rsa-sha512-ca.key.pub
1,dsa-user.key-cert.pub
1,home.pub
1,ssh-add known_hosts.pub
1,transferwise.webhook.live.pub
1,fail1-noobernities.ssh.pub
1,rsa1-public.pub
1,dkim.pub
1,williamsp1.pub
1,ssh03.pub
1,will.pub
1,devin.pub
1,IBMcloud.id_rsa.pub
1,64746e3a2f2f726f75746572332e64746e.pub
1,gasi-imac-2014.id_rsa.pub
1,torbrowser.pub
1,mintette06.pub
1,crimenmexico.pub
1,mchapman_air.pub
1,GuidGenX.pub
1,id_rsa_3072.pub
1,colorsharp.pub
1,ajth.pub
1,taws5.pub
1,letterguess.pub
1,jamban.pub
1,https-aspnet.pub
1,identity-provider.pub
1,id_rsa_bran.pub
1,bad-key.pub
1,stack_rsa.pub
1,vmkey.pub
1,github_skybnb.pub
1,brip_dev_key.pub
1,key.pem.pub
1,urls.pub
1,jordan.pub
1,vincent.key.pub
1,user02_rsa_sha2_256_2048.pub
1,user_rsa_sha2_512_4096.pub
1,dummy_user-cert.pub
1,user02_ecdsa_384.pub
1,user02_ed25519.pub
1,KeyUtilsTest-RSA-KeyPair.pub
1,[Press enter].pub
1,IN4391_rsa.pub
1,send2moran.pub
1,group_placard.pub
1,nicolasff.pub
1,eijebong.pub
1,invalid_id_rsa.pub
1,ltc.pub
1,GEN_KEYS.pub
1,nhat_rsa.pub
1,ayoub.pub
1,robot-server.pub
1,victor.miraldo-at-dfinity.gpg.pub
1,PlanDuSite.pub
1,main-2016.pub
1,mecies.pub
1,rafalrothenberger.pub
1,karolinakuzniewicz.pub
1,mgrauer.pub
1,wings.pub
1,riak_core.pub
1,cowboy.pub
1,phoebus.pub
1,erlmc.pub
1,coverize.pub
1,compiler.pub
1,icu4e.pub
1,oesb.pub
1,erlycomet.pub
1,erl_img.pub
1,erlgrind.pub
1,beamjs.pub
1,hackney.pub
1,signature_key2.pub
1,key_22_fox03.cs.utsa.edu.pub
1,bdl+decnumber.pub
1,recipe.pub
1,stefhen-rightscale.pub
1,snafu-mac-id_rsa.pub
1,ja_key.pub
1,ssh_default.pub
1,offensive.pub
1,Blizzard_GlyphUI.pub
1,aorth-rmbp-ed25519.pub
1,id_ecdsa_521_pem_signed_by_rsa.pub
1,test_ecdsa_nistp384_2.pub
1,id_ecdsa_384_rfc4716_signed_by_rsa.pub
1,id_rsa_2048_rfc4716_signed_by_ecdsa.pub
1,erict.pub
1,Recruitment-flyer-English-FINAL.pub
1,sheyd-id_rsa.pub
1,govuk_elements.pub
1,cip_git.pub
1,development+siteop.key.pub
1,lilik_ca_s1.pub
1,777290058153874.pub
1,898350249000234.pub
1,dummy_user.pub
1,vault.pub
1,test_key_rsa.pub
1,id_rsa_3.pub
1,rsuarez.pub
1,new-dsa-nopsw.key-cert.pub
1,dsa-ca.key.pub
1,id_rsa_lawrence.pub
1,key2048.pub
1,mintette07.pub
1,testBankKey.pub
1,hw_key_a.pub
1,example.id_rsa.pub
1,index.pub
1,seglo.pub
1,rsapublickey.pub
1,FIXED_Foxtrot.pub
1,rc8654.pub
1,sudokusolver.pub
1,mutantapes.pub
1,getout.pub
1,RobotEscape.pub
1,bagels.pub
1,taturana_key.pub
1,archrsa.pub
1,Quanta_LTE.pub
1,gokey.pub
1,os_course_gitlab.pub
1,poster_summative.pub
1,SpeechBuddyPlacard.pub
1,AmazonRootCA4.pub
1,user01_rsa_sha2_256_4096.pub
1,yessql.pub
1,ora.pub
1,id_ecdsa_sk.pub
1,id_ed25519_sk-cert.pub
1,platform3_key.pub
1,barman.id_rsa.pub
1,drive-stage.switch.ch_db_root.pub
1,drive-stage.switch.ch_nfs_root.pub
1,wpk.pub
1,easy.calvinneo.com.key.pub
1,deweys-s5.pub
1,apertad.pub
1,root@ocp1.dc2.crunchtools.com.pub
1,bootstrap.pub
1,vulcan_r.pub
1,eris.pub
1,v.cacciarimiraldo-at-gmail.gpg.pub
1,bartoszpietrzak.pub
1,myf9000.pub
1,olafkrawczyk.pub
1,MadMadlen.pub
1,KrzysztofLen.pub
1,zkusznir.pub
1,ak.pub
1,tsung.pub
1,inline.pub
1,geoplanet.pub
1,amnesia.pub
1,erlkm.pub
1,emysql.pub
1,estomp.pub
1,walkenfs.pub
1,ememcached.pub
1,ale.pub
1,gen_httpd.pub
1,layers.pub
1,couchbeam.pub
1,riak_control.pub
1,eadc-hub.pub
1,barrel_mochiweb.pub
1,farwest.pub
1,gen_listener_tcp.pub
1,riak_ensemble.pub
1,riak_auth_mods.pub
1,aberth.pub
1,testing.pub
1,danielk.pub
1,php-alpine.rsa.pub
1,key-1.pub
1,signed_key_ecdsa.pub
1,al.id_rsa.pub
1,Blizzard_Calendar.pub
1,paper.identity.pub
1,id_ecdsa_521_pem_signed_by_rsa-cert.pub
1,signed-cert.pub
1,id_ed25519_384_pem_signed_by_rsa.pub
1,ssh_host_ecdsa_521_key-cert.pub
1,ssh_host_ecdsa_256_key-cert.pub
1,kammounsalemgmailcom.pub
1,Presentation Board_ASCIIU.pub
1,perceus.pub
1,bob-id_rsa.pub
1,otharwa.pub
1,adgaudio_gpg_key.pub
1,lightning-questions.pub
1,cinetudo.sql.pub
1,cbcanarias.pub
1,id_sonar_rsa.pub
1,trepp_rsa.pub
1,898350249000240.pub
1,777290058110097.pub
1,anna.pub
1,austin-key.pub
1,chuck_ssh_key.pub
1,forever-cert.pub
1,vmw_prme_rsa.pub
1,id_rsa.weenas.pub
1,ed25519bis.pub
1,dsa@localhost.pub
1,ruidong8080.pub
1,64746e3a2f2f726f75746572382e64746e.pub
1,joraj.pub
1,mdesnoyers.pub
1,yourse1f-yourorg-20161031014505.pub
1,ntfk0010.id_rsa.pub
1,default_deploy_key.pub
1,sw_key_p.pub
1,mikael.pub
1,celar.pub
1,revvpn.pub
1,ola_rsa.pub
1,rc13086.pub
1,joust.pub
1,gocart.pub
1,anaconda.pub
1,aceydeucy.pub
1,3dmaze.pub
1,kl.pub
1,oceanborn2.pub
1,hduser.hdname01.mgmt.id_rsa.pub
1,bob_521.pub
1,eve_2.pub
1,encrypted_rsa_key.pub
1,openbsd-58-fw.pub
1,openbsd-62-fw.pub
1,openbsd-62-syspatch.pub
1,evil.key.pub
1,id_rsa.nopass.pub
1,fish-init.pub
1,wppstart_heroku.rsa.pub.pub
1,stub_file.pub
1,ssh_service_rsa.pub
1,jjensen-id_rsa.pub
1,rightscale_key.pub
1,id_rsa_vagrant.pub
1,drive-nc.switch.ch_db_root.pub
1,drive.switch.ch_lb_root.pub
1,void-release-20191109.pub
1,kdev-vm_user-id_rsa.pub
1,kljuc.pub
1,id_rsa_EXAMPLESERVER.pub
1,nproctor.pub
1,rdyer-lt1.pub
1,master-id_rsa.pub
1,Prexonite.pub
1,ktatomir.pub
1,Zapominacz.pub
1,artur-pietracha.pub
1,key_e.pub
1,git2consul.pub
1,cpatrick.pub
1,riak-erlang-client.pub
1,tora.pub
1,amqp_client.pub
1,erlcloud.pub
1,reltool.pub
1,cowlib.pub
1,plain_fsm.pub
1,pooler.pub
1,tools.pub
1,erms.pub
1,hipe.pub
1,appstart.pub
1,php_app.pub
1,oauth.pub
1,triq.pub
1,rosen.pub
1,signature_key1.pub
1,ca.suriar.net.pub
1,equinox.pub
1,john-work.pub
1,User Guide.pub
1,yubikey.ssh.pub
1,snafu-linux-id_rsa.pub
1,rsa_github.pub
1,uninew.pub
1,kaspervd.pub
1,machinima.sshkey.pub
1,VS-project_2.pub
1,.travis_id_rsa.pub
1,users.pub
1,sam_common.pub
1,test_ecdsa_nistp521_2.pub
1,cardno:000605249351.pub
1,node2.pub
1,com.palm.downloadmanager.json.pub
1,pkgng.example.com.pub
1,id_rsa.sharkbox.pub
1,sita1.pub
1,id_ed25519.awx.pub
1,id_rsa.firehouse.pub
1,mongo1.pub
1,mgarcia.pub
1,tvaughan.id_rsa.pub
1,winion2.pub
1,ERMEYERS2008.pub
1,zach_dsa.pub
1,sftp-key.pub
1,old.insecure_ssh_key.pub
1,testuser2.pub
1,user.gpg.pub
1,bus02.pub
1,ca-unknown.pub
1,jenkins_mender_buildslaves.id_rsa.pub
1,pollardsp1.pub
1,pproulx.pub
1,bkm.pub
1,thamilton.pub
1,id_rzik.pub
1,pi.pub
1,lifemultiplayer.pub
1,taipan.pub
1,net.pub
1,klucze.pub
1,id_rsa_brienne_rsnapshot.pub
1,openbsd-61-pkg.pub
1,openbsd-60-base.pub
1,sample_rsa1234.key.pub
1,general.disarray.pub
1,frey-openstack.pub
1,hss_10.2_20.4.pub
1,hss_10.4_5.4.pub
1,xmssmt_sha2_40_4_256.key.pub
1,hss_10.4_10.2.pub
1,user01_rsa_sha2_512_2048-cert.pub
1,cdh-key.pub
1,Maria.pub
1,multi-cloud-workshop.pub
1,affy-master.pub
1,cmissal@id_rsa.pub
1,xiefei.pub
1,ben.pub
1,bachatgat.pub
1,Code Card 4.pub
1,alt-extensions.pub
1,tractor01_1.pub
1,barbarabanaszak.pub
1,w0st.pub
1,JWTKeyExample.pub
1,celso.providelo@canonical.com.pub
1,modbus.pub
1,piqi-binary.pub
1,jsonerl.pub
1,mochiweb_otp.pub
1,rebar.pub
1,stringprep.pub
1,faucheuse.pub
1,oort.pub
1,whistle.pub
1,distel.pub
1,riak_api.pub
1,baberl.pub
1,log_roller.pub
1,etcher.pub
1,cherly.pub
1,gettext.pub
1,rfc4627.pub
1,id_rsa_medusa_user.pub
1,pem.pub
1,Minio.pub
1,apdp.pub
1,raj.pub
1,id_rsa_jit.pub
1,lolx_auth.pub
1,token.pub
1,Blizzard_ItemSocketingUI.pub
1,pi@raspberry-pi-zero-2.pub
1,scout_rsa.pub
1,wroyndwrexu6zjvj.pub
1,chris-pooh-id_rsa.pub
1,qtm.pub
1,ssh_dss_github_com.pub
1,sita2.pub
1,id_rsa.ectoplasma.pub
1,phage_authorized_keys.pub
1,user.id_rsa.pub
1,gce-qoriolabsdev-dev.pub
1,s123456.pub
1,cip_mgarcia.pub
1,bob_ssh_key.pub
1,vps_rsa.pub
1,ammon-gpg.pub
1,thetanil.pub
1,sign_key.pub
1,"""sujita"".pub"
1,aws-key.pub
1,wiener.pub
1,nodesource.pub
1,gra-01.local.id_rsa.pub
1,github.pub.pub
1,auth_jenkins.pub
1,gitkraken_rsa.pub
1,no_key.pub
1,inputrevolution.pub
1,sinewave.pub
1,snaaake.pub
1,twisty.pub
1,openbsd-55-pkg.pub
1,regresskey.pub
1,sample_ecdsa256.key.pub
1,jenkins_key.pub
1,two.pub
1,dockerTestHostSSHKey.rsa.pub
1,testSSHKey_rsa.pub
1,desktop.pub
1,server2-cert.pub
1,hss_5.2_10.2.pub
1,hostkey_ssh-dss.pub
1,user_ed25519-cert.pub
1,ca_rsa2_256.pub
1,A1 ALL BLUE1.pub
1,ed25519_sk1.pub
1,id_cpbuild.pub
1,qiwi.pub
1,deepak_key.pub
1,id_rsa.common.pub
1,mrich-id_rsa.pub
1,test2.pem.pub
1,drive.switch.ch_backup_root.pub
1,drive-ncl.switch.ch_nfs_root.pub
1,xtr_rsa.pub
1,-5823166d.rsa.pub
1,Code Card 10.pub
1,GBM stats Placard.pub
1,vulcan.pub
1,pawelrosa.pub
1,rafalskorupa.pub
1,KacperPucek.pub
1,roleme.pub
1,n.pub
1,bluexcat_id_rsa.pub
1,key_m.pub
1,erldis.pub
1,lfe.pub
1,otp_kickoff.pub
1,erlrc.pub
1,edoc.pub
1,pbkdf2.pub
1,aws_ec2.pub
1,netbit.pub
1,odbc.pub
1,ex_uri.pub
1,lz4.pub
1,innostore.pub
1,janus.pub
1,awl-gpg-auth.pub
1,Seed Germination Plaque.pub
1,PartnerKindApplication.pub
1,wopr-id_rsa.pub
1,github_rsa_key.pub
1,cpor.pub
1,jms.pub
1,mtier-56-pkg.pub
1,chat.pub
1,user001-cert.pub
1,Blizzard_AchievementUI.pub
1,aorth-noma-edd25519.pub
1,private.key.pub
1,windows@R2200G.pub
1,id_rsa_2048_pem_signed_by_rsa-cert.pub
1,victor.alvarez.pub
1,bar.id_rsa.pub
1,authKey.pub
1,sillysally_rsa.pub
1,id_rsa_sample.pub
1,other.pub
1,id_jenkins_rsa.pub
1,898319849000027.pub
1,makefile.pub
1,hussein_key.pub
1,new_for_git.pub
1,next-20-years-cert.pub
1,expired-cert.pub
1,sshkey_win.pub
1,rsa-sha1-user.key-cert.pub
1,felipe.pub
1,eb-deploy-key.pub
1,cloudkey.pub
1,joe.loughry.pub
1,pollardrhobrent.pub
1,ssh06.pub
1,blacklist.pub
1,gpgkey.pub
1,jgalar.pub
1,te-ace-02.id_rsa.pub
1,id_temp.pub
1,github-deploy.pub
1,valid_token_key.pub
1,gamersdeployer.pub
1,bombrain.pub
1,dodge.pub
1,codeblockraycaster.pub
