10,synnefo-windows.rdp
4,test_remotedesktopconnection.rdp
4,Default.rdp
3,RichClient (1).rdp
3,RichClient.rdp
3,sys.app.rdp
2,node08.rdp
2,node07.rdp
2,node14.rdp
2,node13.rdp
2,node01.rdp
2,node11.rdp
2,node16.rdp
2,trabalhoPreventiva.rdp
2,node12.rdp
2,solucao_curativa.rdp
2,appveyor-template.rdp
2,node15.rdp
2,rdConfig.rdp
2,node06.rdp
2,node10.rdp
2,node09.rdp
2,node05.rdp
2,node03.rdp
2,node02.rdp
2,default.rdp
2,node04.rdp
1,PSU Access.rdp
1,crawler_09_All_most_funded_100.rdp
1,crawler_08_Journalism.rdp
1,Server1012_1014.rdp
1,1440p.rdp
1,mLTP2.true.tax.rdp
1,52.8.207.104.rdp
1,crawler_16_All_newest_100.rdp
1,crawler_04_.rdp
1,template.rdp
1,crawler_04_Publishing.rdp
1,crawler_11_Design.rdp
1,7852-61x3gc.rdp
1,crawler_06_Comics.rdp
1,vs2015cat04.rdp
1,appveyor-connect.template.rdp
1,crawler_01_.rdp
1,crawler_02_Fashion.rdp
1,Server1011_1013.rdp
1,crawler_10_Food.rdp
1,crawler_03_.rdp
1,1080p.rdp
1,test.template.rdp
1,crawler_02_.rdp
1,RDPTemplate.rdp
1,crawler_05_Music.rdp
1,crawler_13_Games.rdp
1,haproxy.conf.rdp
1,vs2015cat02.rdp
1,mac_signature_min_max_2.template.rdp
1,crawler_01_Film & Video.rdp
1,integer-deploy.rdp
1,nginx.rdp
1,Attacker1011_1011.rdp
1,sqazsp13-01.rdp
1,vs2015cat01.rdp
1,vmware-view.rdp
1,ERP-Geotexan.rdp
1,crawler_03_Art.rdp
1,crawler_12_All_popularity_100.rdp
1,basis.rdp
1,crawler_15_Technology.rdp
1,connect.rdp
1,vs2015cat03.rdp
1,Attacker1012_1012.rdp
1,vs2015cat05.rdp
1,rdp_template.rdp
1,crawler_14_assign_to_angelcrunch.rdp
1,mac_signature_min_max_1.template.rdp
1,vdicse.rdp
1,sample.rdp
