1650,index.shtml
694,tcp.shtml
612,stats.shtml
593,exec.shtml
583,404.shtml
422,io.shtml
414,500.shtml
389,403.shtml
376,401.shtml
375,400.shtml
358,config.shtml
357,echo.shtml
354,include.shtml
352,runtime.shtml
350,flastmod.shtml
350,fsize.shtml
253,files.shtml
205,processes.shtml
155,ssi2.shtml
153,ssi1.shtml
151,ssi5.shtml
151,ssi9.shtml
151,ssi8.shtml
151,ssi7.shtml
151,ssi4.shtml
151,ssi6.shtml
151,ssi3.shtml
111,ssi.shtml
100,news1.shtml
98,_Layout.shtml
85,news2.shtml
85,status.shtml
83,footer.shtml
79,test.shtml
78,header.shtml
71,Apr25_27thAn_set1.shtml
60,exec-date.shtml
55,news3.shtml
54,opinions1.shtml
53,features1.shtml
53,opinions2.shtml
48,sensor.shtml
46,opinions3.shtml
45,features2.shtml
45,download.shtml
40,faq.shtml
39,add.shtml
38,opinion1.shtml
36,opinion2.shtml
33,opinions4.shtml
33,world1.shtml
31,frontpage2.shtml
31,news.shtml
31,frontpage1.shtml
28,features3.shtml
27,list.shtml
27,news4.shtml
26,documentation.shtml
26,sensors.shtml
24,HtmlReport.shtml
24,quickstart.shtml
24,neighbors.shtml
24,opinion3.shtml
24,process.shtml
24,sensordata.shtml
23,plugins.shtml
23,overview.shtml
23,testimonials.shtml
23,publications.shtml
22,about.shtml
22,ssi_examples.shtml
22,api.shtml
22,world2.shtml
22,registration.shtml
21,checkpoint_blcr.shtml
21,proctrack_plugins.shtml
21,schedplugins.shtml
21,qos.shtml
21,high_throughput.shtml
21,mpiplugins.shtml
21,man_index.shtml
21,slurm.shtml
21,mail.shtml
21,topology_plugin.shtml
21,quickstart_admin.shtml
21,job_exit_code.shtml
21,reservations.shtml
21,cpu_management.shtml
21,cons_res_share.shtml
21,power_save.shtml
21,meetings.shtml
21,resource_limits.shtml
21,accounting_storageplugins.shtml
21,platforms.shtml
21,maui.shtml
21,mpi_guide.shtml
21,selectplugins.shtml
21,mc_support.shtml
21,team.shtml
21,priority_multifactor.shtml
21,dist_plane.shtml
21,authplugins.shtml
21,gres_design.shtml
21,taskplugins.shtml
21,big_sys.shtml
21,multi_cluster.shtml
21,bluegene.shtml
21,cons_res.shtml
21,priority_plugins.shtml
21,moab.shtml
21,jobacct_gatherplugins.shtml
21,object.shtml
21,jobcompplugins.shtml
21,crypto_plugins.shtml
21,preemption_plugins.shtml
21,slurm_ug_agenda.shtml
21,job_launch.shtml
21,programmer_guide.shtml
21,preempt.shtml
21,gres.shtml
21,accounting.shtml
21,checkpoint_plugins.shtml
21,slurm_ug_cfp.shtml
21,topology.shtml
21,troubleshoot.shtml
21,gres_plugins.shtml
21,disclaimer.shtml
21,switchplugins.shtml
21,job_submit_plugins.shtml
21,gang_scheduling.shtml
21,cray.shtml
20,update.shtml
20,copy.shtml
20,opinions5.shtml
20,detail.shtml
20,select_design.shtml
20,ibm.shtml
19,sun_const.shtml
19,edit.shtml
18,elastic_computing.shtml
17,dynalloc.shtml
17,launch_plugins.shtml
17,priority_multifactor3.shtml
17,core_spec_plugins.shtml
17,cgroups.shtml
17,affairs1.shtml
17,job_array.shtml
17,prolog_epilog.shtml
17,core_spec.shtml
17,acct_gather_energy_plugins.shtml
17,tutorials.shtml
17,ibm-pe.shtml
17,hdf5_profile_user_guide.shtml
17,ext_sensorsplugins.shtml
17,slurmctld_plugstack.shtml
17,contributor.shtml
17,rosetta.shtml
17,job_container_plugins.shtml
17,acct_gather_profile_plugins.shtml
17,rpc.shtml
16,login.shtml
16,sched_config.shtml
16,cray_alps.shtml
16,body_end.shtml
16,head_end.shtml
16,route_plugin.shtml
15,licenses.shtml
15,fair_tree.shtml
14,Start_Preferences.shtml
14,Start_DCC.shtml
14,wckey.shtml
14,Start_DecoderPro.shtml
14,features4.shtml
14,Installing_JMRI.shtml
14,Start_DCC_Hardware.shtml
14,ajax.shtml
14,Start_DCC_Systems.shtml
13,Opinions2.shtml
13,affairs2.shtml
13,menu.shtml
13,hello.shtml
13,power_plugins.shtml
13,power_mgmt.shtml
13,502.shtml
13,504.shtml
13,burst_buffer.shtml
13,docs.shtml
13,Opinions1.shtml
12,ttt.shtml
12,head.shtml
12,navigation.shtml
12,SerialMonFrame.shtml
12,template.shtml
12,debug.shtml
12,ajaxdata.shtml
12,Names.shtml
12,503.shtml
12,action.shtml
12,NodeConfigFrame.shtml
11,Main_PRICOM.shtml
11,Comp_Motor.shtml
11,Main_GrapeVine.shtml
11,Programmer_SingleCV.shtml
11,Basic_BasicPane.shtml
11,405.shtml
11,Comp_PrintData_c.shtml
11,Comp_PrintData_a.shtml
11,Main_lightControl.shtml
11,link.shtml
11,Comp_PrintData.shtml
11,Error.shtml
11,Comp_Consist.shtml
11,Main_acela.shtml
11,manual.shtml
11,Main_OakTreeSystems.shtml
11,Comp_Setup_Roster.shtml
11,Main_QSI.shtml
11,Main_XpressNet.shtml
11,Main_TMCC.shtml
11,Main_SECSI.shtml
11,Main_CMRI.shtml
11,Comp_ManfSpecific.shtml
11,Comp_PrintData_b.shtml
11,Comp_SoundFX.shtml
11,Basic_Mode.shtml
11,Comp_Speed.shtml
11,Comp_GlobalCVs.shtml
11,Comp_Advanced.shtml
11,Comp_Speed_Talble.shtml
11,Basic_Start.shtml
11,406.shtml
11,Main_SPROG.shtml
11,Programmer_Setup.shtml
11,Main_FastClockSetup.shtml
11,Comp_LightFX.shtml
11,Main_Powerline.shtml
11,Programmer_ServiceMode.shtml
11,Comp_FMap.shtml
11,Programmer_OpsMode.shtml
11,Main_RPS.shtml
11,Adv_FunctionLabel.shtml
11,Comp_Analog.shtml
11,Main_LocoNet.shtml
11,STM32F4x7ADC.shtml
11,contact.shtml
11,Comp_SoundLevels.shtml
11,Main_EasyDCC.shtml
11,Main_NCE.shtml
11,world3.shtml
11,Comp_Basic.shtml
11,Main_Monitor_Window.shtml
11,Main_wangrow.shtml
11,Main_Zimo.shtml
10,cors.reply.shtml
10,413.shtml
10,opinions6.shtml
10,ssi_test.shtml
10,screenshots.shtml
10,slurm_ug_registration.shtml
10,STM32F4xxADC.shtml
10,Opinions3.shtml
9,news5.shtml
9,501.shtml
9,Opinions4.shtml
9,docentes.shtml
9,error.shtml
9,auspiciantes.shtml
9,UDH_article.shtml
9,bug.shtml
9,Main_Main.shtml
9,clases.shtml
9,collection.shtml
9,Main_Menu.shtml
9,usage.shtml
9,opinion4.shtml
9,apache-ge-index.shtml
9,News1.shtml
8,Programmer_Multi_Decoder.shtml
8,admin.shtml
8,SerialPacketGenFrame.shtml
8,donation.shtml
8,508.shtml
8,license.shtml
8,Main_Tool.shtml
8,applet.shtml
8,alt-template.shtml
8,sponsors.shtml
8,credit.shtml
8,lecturers.shtml
8,feature.shtml
8,bb_plugins.shtml
8,mailing.shtml
8,help.shtml
7,my_header.shtml
7,tres.shtml
7,smokesignals.shtml
7,FAQ.shtml
7,News2.shtml
7,default.shtml
7,layout.shtml
7,affairs3.shtml
7,my_footer.shtml
6,Main_RosterGroup.shtml
6,Main_ConsistControl.shtml
6,object-orig.shtml
6,Signals.shtml
6,Dcode_Testing.shtml
6,Dcode_Start.shtml
6,Main_Help.shtml
6,Main_Panels.shtml
6,Main_TurnoutControl.shtml
6,mobile.shtml
6,Main_Debug.shtml
6,dashboard.shtml
6,doc-header.shtml
6,list-upload-new.shtml
6,object2.shtml
6,Dcode_Submit.shtml
6,Main_File.shtml
6,Adv_start.shtml
6,object-link.shtml
6,Comp_FunctionLabel.shtml
6,Main_Throttle.shtml
6,410.shtml
6,doc-footer.shtml
6,Dcode_Format.shtml
6,sidebar.inc.shtml
6,home.shtml
6,geoip.shtml
6,Programmer_Start.shtml
6,Main_Roster.shtml
6,Multi_Decoder_Control.shtml
6,408.shtml
6,world4.shtml
6,edit-selector.shtml
6,priority_multifactor2.shtml
6,Main_Speeometer.shtml
6,spell.shtml
6,Adv_RosterMedia.shtml
6,mbfg_menu.shtml
6,Main_Window.shtml
6,Main_Edit.shtml
6,Main_Speedometer.shtml
5,scripts.shtml
5,search.shtml
5,Ops_AddEngine.shtml
5,Ops_Engines.shtml
5,breview2.shtml
5,Ops_ImportCarsFile.shtml
5,dp3_Main_Throttle_toolbar.shtml
5,Ops_AddYard.shtml
5,cgi.shtml
5,dp3_rosterTable.shtml
5,dp3_Main_Throttle_controlPanel.shtml
5,dp3_Main_Throttle_addressPanel.shtml
5,user_permissions.shtml
5,Opinions5.shtml
5,Ops_Settings.shtml
5,Ops_AddCars.shtml
5,Ops_Locations.shtml
5,Main_VSD.shtml
5,Ops_Cars.shtml
5,Ops_Locations_Modify_Trains.shtml
5,breview1.shtml
5,Ops_EngineAttributes.shtml
5,Ops_Trains_Timetable.shtml
5,Ops_Routes.shtml
5,Ops_Trains.shtml
5,Ops_AddTrain.shtml
5,dp3_Main_Throttle_functionPanel.shtml
5,WiThrottle.shtml
5,Features1.shtml
5,Start_DecoderPro_New.shtml
5,dp3_Main_Speedometer.shtml
5,dp3_Main_Throttle_menubar.shtml
5,Basic_Programming.shtml
5,Ops_CarAttributes.shtml
5,dp3_Main_Throttle_FrameProperties.shtml
5,Ops_AddInterchange.shtml
5,dp3_Main_Throttle_List.shtml
5,Ops_TrainsModify.shtml
5,dp3_Main_ConsistControl.shtml
5,dp3_Main_TurnoutControl.shtml
5,dp3_Main_Main.shtml
5,Ops_Locations_byCar.shtml
5,Ops_TripThruOperations.shtml
5,dp3_menubar.shtml
5,infrastructure.shtml
5,Ops_Start.shtml
5,RosterMedia.shtml
5,Ops_AddRoutes.shtml
5,video.shtml
5,dp3_decoderInfo.shtml
5,Ops_Trains_BuildOptions.shtml
5,features5.shtml
5,base.shtml
5,dp3_toobar.shtml
5,Ops_Locations_setCars.shtml
5,Ops_AddStaging.shtml
5,dp3_Main_Throttle.shtml
5,other.shtml
5,Ops_PrintOptions.shtml
5,Ops_AddSiding.shtml
5,Ops_schedule.shtml
5,dp3_Main_file_print_entry.shtml
5,Tails.shtml
4,application.shtml
4,MessageFrame.shtml
4,SSIFsize06.shtml
4,slides.shtml
4,SSIFsize04.shtml
4,ghc-std.shtml
4,if1.shtml
4,HEADER.repo.shtml
4,SSIFsize07.shtml
4,glossary.shtml
4,SSIExecCGI.shtml
4,SSIExecCmd.shtml
4,dp3_settings_rosterGroups.shtml
4,benchmark.shtml
4,LoaderFrame.shtml
4,SSIFsize01.shtml
4,SSIVarSub01.shtml
4,testme.shtml
4,SSIInclude07.shtml
4,main.shtml
4,cartoon.shtml
4,SoundPro.shtml
4,page.shtml
4,SSIConditional08.shtml
4,doc.shtml
4,Opinions6.shtml
4,News3.shtml
4,VSD_Manager.shtml
4,SSIInclude03.shtml
4,start.shtml
4,advanced_search.shtml
4,SSIInclude04.shtml
4,SSIInclude09.shtml
4,SSIConditional06.shtml
4,SSIConditional02.shtml
4,Foreign1.shtml
4,ListFrame.shtml
4,SSIInclude08.shtml
4,HEADER.index.shtml
4,SSIConditional03.shtml
4,EditorFrame.shtml
4,SSIFsize08.shtml
4,SSIInclude02.shtml
4,Details.shtml
4,clear.shtml
4,SSIVarSub04.shtml
4,SSIFsize05.shtml
4,SSIVarSub06.shtml
4,Simple_Programmer.shtml
4,PanelPro.shtml
4,SSIVarSub05.shtml
4,project.shtml
4,SSIInclude05.shtml
4,includeme.shtml
4,history.shtml
4,file.shtml
4,events.shtml
4,SSIInclude01.shtml
4,catalog.shtml
4,PacketGenFrame.shtml
4,SSIConditional04.shtml
4,cv.shtml
4,shared.shtml
4,SSIFsize03.shtml
4,welcome.shtml
4,set.shtml
4,README.repo.shtml
4,ClockMonFrame.shtml
4,SSIInclude06.shtml
4,SSIVarSub03.shtml
4,cmd.shtml
4,VSD_LocationsMgr.shtml
4,SSIConfig01.shtml
4,README.index.shtml
4,SSIConditional07.shtml
4,SSIVarSub02.shtml
4,SSIConditional05.shtml
4,SSIConditional01.shtml
4,SSIConfig03.shtml
4,ssi_with_cache.shtml
4,services.shtml
4,Ops_ImportEngines.shtml
4,SSIFsize02.shtml
3,index_holding.shtml
3,singer.shtml
3,server_500.shtml
3,tutorial.shtml
3,Operations.shtml
3,Ops_AddTrainBuildOptions.shtml
3,meta.shtml
3,XNetAddressing.shtml
3,Main_Operations.shtml
3,com-mod.shtml
3,technical.shtml
3,api-ppd.shtml
3,415.shtml
3,metamod.shtml
3,stable.shtml
3,news6.shtml
3,SimpleSignalExample.shtml
3,MemoryFrameAction.shtml
3,CreateXNetLogFile.shtml
3,inclleftmenu.shtml
3,tech.shtml
3,model.shtml
3,Ops_ManifestPreview.shtml
3,classes.shtml
3,409.shtml
3,402.shtml
3,stm.shtml
3,presenter.shtml
3,login.layout.shtml
3,top.shtml
3,editorial1.shtml
3,error-template.shtml
3,ppd-compiler.shtml
3,UI.shtml
3,tags.shtml
3,Features2.shtml
3,CATS.shtml
3,Column1.shtml
3,api-raster.shtml
3,411.shtml
3,other_tools.shtml
3,simple_footprint.shtml
3,raster-driver.shtml
3,301.shtml
3,Main_Speedo.shtml
3,maintenance.shtml
3,CMRI.shtml
3,umple-compiler-classDiagram.shtml
3,subscriptions.shtml
3,moderation.shtml
3,spec-ppd.shtml
3,api-filter.shtml
3,a_settings2.shtml
3,suggestions.shtml
3,badges.shtml
3,indextemplate.shtml
3,page-template.shtml
3,notfound_404.shtml
3,LocoNetSim.shtml
3,416.shtml
3,table.shtml
3,firehose.shtml
3,advertising.shtml
3,Ops_EditTrain.shtml
3,414.shtml
3,1.shtml
3,feeds.shtml
3,debug-users.shtml
3,contributors.shtml
3,configuration.shtml
3,XNetSystemInformationtool.shtml
3,Ops_BuildReportPreveiw.shtml
3,505.shtml
3,a_network_connections2.shtml
3,slashmeta.shtml
3,global.shtml
3,detailed_performance.shtml
3,detailed_footprint.shtml
3,meteor.shtml
3,debug-template.shtml
3,mailinglist.shtml
3,actor.shtml
3,accounts.shtml
3,interviews.shtml
3,register.shtml
3,LI101Configurationtool.shtml
3,deny.shtml
3,faq-meta.shtml
3,links.shtml
3,output.shtml
3,samples.shtml
3,a_advanced2.shtml
3,a_config2.shtml
3,friends.shtml
3,features6.shtml
3,features.shtml
3,devel.shtml
3,Turnouts.shtml
3,banner.shtml
3,slashguide.shtml
3,Sensors.shtml
3,host.shtml
3,showreel.shtml
3,performance.shtml
3,footprint.shtml
3,downloads.shtml
3,messages.shtml
3,add-page-new.shtml
3,Ops_TrainsBuild.shtml
3,editorial.shtml
3,view1.shtml
3,Debug.shtml
3,Ops_ManifestPrint.shtml
3,error-log.shtml
3,nco_news.shtml
3,cut.shtml
3,LZV100Configurationtool.shtml
3,site-template.shtml
3,Ops_BuildReportPrint.shtml
3,a_fu2.shtml
3,archives.shtml
3,MASN-1.shtml
3,security_403.shtml
3,postscript-driver.shtml
3,dp3Roster.shtml
2,include4.shtml
2,env.shtml
2,if10.shtml
2,retagged3.shtml
2,melanie-sclar.shtml
2,pablo-heiber.shtml
2,fnet_set.shtml
2,Foreign2.shtml
2,Adjustible_Rate_Mortgages.shtml
2,Fixed_Rate_Mortgages.shtml
2,LocoBufferII.shtml
2,TurnoutLeverFrame.shtml
2,IntroStructure.shtml
2,ContinuousIntegration.shtml
2,Protocol.shtml
2,PR2.shtml
2,PanelTarget.shtml
2,XmlSchema.shtml
2,download_ghc_62.shtml
2,download_ghc_7_10_2.shtml
2,download_ghc_7_6_1.shtml
2,work_comments.shtml
2,Main_Throttle_menubar.shtml
2,pegdoctopbar.shtml
2,ssitestB.shtml
2,echo3.shtml
2,errmsg4.shtml
2,leopoldo-taravilse.shtml
2,ep012014.fstadv.015.shtml
2,Newsletter_Signup.shtml
2,LocoIO.shtml
2,WarrantTable.shtml
2,SpeedometerFrame.shtml
2,MacintoshSerialPorts.shtml
2,MemoryTable.shtml
2,LayoutEditor.shtml
2,download_ghc_7_2_1.shtml
2,download_ghc_683.shtml
2,nofib.shtml
2,422.shtml
2,if7.shtml
2,baystate.shtml
2,Get_Some_Cash.shtml
2,LocoBuffer.shtml
2,AppConfigPanel.shtml
2,RpsIcon.shtml
2,MultiConnectionUpdate.shtml
2,Jynstruments.shtml
2,JVMCapabilities.shtml
2,Warrant.shtml
2,SignalGroupTable.shtml
2,CanSendFrame.shtml
2,dns-adddomainname-form.shtml
2,download_ghc_6_12_2.shtml
2,y9.shtml
2,y.shtml
2,type.shtml
2,y2.shtml
2,formget.shtml
2,opinions7.shtml
2,Contact_Americor_Lending_Group.shtml
2,Refinance_Once_Twice.shtml
2,DecoderPro3.shtml
2,SendPacketFrame.shtml
2,XmlUsage.shtml
2,PanelServlet.shtml
2,XmlEditors.shtml
2,NCE.shtml
2,BasicThrottleWindow.shtml
2,Networking.shtml
2,NewTrain.shtml
2,download_ghc_6_12_1.shtml
2,download_ghc_6_12_3.shtml
2,Throttle.shtml
2,admin.layout.shtml
2,foo2.shtml
2,y10.shtml
2,virtualq.shtml
2,parse1.shtml
2,gaston-ingaramo.shtml
2,Mar2_BlackC_set1.shtml
2,kopf-z1s1.shtml
2,Company_Profile.shtml
2,Should_I_Refinance.shtml
2,ex_set_turnouts.shtml
2,MoreInfo.shtml
2,UserInterface.shtml
2,Ant.shtml
2,UserMessagePreferences.shtml
2,MultiDecoder.shtml
2,monitoreo.shtml
2,faq_502.shtml
2,faq_404.shtml
2,download_ghc_7_6_2.shtml
2,mcs_plugins.shtml
2,expire.shtml
2,service.shtml
2,y1.shtml
2,foo1.shtml
2,inc-extra2.shtml
2,echo1.shtml
2,article.shtml
2,crrr_jfrc.shtml
2,build_hints.shtml
2,document_head.shtml
2,features7.shtml
2,EntryExit.shtml
2,NewType.shtml
2,Programmer.shtml
2,JUnit.shtml
2,JBuilder.shtml
2,SimpleLightCtrl.shtml
2,SprogConsoleFrame.shtml
2,JavaDoc.shtml
2,SE8Frame.shtml
2,StartUpScripts.shtml
2,OakTree.shtml
2,ConsistToolFrame.shtml
2,RouteTable.shtml
2,dns-checkhostname.shtml
2,decals.shtml
2,Regeln.shtml
2,inc-bogus.shtml
2,inc-nego.shtml
2,ramiro-lafuente.shtml
2,juan-cruz.shtml
2,crrr_accu.shtml
2,crrr_harrier.shtml
2,BackPage1.shtml
2,Home_Equity_Creditline.shtml
2,EditLayoutBlock.shtml
2,ToolsMenu.shtml
2,CodeButtonFrame.shtml
2,Threads.shtml
2,NetworkTreePane.shtml
2,AppStructure.shtml
2,PM4Frame.shtml
2,details.shtml
2,CVSFAQ.shtml
2,Uhlenbrock.shtml
2,Help.shtml
2,faq_408.shtml
2,Main_Throttle_addressPanel.shtml
2,globals.shtml
2,511.shtml
2,ssitest5.shtml
2,Impressum.shtml
2,setenvif.shtml
2,y3.shtml
2,lazyvar.shtml
2,include3.shtml
2,MorphemeAnalysis.shtml
2,joaquin-rodrigues.shtml
2,getoutput.shtml
2,kerlanta.shtml
2,contract.shtml
2,Market_Snapshot.shtml
2,AllocateExtra.shtml
2,FrameServlet.shtml
2,BlockEdit.shtml
2,SignalMastTable.shtml
2,DebuggerFrame.shtml
2,XmlView.shtml
2,MultiSensorIconAdder.shtml
2,IconAdder.shtml
2,yaw-1_map.shtml
2,ssitest7.shtml
2,y0.shtml
2,crrr_lastmile.shtml
2,crrr_wilbur.shtml
2,kopf-z1s0.shtml
2,navbar.shtml
2,opinion5.shtml
2,Column2.shtml
2,Loan_Costs.shtml
2,TurnoutAddEdit.shtml
2,OsIndicatorFrame.shtml
2,CbusConsoleFrame.shtml
2,ThrottlesListWindow.shtml
2,AdvancedThrottleControl.shtml
2,RP.shtml
2,Install.shtml
2,SetSignalsAtBoundary.shtml
2,HowToJMRIOrientedThrottle.shtml
2,PanelMenuHelp.shtml
2,SpeedProfileFrame.shtml
2,CircuitBuilder.shtml
2,SignalMastLogic.shtml
2,rh-2_map.shtml
2,dns-index.shtml
2,download_ghc_500.shtml
2,download_ghc_408.shtml
2,user.shtml
2,api-admin.shtml
2,developers.shtml
2,submitting_homework.shtml
2,url.shtml
2,if8a.shtml
2,GMOD2009SummerSchool.shtml
2,NumberGuesser.shtml
2,Opinions7.shtml
2,Market_Commentary.shtml
2,pfc.shtml
2,NetBeans.shtml
2,SPROG.shtml
2,TransitTable.shtml
2,webindex.shtml
2,TerminalServer.shtml
2,FollowerFrame.shtml
2,OBlockEdit.shtml
2,AddEditAction.shtml
2,ReporterTable.shtml
2,NceShowCabFrame.shtml
2,Roster.shtml
2,download_ghc_5041.shtml
2,download_ghc_642.shtml
2,download_ghc_681.shtml
2,Ops_RoutesEdit.shtml
2,var128.shtml
2,if11.shtml
2,crrr_mooserd.shtml
2,myCV.shtml
2,Your_Personal_Taxes.shtml
2,forms.shtml
2,DiagnosticFrame.shtml
2,LocoNetServer.shtml
2,Audio.shtml
2,LbServer.shtml
2,Digitrax.shtml
2,NodeTableFrame.shtml
2,SimpleClockFrame.shtml
2,EditTrackSegment.shtml
2,AddEditSignallingLogic.shtml
2,UpdatingDocs.shtml
2,LocoStatsFrame.shtml
2,VSDecoderFrame.shtml
2,StackMonFrame.shtml
2,download_ghc_601.shtml
2,info.shtml
2,globals_defs.shtml
2,faqs.shtml
2,y4.shtml
2,echo2.shtml
2,Jan6_CapeCo_set1.shtml
2,Imperfect_Credit_Rates.shtml
2,Memories.shtml
2,PR3.shtml
2,FileUpdate.shtml
2,BlockAddEdit.shtml
2,webtoc.shtml
2,EditLevelXing.shtml
2,PollTableFrame.shtml
2,WebServer.shtml
2,NCE-Speedometer.shtml
2,ConsistTool.shtml
2,SpeedMatch.shtml
2,RenumberFrame.shtml
2,summary.shtml
2,download_ghc_682.shtml
2,faq_406.shtml
2,Main_Throttle_FrameProperties.shtml
2,if10a.shtml
2,timefmt.shtml
2,cardsChecker.shtml
2,nicolas-fochesatto.shtml
2,kopf-z0s1.shtml
2,Mortgage_Rates.shtml
2,support.shtml
2,LRoutes.shtml
2,BlockBossFrame.shtml
2,LocoNetworking.shtml
2,CreateDecoderAdvanced.shtml
2,LocoMonFrame.shtml
2,XML.shtml
2,TurnoutTable.shtml
2,SystemInfoFrame.shtml
2,LRouteTable.shtml
2,DS64Frame.shtml
2,LocoIdFrame.shtml
2,SlotMonFrame.shtml
2,viaJava.shtml
2,publikationen.shtml
2,download_ghc_64.shtml
2,download_ghc_7_8_3.shtml
2,hierarchy.shtml
2,password.shtml
2,changelog.shtml
2,mainmenu.shtml
2,inc-footer.shtml
2,size.shtml
2,regex.shtml
2,var.shtml
2,newline.shtml
2,affairs4.shtml
2,How_Much_Afford.shtml
2,Analyze Your Savings.shtml
2,CoordinateEdit.shtml
2,ThrottleMain.shtml
2,VSDManagerFrame.shtml
2,TemplateBar.shtml
2,MultiSensorIconFrame.shtml
2,WebSite.shtml
2,download_ghc_7_4_1.shtml
2,namespacemembers.shtml
2,big.shtml
2,y5.shtml
2,errmsg3.shtml
2,parse2.shtml
2,francisco-roslan.shtml
2,crrr_yankee.shtml
2,elec_kicad_didacticiel.shtml
2,Request_Application.shtml
2,Acknowledgements.shtml
2,getcode.shtml
2,ViewSpecialActions.shtml
2,ControlPanelEditor.shtml
2,download_ghc_6_10_1.shtml
2,pr49328.shtml
2,nothere.shtml
2,include5.shtml
2,misc.shtml
2,agustin-gutierrez.shtml
2,ariel-zylber.shtml
2,rightSidebar.shtml
2,Debian.shtml
2,LocoIOFrame.shtml
2,ColorTrack.shtml
2,TreeFrame.shtml
2,Logic.shtml
2,DccSpecialties.shtml
2,security-radar.shtml
2,download_ghc_210.shtml
2,namespaces.shtml
2,namespacemembers_vars.shtml
2,publication.shtml
2,ssi-include.shtml
2,nicolas-alvarez.shtml
2,inscripcion.shtml
2,fidel-schaposnik.shtml
2,highlights_old.shtml
2,ep062014.fstadv.001.shtml
2,fsm01.shtml
2,_ix_S52.shtml
2,news7.shtml
2,CRAPPY_Apply_Securely_Online.shtml
2,Sprogv4UpdateFrame.shtml
2,MultiSensorIconDefaultsFrame.shtml
2,BlockTable.shtml
2,Routes.shtml
2,scripting.shtml
2,ToolsMenuThrottleEntry.shtml
2,AlignTableFrame.shtml
2,Report.shtml
2,XMLIO.shtml
2,TabbedPreferences.shtml
2,StandaloneLocoNet.shtml
2,ImageIndex.shtml
2,faq_500.shtml
2,download_ghc_404.shtml
2,ITveil.shtml
2,if8.shtml
2,if4.shtml
2,Dec30_Coloni_set1.shtml
2,MIATCPEP1+shtml:232030.shtml
2,News4.shtml
2,Payment_Calculator.shtml
2,DS54.shtml
2,SignalMasts.shtml
2,ItemPalette.shtml
2,LightAddEdit.shtml
2,DuplexGroupTabbedPanel.shtml
2,SystemStructure.shtml
2,AutomatTableFrame.shtml
2,webfolio.shtml
2,configuracion.shtml
2,dns-addArecord.shtml
2,download_ghc_7_0_3.shtml
2,mcs.shtml
2,donations.shtml
2,Main_Throttle_controlPanel.shtml
2,ssitest6.shtml
2,CAN-2004-0940.shtml
2,errmsg5.shtml
2,crrr_ne.shtml
2,ConfigToolFrame.shtml
2,Panels.shtml
2,Serialsensor.shtml
2,ThrottleWindowMenus.shtml
2,SetSignalsAtXoverTurnout.shtml
2,AppleScript.shtml
2,IdTags.shtml
2,ThrottleChapter3.shtml
2,ReporterAddEdit.shtml
2,download_ghc_7_10_1.shtml
2,download_ghc_7_6_3.shtml
2,download_ghc_snapshot.shtml
2,download_ghc_7_8_4.shtml
2,overall_comments.shtml
2,features_comments.shtml
2,functions_vars.shtml
2,blog.shtml
2,veilforside.shtml
2,ssitest3.shtml
2,if3.shtml
2,errmsg1.shtml
2,50x.shtml
2,crrr_swcl.shtml
2,logiciels.shtml
2,Swing.shtml
2,XmlSchemaExamples.shtml
2,IntroXML.shtml
2,SetSignalsAtTToTTurnout.shtml
2,Options.shtml
2,LocoNetTools.shtml
2,Tour.shtml
2,LogixTable.shtml
2,download_ghc_504.shtml
2,download_ghc_6_10_3.shtml
2,download_ghc_5043.shtml
2,software.shtml
2,queue.shtml
2,references.shtml
2,if2.shtml
2,inc-two.shtml
2,foo.shtml
2,2.shtml
2,shield.shtml
2,latex.shtml
2,demo.shtml
2,Interest_Rates.shtml
2,Payment_Calculations.shtml
2,Mortgage_Dictionary.shtml
2,Refinance.shtml
2,SignalLeverFrame.shtml
2,AddEditSignalingLogic.shtml
2,I8N.shtml
2,SectionTable.shtml
2,AspectSignaling.shtml
2,RosterFile.shtml
2,download_ghc_621.shtml
2,functions_type.shtml
2,resources.shtml
2,ssitest2.shtml
2,malformed.shtml
2,y8.shtml
2,retagged1.shtml
2,if6.shtml
2,inc-rvirtual.shtml
2,questDetail.shtml
2,lucas-tavolaro.shtml
2,3.shtml
2,Mar10_Rasnah_set1.shtml
2,Sep14_Brookl_set1.shtml
2,kopf-z0s0.shtml
2,settings.shtml
2,ThrottleChapter4.shtml
2,XCode.shtml
2,FindBugs.shtml
2,Logging.shtml
2,MemoryAddEdit.shtml
2,Ident.shtml
2,IdTagTable.shtml
2,EasyDCC.shtml
2,LogixAddEdit.shtml
2,Properties.shtml
2,download_ghc_302.shtml
2,platform_comments.shtml
2,download_ghc_7_0_1.shtml
2,Main_Throttle_toolbar.shtml
2,annotated.shtml
2,407.shtml
2,growth.shtml
2,montage.shtml
2,example.shtml
2,if9a.shtml
2,pablo-blanc.shtml
2,martin-fixman.shtml
2,contacto.shtml
2,rx.shtml
2,Deciding_to_Refinance.shtml
2,TranslateSelection.shtml
2,ThrottlesPreferencesPane.shtml
2,NetworkFiles.shtml
2,SensorTable.shtml
2,EditTurntable.shtml
2,Patterns.shtml
2,download_ghc_7_0_4.shtml
2,things_to_improve_comments.shtml
2,download_ghc_7_2_2.shtml
2,417.shtml
2,fullpage.shtml
2,chooser.shtml
2,ssitest1.shtml
2,encode.shtml
2,abs-path.shtml
2,dbloading.shtml
2,alejandro-deymonnaz.shtml
2,js.shtml
2,research.shtml
2,2nd_Mortgage_Terms.shtml
2,PowerPanelFrame.shtml
2,TemplatePlain.shtml
2,SignalHeadTable.shtml
2,NcePacketMonitorFrame.shtml
2,RostersMediaPane.shtml
2,AppConfigPanelErrorPage.shtml
2,AlignmentPanel.shtml
2,SprogPacketGenFrame.shtml
2,EditLayoutSlip.shtml
2,FileNames.shtml
2,TechRoadMap.shtml
2,inControl.shtml
2,dns-checkArecord.shtml
2,stability_comments.shtml
2,functions.shtml
2,507.shtml
2,418.shtml
2,unset.shtml
2,if5.shtml
2,notreal.shtml
2,restrict.shtml
2,eric-destefanis.shtml
2,quimey-vivas.shtml
2,418-request-denied.shtml
2,MIATCMEP1+shtml:232030.shtml
2,Rate_Search.shtml
2,SlipTurnoutIcon.shtml
2,SensorAddEdit.shtml
2,InstallTest.shtml
2,SignalAddEdit.shtml
2,NceMacroEditFrame.shtml
2,ManageLocationsFrame.shtml
2,Wangrow.shtml
2,Zimo.shtml
2,getoldcode.shtml
2,NewSystem.shtml
2,LocoNetClasses.shtml
2,SetSignalsAtTurnout.shtml
2,SetSignalsAt3WayTurnout.shtml
2,distribution_packages.shtml
2,download_ghc_600.shtml
2,download_ghc_622.shtml
2,download_ghc_66.shtml
2,release_freq_comments.shtml
2,functions_enum.shtml
2,sitemap.shtml
2,errmsg2.shtml
2,ranged-virtual.shtml
2,logistics.shtml
2,Nov24_3rdAnn_set1.shtml
2,crrr_spitler.shtml
2,wvBugList.shtml
2,Prequalification_Application.shtml
2,MS100.shtml
2,ShowPanel.shtml
2,BDL16Frame.shtml
2,SVNFAQ.shtml
2,DefineNewAspects.shtml
2,Jython.shtml
2,XmlPersistance.shtml
2,SignalMastAddEdit.shtml
2,Eclipse.shtml
2,SimpleProgFrame.shtml
2,PaneOpsProgFrame.shtml
2,download_ghc_6_10_4.shtml
2,download_ghc_661.shtml
2,survey2005-summary.shtml
2,ghc-footer.shtml
2,download_ghc_7_0_2.shtml
2,Ops_Locations_printByCarType.shtml
2,Main_Throttle_List.shtml
2,506.shtml
2,printenv.shtml
2,crrr_gstate.shtml
2,Trade_ARM_Fixed_Rate.shtml
2,Consider_Other_Mortgage_Programs.shtml
2,SprogIIUpdateFrame.shtml
2,RouteAddEdit.shtml
2,XmlDtdUsage.shtml
2,NceConsistEditFrame.shtml
2,PanelEditor.shtml
2,LocoGenFrame.shtml
2,AbstractMonFrame.shtml
2,Apps.shtml
2,AdvIcons.shtml
2,SignallingSourceFrame.shtml
2,TransitAddEdit.shtml
2,RpsTrackingFrame.shtml
2,ThrottleChapter2.shtml
2,Examples.shtml
2,Lights.shtml
2,NcePacketGenFrame.shtml
2,download_ghc_641.shtml
2,intel_knl.shtml
2,functions_func.shtml
2,driftsgruppen.shtml
2,ssitestA.shtml
2,included.shtml
2,martin-safe.shtml
2,matias-tealdi.shtml
2,uncut.shtml
2,Current_Rates.shtml
2,Policies_Licensing.shtml
2,Analyze_Your_Savings.shtml
2,DualDecoderSelectFrame.shtml
2,LRouteAddEdit.shtml
2,EnterTrackWidth.shtml
2,USBtoSerial.shtml
2,ThrottleToolBar.shtml
2,StatusAndToDo.shtml
2,LightTable.shtml
2,EditLayoutTurnout.shtml
2,PaneProgFrame.shtml
2,Dispatcher.shtml
2,LocoNetClock.shtml
2,Files.shtml
2,StatusFrame.shtml
2,application_comments.shtml
2,download_ghc_7_4_2.shtml
2,namespacemembers_func.shtml
2,graph-paper-include.shtml
2,y7.shtml
2,inc-one.shtml
2,inc-extra1.shtml
2,retagged4.shtml
2,y6.shtml
2,Refinance_Considerations.shtml
2,SetSignalsAtLevelXing.shtml
2,TurnoutFeedback.shtml
2,ThrottleTOC.shtml
2,Fleischmann.shtml
2,SpeedoConsoleFrame.shtml
2,OBlockTable.shtml
2,SignalMastLogicTable.shtml
2,SetSignalsAtSlip.shtml
2,ThrottleFrame.shtml
2,Python.shtml
2,TriggerConditions.shtml
2,EntryExitFrame.shtml
2,Pr3Select.shtml
2,Main_Throttle_functionPanel.shtml
2,logout.shtml
2,virtual.shtml
2,if9.shtml
2,include2.shtml
2,appearDetail.shtml
2,Paying_Points_Lower_Rate.shtml
2,SignalGroupAddEdit.shtml
2,AudioTable.shtml
2,Start.shtml
2,SignalMastRepeater.shtml
2,LocoBufferUSB.shtml
2,AudioAddEdit.shtml
2,SoundSetFrame.shtml
2,add-page.shtml
2,download_ghc_6_10_2.shtml
2,download_ghc_502.shtml
2,412.shtml
2,inc-rfile.shtml
2,inc-three.shtml
2,err.shtml
2,include1.shtml
2,retagged2.shtml
2,leftSidebar.shtml
2,people.shtml
2,editorial2.shtml
2,ScaleTrackDiagram.shtml
2,KeyspanUSB.shtml
2,RosterGroupTable.shtml
2,DebugMenu.shtml
2,PreferencesFrame.shtml
2,Compatibility.shtml
2,Reporters.shtml
2,OpenLcbCanSendFrame.shtml
2,PDA.shtml
2,BoosterProgPanel.shtml
2,SectionAddEdit.shtml
2,AutoTrains.shtml
2,control.shtml
2,rh-1_map.shtml
2,download_ghc_406.shtml
2,download_ghc_7_8_2.shtml
2,download_ghc_5042.shtml
2,download_ghc_029.shtml
2,functions_eval.shtml
2,order.shtml
2,inc-header.shtml
2,media.shtml
2,Logix.shtml
2,RosterServlet.shtml
2,LocoFile.shtml
2,SimpleTurnoutCtrl.shtml
2,CmdStnConfigFrame.shtml
2,DecoderPro.shtml
2,Errors.shtml
2,Poll2007.shtml
2,devmodel_comments.shtml
2,userguide.shtml
2,510.shtml
2,include6.shtml
2,milestones_old.shtml
2,fpga_experience.shtml
2,inc_modules.shtml
2,html4.shtml
2,news8.shtml
2,Refinance_Costs.shtml
2,Employment_Opportunities.shtml
2,adc.shtml
2,JsonServlet.shtml
2,SprogSlotMonFrame.shtml
2,SensorGroupFrame.shtml
2,ConditionalAddEdit.shtml
2,CreateDecoder.shtml
2,FnMapping.shtml
2,IdTagAddEdit.shtml
2,Addressing.shtml
2,ThrottleChapter1.shtml
2,download_ghc_7_8_1.shtml
2,use_comments.shtml
2,download_ghc_402.shtml
1,mod_toast.shtml
1,al072008.fstadv.018.shtml
1,al122005.fstadv.008.shtml
1,al092020.fstadv.017.shtml
1,al092020.fstadv.001.shtml
1,al062018.fstadv.038.shtml
1,al182005.fstadv.013.shtml
1,al182005.fstadv.007.shtml
1,sedes.shtml
1,icp1.shtml
1,nineties3.shtml
1,hoover.shtml
1,streaming.shtml
1,contribute.shtml
1,helpers.shtml
1,color.shtml
1,bluelog.shtml
1,ile_d.shtml
1,README.shtml
1,ser_d.shtml
1,pro.shtml
1,jmri2.5.4.shtml
1,jmri3.3.8.shtml
1,Ops_SetEngines.shtml
1,jmri2.99.4.shtml
1,jmri2.1.4.shtml
1,classOpenBabel_1_1OBAromaticTyper.shtml
1,classOpenBabel_1_1OBFFConstraints.shtml
1,obiter_8cpp.shtml
1,classOpenBabel_1_1OBAtom.shtml
1,base_8cpp.shtml
1,classOpenBabel_1_1OBSSMatch.shtml
1,align_8h_source.shtml
1,globals_z.shtml
1,doxygen__pages_8cpp.shtml
1,functions_vars_g.shtml
1,functions_vars_r.shtml
1,cistrans_8h_source.shtml
1,molchrg_8cpp.shtml
1,chains_8h_source.shtml
1,isomorphism_8h_source.shtml
1,classOpenBabel_1_1OBAngle.shtml
1,rotor_8cpp.shtml
1,classOpenBabel_1_1OBRotamerList.shtml
1,functions_func_g.shtml
1,inviter.shtml
1,icmp-errs.shtml
1,ip-dir.shtml
1,portUdp.shtml
1,snmp-trap.shtml
1,D36.shtml
1,emcc13results.shtml
1,cvs.shtml
1,logoPortal.shtml
1,led.shtml
1,srvlist.shtml
1,form_auto.shtml
1,box.shtml
1,customers.shtml
1,customer.shtml
1,_app_info.shtml
1,input.shtml
1,select.shtml
1,edit_ava.shtml
1,demand_offer.shtml
1,tutorial-05-txt.shtml
1,tutorial-01-ie-png.shtml
1,202.shtml
1,webui.shtml
1,rename.shtml
1,zephyrsports.shtml
1,wrapper-site-buttons.shtml
1,create.shtml
1,particle_8h-source.shtml
1,cpexamgis.shtml
1,mod_logicbox.shtml
1,inc-sitemap.shtml
1,execInvalidCmd.shtml
1,join.shtml
1,al062018.fstadv.043.shtml
1,al092020.fstadv.028.shtml
1,al082020.fstadv.005.shtml
1,al082020.fstadv.006.shtml
1,al072008.fstadv.014.shtml
1,1_not_exist_include.shtml
1,p2.shtml
1,p4-2.shtml
1,phone-dev.shtml
1,p3sw.shtml
1,footer-alt.shtml
1,footer-includes.shtml
1,page-gallery.shtml
1,inc-pn-spread.shtml
1,checks.shtml
1,content_elements.shtml
1,community.shtml
1,OverviewDNNPlatform.shtml
1,nineties2.shtml
1,founding1.shtml
1,endorse1.shtml
1,bthunting.shtml
1,hubsancam.shtml
1,unsupported.shtml
1,myprofile.shtml
1,db2-cs.shtml
1,ng-grid-jqwidgets-add.shtml
1,form-components.shtml
1,met_d.shtml
1,nices.shtml
1,19drawing.shtml
1,22irregShape.shtml
1,jmri3.9.3.shtml
1,jmri2.11.8.shtml
1,jmri2.9.8.shtml
1,jmri3.8.shtml
1,jmri3.1.2.shtml
1,jmri2.99.3.shtml
1,tokenst_8h.shtml
1,pointgroup_8h.shtml
1,functions_func_0x7e.shtml
1,obconversion_8h.shtml
1,bond_8cpp.shtml
1,mcdlutil_8h_source.shtml
1,globals_n.shtml
1,erf_8h_source.shtml
1,functions_func_u.shtml
1,conformersearch_8cpp.shtml
1,classOpenBabel_1_1OBDOSData.shtml
1,classOpenBabel_1_1GasteigerState.shtml
1,globals_v.shtml
1,udp-err.shtml
1,procesos.shtml
1,tile.shtml
1,REAL_real_time_chess.shtml
1,localdl.shtml
1,sent_messages.shtml
1,label.shtml
1,shoppingcar.shtml
1,resource_preview.shtml
1,order_cancel.shtml
1,browsehappy.shtml
1,estate_planning.shtml
1,314.shtml
1,103.shtml
1,308.shtml
1,web-page-1.shtml
1,snap.svg.shtml
1,careers.shtml
1,al122005.fstadv.028.shtml
1,al072008.fstadv.015.shtml
1,al092012.fstadv.032.shtml
1,al072008.fstadv.029.shtml
1,al072008.fstadv.006.shtml
1,al092012.fstadv.012.shtml
1,al092012.fstadv.016.shtml
1,al122005.fstadv.017.shtml
1,al092012.fstadv.023.shtml
1,al092012.fstadv.022.shtml
1,exp.shtml
1,theicpc.shtml
1,committee.shtml
1,laicpc.shtml
1,install.shtml
1,CreateModuleInline.shtml
1,Back_Page1.shtml
1,Foreign_Affairs2.shtml
1,opinions8.shtml
1,Foreign3.shtml
1,Gracias-galeria.shtml
1,gccluster.shtml
1,val.shtml
1,me.shtml
1,49matrix.shtml
1,toc.shtml
1,6analysis.shtml
1,jmri3.1.6.shtml
1,jmri2.12.shtml
1,Mint.shtml
1,jmri1.7.8.shtml
1,jmri3.1.3.shtml
1,jmri4.1.2.shtml
1,Hardware.shtml
1,Ops_Settings_menubar.shtml
1,typer_8h.shtml
1,classOpenBabel_1_1OBPointGroup.shtml
1,conformersearch_8h.shtml
1,tautomer_8h.shtml
1,functions_func_f.shtml
1,classOpenBabel_1_1OBElement.shtml
1,matrix3x3_8h.shtml
1,lineend_8h.shtml
1,globals_l.shtml
1,functions_g.shtml
1,tetraplanar_8h.shtml
1,globals_defs_u.shtml
1,stereo_8h.shtml
1,rand_8h.shtml
1,residue_8cpp.shtml
1,functions_u.shtml
1,classOpenBabel_1_1OBText-members.shtml
1,mem-real.shtml
1,pronouns.shtml
1,M17_M17.shtml
1,ProductInformation.shtml
1,becky.shtml
1,category.shtml
1,shopdetail.shtml
1,loading.shtml
1,exportable_list.shtml
1,saml2_post.shtml
1,ICMERR-EMAINTENANCE.shtml
1,parameternrs.shtml
1,document_script.shtml
1,2005_Archive.shtml
1,Contact.shtml
1,prerequisites.shtml
1,106.shtml
1,316.shtml
1,twitter.shtml
1,create_category.shtml
1,bibliography-old02.shtml
1,vector2d_8h-source.shtml
1,samplehttps.shtml
1,sharePriceHistory.shtml
1,mod_svg.shtml
1,foodphilosophy.shtml
1,promotions.shtml
1,al062018.fstadv.042.shtml
1,al092012.fstadv.034.shtml
1,al182005.fstadv.018.shtml
1,al062018.fstadv.040.shtml
1,al092012.fstadv.003.shtml
1,al092020.fstadv.024.shtml
1,al062018.fstadv.025.shtml
1,kid.shtml
1,latex_cv_composition.shtml
1,gff3.shtml
1,api_reference.shtml
1,blogpost1-content.shtml
1,qos-aware.shtml
1,missing.shtml
1,1987-19881.shtml
1,Opinions18.shtml
1,Opinions9.shtml
1,foreign1.shtml
1,letterstotheeditor1.shtml
1,agenda.shtml
1,expo.shtml
1,grammarverifier.shtml
1,hy3003.shtml
1,compilation.shtml
1,tabs_accordions.shtml
1,da.shtml
1,27setup.shtml
1,55buttonCla.shtml
1,jmri3.11.9.shtml
1,jmri2.6.shtml
1,jmri3.6.shtml
1,jmri3.1.7.shtml
1,jmri2.7.7.shtml
1,jmri2.8.shtml
1,permissive_working.shtml
1,classOpenBabel_1_1OBRateData.shtml
1,phmodel_8h_source.shtml
1,globals_defs_c.shtml
1,pointgroup_8cpp.shtml
1,functions_func_y.shtml
1,classOpenBabel_1_1OBReaction.shtml
1,commandpainter_8cpp.shtml
1,tetrahedral_8h_source.shtml
1,globals_k.shtml
1,grid_8cpp.shtml
1,functions_vars_l.shtml
1,grid_8h_source.shtml
1,bindings_8h_source.shtml
1,silly.shtml
1,udp.shtml
1,428.shtml
1,snmptt.shtml
1,gestures_demo_1.shtml
1,sfooter.shtml
1,checkbox.shtml
1,parsing-dependency.shtml
1,tutorial-10-idef1x-png.shtml
1,520.shtml
1,209.shtml
1,107.shtml
1,new-message.shtml
1,tga_8h-source.shtml
1,specs.shtml
1,mod_framebox.shtml
1,mod_audiovisualizer.shtml
1,datetime.shtml
1,al122005.fstadv.018.shtml
1,al072008.fstadv.035.shtml
1,al092020.fstadv.003.shtml
1,al182005.fstadv.021.shtml
1,al182005.fstadv.029.shtml
1,week2.shtml
1,slide.shtml
1,submit.shtml
1,goals.shtml
1,bed-and-breakfast.shtml
1,PublicationsExoplanets.shtml
1,inc-article-1.shtml
1,inc-article-2.shtml
1,copyright.shtml
1,match.shtml
1,error404.shtml
1,ingres-cs.shtml
1,gly.shtml
1,45dynamicAs.shtml
1,35branching.shtml
1,play.shtml
1,jmri3.11.10.shtml
1,jmri3.7.7.shtml
1,EeePC.shtml
1,decTop.shtml
1,jmri2.11.9.shtml
1,classOpenBabel_1_1vector3.shtml
1,cmake_project.shtml
1,query_8cpp.shtml
1,mainclasses.shtml
1,pointgroup_8h_source.shtml
1,chains_8h.shtml
1,vector3_8h_source.shtml
1,xml_8h.shtml
1,depict_8h_source.shtml
1,classOpenBabel_1_1OBGraphSym.shtml
1,chargemodel_8h.shtml
1,structOpenBabel_1_1Pattern.shtml
1,align_8h.shtml
1,classOpenBabel_1_1OBVectorData.shtml
1,alias_8h_source.shtml
1,atomclass_8h_source.shtml
1,impresoras.shtml
1,tiempo-cpu.shtml
1,sortvocab.shtml
1,M17.shtml
1,virtual-absolute.shtml
1,config_editor.layout.shtml
1,publicationsbytopic.shtml
1,students.shtml
1,results.shtml
1,obs_pgmspek.shtml
1,flags.shtml
1,innholdsbruker.shtml
1,menu_javatools.shtml
1,kaytto.shtml
1,contacts.shtml
1,218.shtml
1,118.shtml
1,sam.shtml
1,rawe.shtml
1,veruta.shtml
1,create_category_confirmation.shtml
1,fetchback.shtml
1,upsellit.shtml
1,googleaw.shtml
1,translations-old02.shtml
1,class_visage_1_1_resource.shtml
1,acknowledgement.shtml
1,mod_loading.shtml
1,otah.shtml
1,al182005.fstadv.026.shtml
1,al182005.fstadv.017.shtml
1,al062018.fstadv.067.shtml
1,al082020.fstadv.008.shtml
1,al062018.fstadv.004.shtml
1,al072008.fstadv.007.shtml
1,al062018.fstadv.018.shtml
1,al182005.fstadv.010.shtml
1,al092012.fstadv.015.shtml
1,p4.shtml
1,objetivos.shtml
1,receivedata.shtml
1,p0sw.shtml
1,mailing-list.shtml
1,italian-vancouver.shtml
1,thematic-articles.shtml
1,hennessy_transcript.shtml
1,galeria-de-mapas.shtml
1,Gracias_Registro.shtml
1,FormModule1.shtml
1,Dropbox.shtml
1,MrcPacketGenPanel.shtml
1,NetBeansGUIEditor.shtml
1,Connections.shtml
1,output1.shtml
1,form-validation.shtml
1,leu.shtml
1,dg_d.shtml
1,dt.shtml
1,8mockup.shtml
1,plotly-test.shtml
1,tools.shtml
1,jmri2.3.5.shtml
1,jmri2.9.9.shtml
1,jmri3.5.5.shtml
1,codeswarm.shtml
1,semaphores.shtml
1,jmri3.3.4.shtml
1,jmri3.5.1.shtml
1,locale_8h_source.shtml
1,classOpenBabel_1_1OBIsotopeTable.shtml
1,pages.shtml
1,classOpenBabel_1_1OBStereoBase.shtml
1,globals_d.shtml
1,ring_8cpp.shtml
1,functions_w.shtml
1,classOpenBabel_1_1TautomerFunctor.shtml
1,griddata_8h.shtml
1,structOpenBabel_1_1AtomSpec.shtml
1,matrix_8cpp.shtml
1,functions_func_x.shtml
1,structOpenBabel_1_1CharPtrLess.shtml
1,namespacemembers_type.shtml
1,functions_b.shtml
1,painter_8h.shtml
1,depict_8h.shtml
1,matrix_8h.shtml
1,descriptor_8h_source.shtml
1,functions_func_z.shtml
1,op_8h.shtml
1,functions_i.shtml
1,functions_vars_n.shtml
1,globals_defs_e.shtml
1,op_8cpp.shtml
1,namespacemembers_eval.shtml
1,page-1.shtml
1,projects.shtml
1,O4.shtml
1,emcc11results.shtml
1,F77uniform.shtml
1,reference.shtml
1,h_2_left.shtml
1,form.shtml
1,teaching.shtml
1,ICMERR-EPERM.shtml
1,ICMERR-ENOSSLREQ.shtml
1,order_replenishment.shtml
1,abnorm_tips_no_login.shtml
1,tutorial-09-idef1x-png.shtml
1,options.shtml
1,tutorial-02-ie-png.shtml
1,bodystart.shtml
1,guardianship.shtml
1,messagesent.shtml
1,315.shtml
1,219.shtml
1,307.shtml
1,419.shtml
1,howtostartit.shtml
1,pricegrabber.shtml
1,international.shtml
1,googlean.shtml
1,wishpot.shtml
1,sample.shtml
1,sampleform.shtml
1,log_8h-source.shtml
1,texture_8h.shtml
1,class_visage_1_1_particle_system.shtml
1,visage_8h.shtml
1,cpqd.shtml
1,deliverytime.shtml
1,terms.shtml
1,al072008.fstadv.004.shtml
1,al182005.fstadv.011.shtml
1,al062018.fstadv.051.shtml
1,al092020.fstadv.022.shtml
1,al122005.fstadv.004.shtml
1,al062018.fstadv.013.shtml
1,al122005.fstadv.027.shtml
1,al092020.fstadv.002.shtml
1,al182005.fstadv.027.shtml
1,al092012.fstadv.021.shtml
1,al092020.fstadv.008.shtml
1,al182005.fstadv.004.shtml
1,al062018.fstadv.031.shtml
1,p3.shtml
1,hosts.shtml
1,p0estado.shtml
1,p4ping_on.shtml
1,aboutUs.shtml
1,contactUs.shtml
1,elec_gnuplot_bode.shtml
1,document_nav.shtml
1,sidebar.shtml
1,TechRoadMapOlder.shtml
1,EngineDriverAndroidThrottle.shtml
1,shamrockrun.shtml
1,singleblogpost-1.shtml
1,13hello.shtml
1,quiz3.shtml
1,jmri3.0.shtml
1,jmri2.10.shtml
1,jmri2.14.shtml
1,jmri2.6.1.shtml
1,squareplanar_8h_source.shtml
1,functions_vars_d.shtml
1,functions_y.shtml
1,classOpenBabel_1_1matrix3x3.shtml
1,spectrophore_8cpp.shtml
1,functions_vars_e.shtml
1,classOpenBabel_1_1OBError-members.shtml
1,functions_func_t.shtml
1,functions_p.shtml
1,fingerprint_8h_source.shtml
1,classOpenBabel_1_1OBVirtualBond.shtml
1,classOpenBabel_1_1OBChargeModel.shtml
1,classOpenBabel_1_1OBScoreGrid.shtml
1,bond_8h_source.shtml
1,ring_8h_source.shtml
1,modules_8h.shtml
1,structOpenBabel_1_1DeleteObject.shtml
1,functions_func_m.shtml
1,mol_8cpp.shtml
1,classOpenBabel_1_1OBGastChrg.shtml
1,classOpenBabel_1_1OBMolPairIter.shtml
1,gpiooutput.shtml
1,payments_legend.shtml
1,h_2_translate.shtml
1,view_sms.shtml
1,crud.shtml
1,index2.shtml
1,purchase_all.shtml
1,skriptbruker.shtml
1,head.include.shtml
1,about-the-court-jesters.shtml
1,funktio.shtml
1,tutorial-03-idef1x-png.shtml
1,102.shtml
1,old01-table4-html.shtml
1,table8a-html.shtml
1,table7-html.shtml
1,class_visage_1_1_vector2d.shtml
1,event.shtml
1,mod_domconfigure.shtml
1,mod_orgchart.shtml
1,mod_logger.shtml
1,inc-home.shtml
1,inc-dates.shtml
1,al062018.fstadv.066.shtml
1,al062018.fstadv.005.shtml
1,al062018.fstadv.039.shtml
1,al062018.fstadv.021.shtml
1,al082020.fstadv.010.shtml
1,al062018.fstadv.008.shtml
1,al072008.fstadv.011.shtml
1,web_resources.shtml
1,alumni.shtml
1,p2-1.shtml
1,castles.shtml
1,nco_qt_msvc.shtml
1,reverse.shtml
1,Rawls1.shtml
1,currentissues1.shtml
1,porque_asistir.shtml
1,webThrottle.shtml
1,general.shtml
1,gln_d.shtml
1,glu_d.shtml
1,15displayWin.shtml
1,18formatText.shtml
1,21editSmile.shtml
1,12pde.shtml
1,58attrib.shtml
1,project_experimental.shtml
1,visualisations.shtml
1,grade5_lectures.shtml
1,jmri3.11.1.shtml
1,jmri2.0.shtml
1,jmri3.5.3.shtml
1,jmri3.4.shtml
1,Ops_ImportEngines_FromRoster.shtml
1,jmri3.9.4.shtml
1,jmri2.5.3.shtml
1,a3.shtml
1,shared__ptr_8h.shtml
1,internalcoord_8h_source.shtml
1,classOpenBabel_1_1OBBitVec.shtml
1,classOpenBabel_1_1OBMatrixData.shtml
1,transform3d_8h.shtml
1,functions_func_p.shtml
1,align_8cpp.shtml
1,rotamer_8cpp.shtml
1,base_8h.shtml
1,classOpenBabel_1_1CommandPainter.shtml
1,dlhandler__unix_8cpp.shtml
1,data__utilities_8cpp.shtml
1,internet.shtml
1,snmp.shtml
1,tcp-ab.shtml
1,tcp-err.shtml
1,single_slide_in.shtml
1,single_slide_out.shtml
1,mid_autumn.shtml
1,master.layout.shtml
1,__APP__.layout.shtml
1,search_table.shtml
1,profservices.shtml
1,uipsend.shtml
1,umple-core-classDiagram.shtml
1,myresource.shtml
1,tutorial-02-idef1x-png.shtml
1,tutorial-02-txt.shtml
1,319.shtml
1,120.shtml
1,109.shtml
1,checkfield.shtml
1,kowabunga.shtml
1,preview_theme.shtml
1,omniture.shtml
1,old01-table2-html.shtml
1,userguide-old01.shtml
1,temp.shtml
1,class_visage_1_1_game_state.shtml
1,game_state_8h.shtml
1,cpexamgcs.shtml
1,cart-complete.shtml
1,al092020.fstadv.023.shtml
1,al122005.fstadv.003.shtml
1,al062018.fstadv.058.shtml
1,al092012.fstadv.013.shtml
1,al092012.fstadv.009.shtml
1,al062018.fstadv.027.shtml
1,al092020.fstadv.025.shtml
1,al122005.fstadv.012.shtml
1,al092020.fstadv.031.shtml
1,al062018.fstadv.011.shtml
1,al182005.fstadv.008.shtml
1,english.shtml
1,index_full.shtml
1,chap5.shtml
1,_match-list.shtml
1,styleguide.shtml
1,chargeForIV4.shtml
1,corenlp.shtml
1,Opinions13.shtml
1,grids.shtml
1,16910348_0.shtml
1,grid-jqwidgets-full.shtml
1,grid-jqwidgets-base.shtml
1,cys.shtml
1,phe.shtml
1,aboutus.shtml
1,25designLay.shtml
1,ShellScripts.shtml
1,jmri3.1.1.shtml
1,jmri3.7.8.shtml
1,Ubuntu.shtml
1,bindings_8h.shtml
1,functions_x.shtml
1,functions_vars_q.shtml
1,spectrophore_8h.shtml
1,bitvec_8h_source.shtml
1,functions_vars_s.shtml
1,classOpenBabel_1_1SpaceGroup.shtml
1,classOpenBabel_1_1OBPainter.shtml
1,functions_vars_z.shtml
1,structOpenBabel_1_1quad.shtml
1,generic_8h.shtml
1,classOpenBabel_1_1OBMolBondIter.shtml
1,structOpenBabel_1_1ParseState.shtml
1,globals_m.shtml
1,squareplanar_8h.shtml
1,classOpenBabel_1_1OBRTree-members.shtml
1,classDLHandler-members.shtml
1,phmodel_8cpp.shtml
1,classOpenBabel_1_1OBPlugin.shtml
1,classOpenBabel_1_1OBFFParameter.shtml
1,confsearch_8cpp.shtml
1,erf_8h.shtml
1,functions_rela.shtml
1,I9.shtml
1,423.shtml
1,formpostself.shtml
1,gpioinput.shtml
1,UBinterface.shtml
1,include-root.shtml
1,apply.shtml
1,app_server.layout.shtml
1,plugin_edit.shtml
1,ICMERR-EPROTERROR.shtml
1,agreement.shtml
1,qc11rev1eng.shtml
1,qc15.shtml
1,main7117213.shtml
1,tutorial-07-idef1x-png.shtml
1,tutorial-10-ie-png.shtml
1,208.shtml
1,html_1.shtml
1,index-old.shtml
1,termsofservice.shtml
1,visage_8h-source.shtml
1,mod_tooltips.shtml
1,mod_uicomponent.shtml
1,ouroutlets.shtml
1,leeweedifference.shtml
1,al092020.fstadv.013.shtml
1,al062018.fstadv.057.shtml
1,al062018.fstadv.037.shtml
1,al062018.fstadv.054.shtml
1,al072008.fstadv.019.shtml
1,al092012.fstadv.027.shtml
1,al072008.fstadv.001.shtml
1,al062018.fstadv.065.shtml
1,p4sw.shtml
1,slither.shtml
1,inc-article-3.shtml
1,elec_kicad_compilation.shtml
1,inc_components.shtml
1,News5.shtml
1,endorse2.shtml
1,_logo-bar.shtml
1,net_update.shtml
1,pwnsdr.shtml
1,work_report.shtml
1,ng-grid-jqwidgets-add-page.shtml
1,thr.shtml
1,problems_v4.2.4_2013_v4.9.9_2021.shtml
1,37extendif.shtml
1,RDMRoadmap.shtml
1,turnout_table.shtml
1,jmri3.2.shtml
1,jmri2.3.1.shtml
1,decoder2.7.5.shtml
1,jmri3.9.5.shtml
1,WindowsLocations.shtml
1,Win64.shtml
1,classOpenBabel_1_1OBOrbitalData.shtml
1,classOpenBabel_1_1OBSerialNums.shtml
1,classOpenBabel_1_1OBBase-members.shtml
1,isomorphism_8cpp.shtml
1,globals_w.shtml
1,obconversion_8h_source.shtml
1,tokenst_8h_source.shtml
1,group__stereo.shtml
1,obiter_8h_source.shtml
1,globals_defs_v.shtml
1,obutil_8h_source.shtml
1,parsmart_8h_source.shtml
1,structOpenBabel_1_1OBStereo.shtml
1,dlhandler_8h.shtml
1,functions_func_q.shtml
1,residue_8h.shtml
1,namespaceOpenBabel_1_1detail.shtml
1,udp-port.shtml
1,eth1.shtml
1,participles.shtml
1,monoliterals.shtml
1,F32.shtml
1,429.shtml
1,staff.shtml
1,card_game.shtml
1,file-same.shtml
1,_breadcrumb.shtml
1,readonly.shtml
1,server.shtml
1,ICMERR-EINTERN.shtml
1,econtent.shtml
1,whats-on.shtml
1,sample-txt.shtml
1,311.shtml
1,207.shtml
1,215.shtml
1,fic.shtml
1,success.shtml
1,error-noproducts.shtml
1,logs.shtml
1,shc.shtml
1,stylesheets.shtml
1,particle_8h.shtml
1,sprite_8h.shtml
1,vector2d_8h.shtml
1,cpwgunroll.shtml
1,cube.shtml
1,al092020.fstadv.027.shtml
1,al072008.fstadv.034.shtml
1,al182005.fstadv.016.shtml
1,al092012.fstadv.019.shtml
1,al062018.fstadv.047.shtml
1,al072008.fstadv.024.shtml
1,al182005.fstadv.002.shtml
1,al092012.fstadv.010.shtml
1,al072008.fstadv.010.shtml
1,al062018.fstadv.053.shtml
1,al092012.fstadv.035.shtml
1,rationale.shtml
1,file3.shtml
1,file1.shtml
1,p4-1.shtml
1,p3-1.shtml
1,armasm.shtml
1,culture.shtml
1,hp-full-hero.shtml
1,blogpost2.shtml
1,inc_templates.shtml
1,ethicsandtheacademy3.shtml
1,Opinions8.shtml
1,election1.shtml
1,nineties4.shtml
1,linux_ics.shtml
1,guides.shtml
1,droidhacking.shtml
1,oracle-cs.shtml
1,ng-grid-kendo.shtml
1,form-layouts.shtml
1,angular-kendo-grid.shtml
1,asp.shtml
1,glu.shtml
1,ile.shtml
1,17visual.shtml
1,epilog.shtml
1,jmri2.5.7.shtml
1,jmri2.11.6.shtml
1,a3-2.shtml
1,bondtyper_8h_source.shtml
1,tokenst_8cpp.shtml
1,functions_vars_t.shtml
1,classOpenBabel_1_1OBRotorList.shtml
1,spectrophore_8h_source.shtml
1,reaction_8h.shtml
1,functions_func_a.shtml
1,functions_a.shtml
1,group__main.shtml
1,classOpenBabel_1_1OBExternalBond.shtml
1,classOpenBabel_1_1OBRotorRule.shtml
1,classOpenBabel_1_1OBProxGrid.shtml
1,classOpenBabel_1_1OBGridData.shtml
1,functions_f.shtml
1,bondtyper_8cpp.shtml
1,classOpenBabel_1_1OBMolAtomIter.shtml
1,functions_v.shtml
1,functions_k.shtml
1,icmp-sourc.shtml
1,421.shtml
1,gpiotesting.shtml
1,Simple_Shared_White_Board.shtml
1,createbug.shtml
1,h_3_margin.shtml
1,error_generic.shtml
1,bug53387.shtml
1,myoffer.shtml
1,resource.shtml
1,foresource.shtml
1,scared-scriptless.shtml
1,tutorial-07-txt.shtml
1,310.shtml
1,class_visage_1_1_vector2d-members.shtml
1,class_visage_1_1_sprite_batch.shtml
1,class_visage_1_1_data_object.shtml
1,inc-past.shtml
1,multipleDirectives.shtml
1,includeInvalidPaths.shtml
1,cart-addaddress.shtml
1,al082020.fstadv.002.shtml
1,al072008.fstadv.025.shtml
1,al072008.fstadv.032.shtml
1,al122005.fstadv.029.shtml
1,al062018.fstadv.062.shtml
1,al062018.fstadv.048.shtml
1,al082020.fstadv.014.shtml
1,al092020.fstadv.015.shtml
1,al072008.fstadv.030.shtml
1,al092012.fstadv.014.shtml
1,al122005.fstadv.001.shtml
1,asDebugger.shtml
1,extra-info.shtml
1,model_old.shtml
1,index_cs.shtml
1,chap4.shtml
1,1991-19931.shtml
1,feature1.shtml
1,thelastpage2.shtml
1,therawlsreport1.shtml
1,entertainment1.shtml
1,adidasdemo.shtml
1,thr_d.shtml
1,asp_d.shtml
1,leu_d.shtml
1,53blueprint.shtml
1,4qualities.shtml
1,34constraining.shtml
1,48animationSys.shtml
1,14println.shtml
1,basicD3.shtml
1,tools_basicspec.shtml
1,Ops_Routes_Menu.shtml
1,jmri2.9.7.shtml
1,Ops_EditLocation.shtml
1,plugin_8h.shtml
1,spacegroup_8h.shtml
1,query_8h.shtml
1,lineend_8h_source.shtml
1,todo.shtml
1,classOpenBabel_1_1AliasData.shtml
1,generic_data.shtml
1,globals_e.shtml
1,classOpenBabel_1_1OBAlign.shtml
1,kinetics_8h_source.shtml
1,functions_vars_b.shtml
1,matrix_8h_source.shtml
1,chains_8cpp.shtml
1,classOpenBabel_1_1OBSmartsPattern.shtml
1,group__conformer.shtml
1,atomclass_8h.shtml
1,classOpenBabel_1_1OBQueryBond.shtml
1,classOpenBabel_1_1OBRotorRules.shtml
1,griddata_8h_source.shtml
1,ssitest.shtml
1,O34.shtml
1,chat_code.shtml
1,shared_dictionary.shtml
1,myself.shtml
1,createproject.shtml
1,virtual-relative.shtml
1,define-vars-second.shtml
1,template_index.shtml
1,hidden.shtml
1,time_span.shtml
1,confirm.shtml
1,site_edit.shtml
1,plugin_instance.shtml
1,messenger.layout.shtml
1,associates.shtml
1,order_conf.shtml
1,event_photos.shtml
1,tutorial-08-idef1x-png.shtml
1,512.shtml
1,customeradmin.shtml
1,payment.shtml
1,googlewmt.shtml
1,game_state_8h-source.shtml
1,tree.shtml
1,sound_8h-source.shtml
1,misc_8h-source.shtml
1,d.shtml
1,mod_swiper.shtml
1,ourhistory.shtml
1,al062018.fstadv.028.shtml
1,al062018.fstadv.007.shtml
1,al062018.fstadv.034.shtml
1,al082020.fstadv.004.shtml
1,al092020.fstadv.032.shtml
1,al092012.fstadv.033.shtml
1,al092012.fstadv.039.shtml
1,al122005.fstadv.023.shtml
1,al072008.fstadv.013.shtml
1,file2.shtml
1,HEADER.shtml
1,postargtest.shtml
1,p2sw.shtml
1,folder-path.shtml
1,Opinions12.shtml
1,lettertotheeditor2.shtml
1,Opinions11.shtml
1,webmaster.shtml
1,mini.shtml
1,slackware.shtml
1,output5.shtml
1,output4.shtml
1,output2.shtml
1,api-ppdc.shtml
1,cys_d.shtml
1,dc_d.shtml
1,5languageLevels.shtml
1,2abstraction.shtml
1,44arrProgNotes.shtml
1,building.shtml
1,d3forcenetwork1.shtml
1,espeak.shtml
1,Modules.shtml
1,jmri2.7.9.shtml
1,jmri3.11.4.shtml
1,jmri3.2.1.shtml
1,builder_8cpp.shtml
1,obforcefield_energy_8cpp-example.shtml
1,classOpenBabel_1_1OBStereoFacade.shtml
1,globals_defs_w.shtml
1,ring_8h.shtml
1,grid_8h.shtml
1,groupcontrib_8h_source.shtml
1,shared__ptr_8h_source.shtml
1,vector3_8cpp.shtml
1,text_8h.shtml
1,molchrg_8h_source.shtml
1,obmolecformat_8h_source.shtml
1,examples.shtml
1,asciipainter_8cpp.shtml
1,phmodel_8h.shtml
1,classOpenBabel_1_1OBSetData.shtml
1,globals_defs_f.shtml
1,mem-inout.shtml
1,disk-info.shtml
1,pvsiosoa.shtml
1,cp_errordocument_litespeed.shtml
1,431.shtml
1,427.shtml
1,426.shtml
1,altro.shtml
1,simple_telepointer.shtml
1,Contact_index.shtml
1,metric_graph.shtml
1,include-vars.shtml
1,include-var-nested.shtml
1,generic.layout.shtml
1,plugin_data.shtml
1,order_delivery.shtml
1,content.shtml
1,parameters.shtml
1,document_foot.shtml
1,main7111845.shtml
1,diversityMap.shtml
1,title.shtml
1,113.shtml
1,104.shtml
1,117.shtml
1,112.shtml
1,yahooshop.shtml
1,omnistar.shtml
1,translations-old03.shtml
1,userguide-old02.shtml
1,homed.shtml
1,m.shtml
1,individualotah.shtml
1,al062018.fstadv.015.shtml
1,al062018.fstadv.063.shtml
1,al182005.fstadv.019.shtml
1,al062018.fstadv.001.shtml
1,al092020.fstadv.030.shtml
1,al062018.fstadv.019.shtml
1,al082020.fstadv.001.shtml
1,documents.shtml
1,notice.shtml
1,error_404.shtml
1,chap2.shtml
1,spoiler.shtml
1,index_bck_29032013.shtml
1,linux_scripts_bash.shtml
1,_article-shorts.shtml
1,currentissues2.shtml
1,endorse4.shtml
1,agenda-solobanner.shtml
1,woodenx4.shtml
1,state.shtml
1,output3.shtml
1,layout3b.shtml
1,met.shtml
1,c.shtml
1,copyright-etc.shtml
1,jmri3.7.3.shtml
1,jmri3.5.2.shtml
1,jmri3.1.5.shtml
1,classOpenBabel_1_1OBDepict.shtml
1,classOpenBabel_1_1OBSqrtTbl.shtml
1,functions_o.shtml
1,functions_n.shtml
1,classOpenBabel_1_1OBRingSearch.shtml
1,obmolecformat_8cpp.shtml
1,classOpenBabel_1_1OBOp.shtml
1,oberror_8cpp.shtml
1,classOpenBabel_1_1OBRingData.shtml
1,classOpenBabel_1_1OBResidueIter.shtml
1,globals_defs_p.shtml
1,tautomer_8cpp.shtml
1,connTcp.shtml
1,hochstudyguides.shtml
1,N29.shtml
1,grading.shtml
1,451.shtml
1,etica.shtml
1,page-bottom.shtml
1,formgetself.shtml
1,quicksteps.shtml
1,background.shtml
1,flower-list.shtml
1,adminmodal.shtml
1,node_features_plugins.shtml
1,sheader.shtml
1,checkbox_list.shtml
1,servers.shtml
1,installation.shtml
1,ICMERR-ENOTFOUND.shtml
1,upload.shtml
1,QC0.shtml
1,qc11.shtml
1,generate.shtml
1,tutorial-03-txt.shtml
1,cmp.shtml
1,win32.shtml
1,iframe.shtml
1,pronto.shtml
1,facebook.shtml
1,body-welcome.shtml
1,olark.shtml
1,buysafe.shtml
1,table10-html.shtml
1,table4-html.shtml
1,bibliography-old03.shtml
1,translations-old01.shtml
1,bibliography.shtml
1,mod_touchcity.shtml
1,program.shtml
1,cart-payment.shtml
1,al182005.fstadv.009.shtml
1,al182005.fstadv.001.shtml
1,al062018.fstadv.023.shtml
1,al092020.fstadv.019.shtml
1,al082020.fstadv.015.shtml
1,al062018.fstadv.032.shtml
1,al092020.fstadv.004.shtml
1,alternative.shtml
1,thankyou.shtml
1,kicad_compilation.shtml
1,analytics.shtml
1,intro1.shtml
1,cartoons.shtml
1,ethicsandtheacademy1.shtml
1,registro.shtml
1,hostxr.shtml
1,streetsweep.shtml
1,cr48.shtml
1,mitarbeiter-alle.shtml
1,265788.shtml
1,glyphicons.shtml
1,ng-grid-jqwidgets.shtml
1,a.shtml
1,tyr_d.shtml
1,46iterations.shtml
1,26beyond.shtml
1,51transF3D.shtml
1,dns-frontend.shtml
1,tools_wavelength.shtml
1,Introduction.shtml
1,layout_editor.shtml
1,jmri1.8.shtml
1,Ops_Settings_Tools_Options.shtml
1,Ops_Cars_Menu.shtml
1,jmri3.7.6.shtml
1,jmri2.5.1.shtml
1,functions_func_n.shtml
1,rand_8h_source.shtml
1,typer_8h_source.shtml
1,data_8h_source.shtml
1,atom_8h.shtml
1,classOpenBabel_1_1OBVibrationData.shtml
1,canon_8cpp.shtml
1,transform_8cpp.shtml
1,classOpenBabel_1_1OBUnitCell.shtml
1,functions_h.shtml
1,structOpenBabel_1_1FptIndexHeader.shtml
1,fingerprint_8h.shtml
1,functions_z.shtml
1,classOpenBabel_1_1patty-members.shtml
1,parsmart_8cpp.shtml
1,transform3d_8h_source.shtml
1,classOpenBabel_1_1OBRotorKeys.shtml
1,bitvec_8cpp.shtml
1,classOpenBabel_1_1OBRandom.shtml
1,structOpenBabel_1_1FptIndex.shtml
1,level_based.shtml
1,listaNews.shtml
1,attr.shtml
1,security.shtml
1,systemdokumentasjon_kro.shtml
1,example-shtml.shtml
1,raffle.shtml
1,tutorial-06-ie-png.shtml
1,htmlstop.shtml
1,216.shtml
1,yahoowmt.shtml
1,body-sidebar.shtml
1,body-menu.shtml
1,design.shtml
1,table8b-html.shtml
1,cpp_period_drobi.shtml
1,class_visage_1_1_texture.shtml
1,class_visage_1_1_music_loop.shtml
1,homeB.shtml
1,mod_sharebox.shtml
1,mod_form.shtml
1,cart-confirmation.shtml
1,al182005.fstadv.014.shtml
1,al062018.fstadv.026.shtml
1,al122005.fstadv.002.shtml
1,al092020.fstadv.011.shtml
1,al182005.fstadv.028.shtml
1,result.shtml
1,music.shtml
1,clashclans.shtml
1,xwdz.shtml
1,news10.shtml
1,1991-19932.shtml
1,values2.shtml
1,values1.shtml
1,endorsements1.shtml
1,endorse3.shtml
1,subscribe.shtml
1,_head.shtml
1,incubator.shtml
1,TestModule1.shtml
1,includes.shtml
1,Properties_fr.shtml
1,NXWarrant.shtml
1,postgres-cs.shtml
1,pandoc_template.shtml
1,g.shtml
1,arg.shtml
1,47transforms.shtml
1,41settingConst.shtml
1,LiveDataProject.shtml
1,jmri2.13.6.shtml
1,jmri2.3.7.shtml
1,jmri2.9.4.shtml
1,Ops_ImportEngines_FromFiles.shtml
1,jmri3.1.4.shtml
1,Ops_EditLocation_track.shtml
1,internalcoord_8h.shtml
1,forcefield_8h_source.shtml
1,locale_8h.shtml
1,globals_defs_s.shtml
1,matrix3x3_8cpp.shtml
1,globals_p.shtml
1,classOpenBabel_1_1OBTorsionData.shtml
1,canon_8h.shtml
1,classOpenBabel_1_1transform3d.shtml
1,functions_0x7e.shtml
1,tetrahedral_8h.shtml
1,classOpenBabel_1_1OBResidue.shtml
1,functions_func_b.shtml
1,icmp-err.shtml
1,W12.shtml
1,partecipa.shtml
1,logoTablero.shtml
1,simpleTut.shtml
1,comment-editor.shtml
1,define-vars-first.shtml
1,double_slide.shtml
1,macros.shtml
1,table5-html.shtml
1,tga_8h.shtml
1,class_visage_1_1_particle-members.shtml
1,homepage2B.shtml
1,al182005.fstadv.006.shtml
1,al182005.fstadv.030.shtml
1,al062018.fstadv.017.shtml
1,al062018.fstadv.041.shtml
1,al062018.fstadv.009.shtml
1,al062018.fstadv.012.shtml
1,al072008.fstadv.026.shtml
1,al062018.fstadv.030.shtml
1,pop.shtml
1,nav-en.shtml
1,whatis.shtml
1,mariano-crosetti.shtml
1,clashroyal.shtml
1,linkpg.shtml
1,chap3.shtml
1,page-zt.shtml
1,inc-nav.shtml
1,bilevel_partition.shtml
1,back_page1.shtml
1,6555.shtml
1,api-cgi.shtml
1,api-httpipp.shtml
1,api-array.shtml
1,buttons.shtml
1,trp_d.shtml
1,u.shtml
1,1about.shtml
1,59courseOutline.shtml
1,50transMatrix.shtml
1,prolog.shtml
1,jmri3.3.2.shtml
1,jmri2.7.3.shtml
1,Main_Roster_DP3.shtml
1,jmri2.7.2.shtml
1,jmri2.3.4.shtml
1,jmri3.11.2.shtml
1,Ops_AddLocations.shtml
1,Ops_Engines_menu.shtml
1,Ops_Locations_SwitchList.shtml
1,classOpenBabel_1_1OBLocale.shtml
1,groupcontrib_8h.shtml
1,forcefield_8h.shtml
1,functions_s.shtml
1,classOpenBabel_1_1OBInternalCoord.shtml
1,generic_8cpp.shtml
1,structOpenBabel_1_1OBFontMetrics.shtml
1,structOpenBabel_1_1OBStereoUnit.shtml
1,globals_o.shtml
1,classOpenBabel_1_1OBRotor-members.shtml
1,classOpenBabel_1_1OBQueryAtom.shtml
1,obconversion_8cpp.shtml
1,builder_8h.shtml
1,optransform_8h_source.shtml
1,globals_func.shtml
1,alias_8h.shtml
1,eth1-desc.shtml
1,D21.shtml
1,biliterals.shtml
1,V13.shtml
1,vocabulary.shtml
1,Q3.shtml
1,emcc10results.shtml
1,buttonpostself.shtml
1,problem_selector.shtml
1,footerAcercaDe.shtml
1,devmate_var.shtml
1,define-vars.shtml
1,text.shtml
1,ICMERR-ETIMEOUT.shtml
1,ICMERR-EDEFAULT.shtml
1,ICMERR-EUNAUTH.shtml
1,qc10.shtml
1,qc13.shtml
1,nav.include.shtml
1,headscripts.shtml
1,420.shtml
1,513.shtml
1,317.shtml
1,stp.shtml
1,class_visage_1_1_resource_manager.shtml
1,homee.shtml
1,mod_dataform.shtml
1,cart-terms.shtml
1,cart-updateaddress.shtml
1,al122005.fstadv.030.shtml
1,al092020.fstadv.006.shtml
1,al182005.fstadv.012.shtml
1,al072008.fstadv.020.shtml
1,al062018.fstadv.016.shtml
1,al092012.fstadv.029.shtml
1,al122005.fstadv.031.shtml
1,al072008.fstadv.009.shtml
1,code_examples.shtml
1,comite.shtml
1,header-old.shtml
1,page-index.shtml
1,_calendar.shtml
1,blogpost1.shtml
1,document_scripts.shtml
1,founding4.shtml
1,editorials1.shtml
1,bookreview2.shtml
1,endorsements3.shtml
1,entertainment2.shtml
1,nineties1.shtml
1,letterstotheeditor2.shtml
1,Foreign_Affairs3.shtml
1,bookreview1.shtml
1,entropy.shtml
1,droid.shtml
1,c_d.shtml
1,trp.shtml
1,9clustering.shtml
1,_vendors.shtml
1,USB.shtml
1,jmri2.99.5.shtml
1,jmri2.13.3.shtml
1,placing_signals_on_layout.shtml
1,Ops_EditLocation_menu.shtml
1,jmri3.7.5.shtml
1,a4-2.shtml
1,classOpenBabel_1_1OBSmartsMatcher.shtml
1,tetranonplanar_8h.shtml
1,globals_defs_t.shtml
1,functions_func_e.shtml
1,functions_func_r.shtml
1,asciipainter_8h_source.shtml
1,changes21.shtml
1,functions_j.shtml
1,structOpenBabel_1_1quad-members.shtml
1,data_8h.shtml
1,molchrg_8h.shtml
1,globals_defs_d.shtml
1,header_begin.shtml
1,hochparadigms.shtml
1,N37.shtml
1,month_calendar.shtml
1,generisk.shtml
1,qc17.shtml
1,event_highlights.shtml
1,Paul-T-Minerich.shtml
1,tutorial-04-txt.shtml
1,cardinality-symbols.shtml
1,view.shtml
1,providesupport.shtml
1,checkout.shtml
1,requestform.shtml
1,old01-table1-html.shtml
1,class_visage_1_1_t_g_a-members.shtml
1,file_system_8h-source.shtml
1,class_visage_1_1_t_g_a.shtml
1,al062018.fstadv.020.shtml
1,al182005.fstadv.022.shtml
1,al072008.fstadv.008.shtml
1,al182005.fstadv.023.shtml
1,al062018.fstadv.052.shtml
1,al062018.fstadv.002.shtml
1,al082020.fstadv.013.shtml
1,al072008.fstadv.017.shtml
1,al092012.fstadv.036.shtml
1,chartdata.shtml
1,handbook.shtml
1,REF-Providers.shtml
1,1987-19882.shtml
1,libmackerel.shtml
1,droidapps.shtml
1,dc.shtml
1,20aliasing.shtml
1,24dataCat.shtml
1,jmri3.7.1.shtml
1,jmri2.11.2.shtml
1,jmri2.11.7.shtml
1,jmri3.10.1.shtml
1,generic_8h_source.shtml
1,globals_defs_l.shtml
1,plugin_8h_source.shtml
1,graphsym_8h_source.shtml
1,globals_t.shtml
1,griddata_8cpp.shtml
1,functions_vars_f.shtml
1,locale_8cpp.shtml
1,classOpenBabel_1_1OBFingerprint.shtml
1,builder_8h_source.shtml
1,wishes.shtml
1,ip-prot.shtml
1,404 original.shtml
1,I10.shtml
1,footer.inc.shtml
1,snmpttconvert.shtml
1,primes.shtml
1,linechart.shtml
1,headerMinivacs.shtml
1,ICMERR-EOVERLOAD.shtml
1,purchase_deal.shtml
1,commit.shtml
1,purchase_send.shtml
1,kvalobs.shtml
1,sponsor.shtml
1,214.shtml
1,company.shtml
1,confirmdelete.shtml
1,livepreview.shtml
1,shopcom.shtml
1,table6-html.shtml
1,leeweediff.shtml
1,al092020.fstadv.021.shtml
1,al062018.fstadv.033.shtml
1,al122005.fstadv.015.shtml
1,al092020.fstadv.026.shtml
1,al092012.fstadv.020.shtml
1,headlink.shtml
1,FOOTER.shtml
1,informacion.shtml
1,testimonios.shtml
1,seedata.shtml
1,howtobuild.shtml
1,dynamic.shtml
1,minecraft.shtml
1,appC.shtml
1,chap6.shtml
1,Liturgical Calendar | August 2017.shtml
1,html5start.shtml
1,inc_pages.shtml
1,scriptingDemo.shtml
1,founding3.shtml
1,Opinions17.shtml
1,lettertoeditor.shtml
1,agenda-post.shtml
1,bluefog.shtml
1,SignalHeads.shtml
1,XBeeNodeConfigurationTool.shtml
1,tyr.shtml
1,23order.shtml
1,60download.shtml
1,desktop-items.shtml
1,style.shtml
1,jmri3.3.5.shtml
1,jmri2.99.2.shtml
1,jmri2.99.8.shtml
1,decTOPvideo.shtml
1,jmri2.11.4.shtml
1,jmri2.7.5.shtml
1,Ops_Trains_Menu.shtml
1,jmri2.99.1.shtml
1,jmri4.1.1.shtml
1,WindowsSeStoppedWorking.shtml
1,a4-1.shtml
1,a2-1.shtml
1,changes23.shtml
1,kekulize_8cpp.shtml
1,dlhandler_8h_source.shtml
1,functions_e.shtml
1,format_8cpp.shtml
1,painter_8h_source.shtml
1,functions_vars_y.shtml
1,classOpenBabel_1_1OBStopwatch.shtml
1,classOpenBabel_1_1OBFloatGrid.shtml
1,deprecated.shtml
1,mol_8h_source.shtml
1,text_8h_source.shtml
1,dlhandler__win32_8cpp.shtml
1,globals_defs_z.shtml
1,spacegroup_8h_source.shtml
1,residue_8h_source.shtml
1,int.shtml
1,icmp-carga.shtml
1,icmp-dest.shtml
1,headerInternoRef.shtml
1,user-edit.shtml
1,htmlhead.shtml
1,gesture.shtml
1,_index.shtml
1,array.shtml
1,tutorial-08-ie-png.shtml
1,tutorial-06-txt.shtml
1,post.shtml
1,304.shtml
1,302.shtml
1,html_2.shtml
1,livechat.shtml
1,paypal-cancel.shtml
1,jedit.shtml
1,old01-table3-html.shtml
1,old01-table6-html.shtml
1,class_visage_1_1_resource-members.shtml
1,namespace_visage.shtml
1,page404.shtml
1,al062018.fstadv.050.shtml
1,al082020.fstadv.011.shtml
1,al092020.fstadv.016.shtml
1,al072008.fstadv.002.shtml
1,al062018.fstadv.059.shtml
1,al082020.fstadv.016.shtml
1,al122005.fstadv.007.shtml
1,al082020.fstadv.003.shtml
1,al072008.fstadv.027.shtml
1,questsChecker.shtml
1,phone.shtml
1,minecraft.survival.shtml
1,page-video.shtml
1,inc-article-list-1.shtml
1,modal.shtml
1,article-page.shtml
1,_article-link.shtml
1,Foreign_Affairs1.shtml
1,x.shtml
1,qinook.shtml
1,chromeos.shtml
1,mitarbeiter-orga.shtml
1,api-mime.shtml
1,api-overview.shtml
1,msaccess-cs.shtml
1,font-awesome.shtml
1,ser.shtml
1,n_activityDetail.shtml
1,10parsing.shtml
1,jmri2.3.6.shtml
1,jmri2.99.6.shtml
1,RDKitConv_8h.shtml
1,globals_i.shtml
1,distgeom_8cpp.shtml
1,classOpenBabel_1_1OBRotationData.shtml
1,cairopainter_8h.shtml
1,classOpenBabel_1_1OBRing-members.shtml
1,oberror_8h.shtml
1,unionOpenBabel_1_1__BondExpr.shtml
1,globals_r.shtml
1,distgeom_8h_source.shtml
1,globals_defs_i.shtml
1,typer_8cpp.shtml
1,classOpenBabel_1_1OBTorsion.shtml
1,alias_8cpp.shtml
1,classOpenBabel_1_1OBFreeGrid.shtml
1,classOpenBabel_1_1OBMol.shtml
1,chiral_8cpp.shtml
1,snmp-err.shtml
1,hochnouns.shtml
1,S29.shtml
1,projectplan.shtml
1,headerFavc.shtml
1,form-home.shtml
1,footer-nav-tablero.shtml
1,streamedTuples.shtml
1,Shared_White_Board.shtml
1,single_slide_half.shtml
1,file_input.shtml
1,ICMERR-EDISPATCHERR.shtml
1,umple-state-classDiagram.shtml
1,account.shtml
1,order_detail.shtml
1,purchase_pass.shtml
1,main-orig.shtml
1,menu_systools.shtml
1,menu_textools.shtml
1,meet-the-team.shtml
1,post-enterprise-312806-1.shtml
1,108.shtml
1,web-page-2.shtml
1,index-navcatonly.shtml
1,edit-newsletter.shtml
1,msnadcenter.shtml
1,bingwmt.shtml
1,resource_manager_8h.shtml
1,class_visage_1_1_font.shtml
1,class_visage_1_1_texture-members.shtml
1,font_8h.shtml
1,log_8h.shtml
1,homeA.shtml
1,mod_datetimepicker.shtml
1,cart-receiving-mode-less-100.shtml
1,al092012.fstadv.028.shtml
1,al062018.fstadv.010.shtml
1,al072008.fstadv.021.shtml
1,al072008.fstadv.016.shtml
1,al122005.fstadv.019.shtml
1,al062018.fstadv.003.shtml
1,activities.shtml
1,howtoplay.shtml
1,problems_old.shtml
1,page-final.shtml
1,code_bash_formatname.shtml
1,introduction.shtml
1,alumnithoughts1.shtml
1,memorycartoon.shtml
1,editorials3.shtml
1,thelastpage1.shtml
1,mission.shtml
1,lehrveranstaltungen-kalender.shtml
1,asn_d.shtml
1,7softwareDev.shtml
1,40returningData.shtml
1,38interfaceCont.shtml
1,28experiment.shtml
1,jmri2.1.5.shtml
1,Ops_EditEngines.shtml
1,jmri3.7.2.shtml
1,jmri3.9.6.shtml
1,MacOSXrmLibs.shtml
1,forcefield_8cpp.shtml
1,classOpenBabel_1_1OBQuery-members.shtml
1,format_8h.shtml
1,parsmart_8h.shtml
1,group__plugins.shtml
1,classOpenBabel_1_1OBBuilder.shtml
1,globals_h.shtml
1,mol_8h.shtml
1,functions_l.shtml
1,functions_func_c.shtml
1,mcdlutil_8h.shtml
1,classOpenBabel_1_1OBAtomAtomIter.shtml
1,globals_defs_h.shtml
1,unionOpenBabel_1_1__AtomExpr.shtml
1,classOpenBabel_1_1OBPairTemplate.shtml
1,chargemodel_8h_source.shtml
1,template_end.shtml
1,ip-desc.shtml
1,eth1-err.shtml
1,travel_information.shtml
1,424.shtml
1,get_out_west.shtml
1,sibling.shtml
1,multiple.shtml
1,date_time.shtml
1,view_invoice.shtml
1,spage.shtml
1,sample-ie-png.shtml
1,headstop.shtml
1,110.shtml
1,518.shtml
1,119.shtml
1,517.shtml
1,index-listonly.shtml
1,rename_navcat.shtml
1,sas.shtml
1,mailto-test2.shtml
1,table2-html.shtml
1,texture_8h-source.shtml
1,resource_manager_8h-source.shtml
1,testidp.shtml
1,execCmd.shtml
1,al092012.fstadv.030.shtml
1,al092012.fstadv.005.shtml
1,al062018.fstadv.060.shtml
1,al122005.fstadv.022.shtml
1,al062018.fstadv.035.shtml
1,al122005.fstadv.011.shtml
1,testing.shtml
1,p1.shtml
1,quees.shtml
1,testsend.shtml
1,p3estado.shtml
1,1-altitude.shtml
1,_article-list.shtml
1,ethicsandtheacademy2.shtml
1,Opinions16.shtml
1,editorial3.shtml
1,drumled.shtml
1,chrome.shtml
1,u_d.shtml
1,pro_d.shtml
1,36relationOp.shtml
1,11whyProcessing.shtml
1,experiment_introspec.shtml
1,funding_index.shtml
1,for_educators.shtml
1,Ops_Locations_Menu.shtml
1,jmri2.9.10.shtml
1,SPShasta.shtml
1,jmri3.9.2.shtml
1,a2-2.shtml
1,functions_vars_x.shtml
1,classOpenBabel_1_1OBError.shtml
1,classOpenBabel_1_1OBRingTyper.shtml
1,globals_defs_b.shtml
1,transform3d_8cpp.shtml
1,stereo_8h_source.shtml
1,graphsym_8cpp.shtml
1,chiral_8h.shtml
1,rotamer_8h_source.shtml
1,functions_d.shtml
1,classOpenBabel_1_1OBGenericData.shtml
1,globals_defs_o.shtml
1,part.shtml
1,cambio.shtml
1,tcp-retr.shtml
1,negatives.shtml
1,reading.shtml
1,D58.shtml
1,header.inc.shtml
1,menu.inc.shtml
1,andi.shtml
1,sagwag.shtml
1,NUBinterface.shtml
1,bugs.shtml
1,site.shtml
1,purchase_nopass.shtml
1,invoice.shtml
1,qc2d4.shtml
1,main6964276.shtml
1,asennus.shtml
1,tutorial-06-idef1x-png.shtml
1,519.shtml
1,205.shtml
1,ssr.shtml
1,stations.shtml
1,credits.shtml
1,nextag.shtml
1,kount.shtml
1,paypal-thankyou.shtml
1,googlets.shtml
1,table1-html.shtml
1,requestform-old01.shtml
1,hd-shipin.shtml
1,hd-xq-vote.shtml
1,mod_marquee.shtml
1,mod_touchdatetime.shtml
1,cart-summary.shtml
1,al082020.fstadv.009.shtml
1,al182005.fstadv.020.shtml
1,al072008.fstadv.023.shtml
1,al092020.fstadv.012.shtml
1,al122005.fstadv.024.shtml
1,al092012.fstadv.025.shtml
1,al122005.fstadv.016.shtml
1,al092020.fstadv.014.shtml
1,al062018.fstadv.056.shtml
1,al092012.fstadv.008.shtml
1,2_absolute_include.shtml
1,3_virtual_include.shtml
1,2009_05_06_index.shtml
1,matias-hunicken.shtml
1,actividades.shtml
1,spi.shtml
1,p1sw.shtml
1,css.shtml
1,icp.shtml
1,Columns1.shtml
1,founding2.shtml
1,_ga.shtml
1,mediaqueries.shtml
1,SignalingSetup.shtml
1,api-cups.shtml
1,api-filedir.shtml
1,lys_d.shtml
1,gln.shtml
1,val_d.shtml
1,quiz1.shtml
1,33planPredeb.shtml
1,jhc.shtml
1,jmri3.5.4.shtml
1,jmri3.7.4.shtml
1,jmri2.3.2.shtml
1,a3-3.shtml
1,a4.shtml
1,classOpenBabel_1_1OBBondTyper.shtml
1,classOpenBabel_1_1XMLBaseFormat.shtml
1,functions_vars_o.shtml
1,classOpenBabel_1_1OBPairData.shtml
1,data_8cpp.shtml
1,obiter_8h.shtml
1,globals_u.shtml
1,classOpenBabel_1_1OBAtomTyper.shtml
1,classOpenBabel_1_1OBRTree.shtml
1,classOpenBabel_1_1OBMolRingIter.shtml
1,xml_8h_source.shtml
1,classOpenBabel_1_1ASCIIPainter.shtml
1,classOpenBabel_1_1OBAngle-members.shtml
1,modules.shtml
1,tetranonplanar_8h_source.shtml
1,Aa1.shtml
1,include-vars-order.shtml
1,v_2_top.shtml
1,v_2_margin.shtml
1,error.layout.shtml
1,purchase_check.shtml
1,order_pay.shtml
1,integration.shtml
1,footer-old.shtml
1,conference-entertainment.shtml
1,sample-idef1x-png.shtml
1,111.shtml
1,514.shtml
1,105.shtml
1,305.shtml
1,copying.shtml
1,bizrate.shtml
1,deleteconfirm.shtml
1,upic.shtml
1,banner_nav2.shtml
1,old01-table5-html.shtml
1,mod_touchselect.shtml
1,inc-reviewcommittee.shtml
1,al062018.fstadv.036.shtml
1,al122005.fstadv.021.shtml
1,al082020.fstadv.012.shtml
1,methodology.shtml
1,see100.shtml
1,event-demo.shtml
1,mac.shtml
1,PublicationsAstrophysics.shtml
1,page-gallery1.shtml
1,GO.format.obo-1_2.shtml
1,tydenni-kalendar.shtml
1,tryorc.shtml
1,Gracias.shtml
1,bdmod.shtml
1,android.shtml
1,serial.shtml
1,rodape.shtml
1,MiniServer.shtml
1,mssql-cs.shtml
1,gly_d.shtml
1,tools_spectrometer.shtml
1,jmri2.13.4.shtml
1,jmri2.9.5.shtml
1,jmri3.5.7.shtml
1,jmri2.14.1.shtml
1,jmri3.3.7.shtml
1,jmri2.1.3.shtml
1,classOpenBabel_1_1OBOp-members.shtml
1,classOpenBabel_1_1OBGrid.shtml
1,classOpenBabel_1_1OBRing.shtml
1,globals_f.shtml
1,structOpenBabel_1_1DoubleType.shtml
1,classOpenBabel_1_1OBQuery.shtml
1,patty_8h.shtml
1,functions_func_l.shtml
1,classOpenBabel_1_1CairoPainter.shtml
1,classOpenBabel_1_1OBText.shtml
1,rand_8cpp.shtml
1,classOpenBabel_1_1OBChainsParser.shtml
1,cairopainter_8cpp.shtml
1,eth0-err.shtml
1,eth0-desc.shtml
1,lan.shtml
1,G17.shtml
1,mailinglists.shtml
1,release_selector.shtml
1,hqc.shtml
1,section.shtml
1,scontent.shtml
1,comingsoon.shtml
1,509.shtml
1,211.shtml
1,516.shtml
1,101.shtml
1,facebook-app.shtml
1,translations.shtml
1,privacypolicy.shtml
1,hd-path.shtml
1,class_visage_1_1_sound_effect.shtml
1,org.shtml
1,al182005.fstadv.005.shtml
1,al062018.fstadv.014.shtml
1,al122005.fstadv.013.shtml
1,al122005.fstadv.020.shtml
1,al092012.fstadv.038.shtml
1,al122005.fstadv.006.shtml
1,al182005.fstadv.015.shtml
1,al182005.fstadv.024.shtml
1,al082020.fstadv.007.shtml
1,al072008.fstadv.033.shtml
1,pop2.shtml
1,finalpresentations.shtml
1,nav-es.shtml
1,consultants.shtml
1,lectures.shtml
1,alumnithoughts2.shtml
1,feed.shtml
1,election2.shtml
1,agenda-pre.shtml
1,xboxmod.shtml
1,spectra.shtml
1,event keyboard in javasrript.shtml
1,mitarbeiter.shtml
1,lehrveranstaltungen-einzeln.shtml
1,lys.shtml
1,his_d.shtml
1,activity.shtml
1,43mysteryShM.shtml
1,52oop.shtml
1,quiz2.shtml
1,audiotest.shtml
1,experiments.shtml
1,indexFooter.shtml
1,jmri3.11.3.shtml
1,MacOSLocations.shtml
1,jmri4.0.shtml
1,jmri2.2.shtml
1,jmri2.13.2.shtml
1,jmri2.13.5.shtml
1,classOpenBabel_1_1OBConformerData.shtml
1,base_8h_source.shtml
1,atom_8cpp.shtml
1,op_8h_source.shtml
1,classOpenBabel_1_1OBSymmetryData.shtml
1,modules_8h_source.shtml
1,chargemodel_8cpp.shtml
1,classOpenBabel_1_1OBAtomBondIter.shtml
1,cistrans_8h.shtml
1,bitvec_8h.shtml
1,classOpenBabel_1_1obLogBuf.shtml
1,classOpenBabel_1_1FastSearch.shtml
1,classOpenBabel_1_1OBAtomHOF.shtml
1,carga-cpu.shtml
1,mem-swap.shtml
1,n.shtml
1,users.shtml
1,form_element.shtml
1,app_list.shtml
1,view_email.shtml
1,ICMERR-ENOMEM.shtml
1,labels.shtml
1,mall.shtml
1,order_invoice.shtml
1,bookreviews.shtml
1,qc19.shtml
1,qc12.shtml
1,menu_linux.shtml
1,menu_othersoft.shtml
1,photo_gallery.shtml
1,Site-Map.shtml
1,gallery2.shtml
1,dependency-of-entity.shtml
1,tutorial-07-ie-png.shtml
1,._404.shtml
1,htmlstart.shtml
1,115.shtml
1,220.shtml
1,204.shtml
1,create_list.shtml
1,modified.shtml
1,preview.shtml
1,al062018.fstadv.044.shtml
1,al072008.fstadv.022.shtml
1,al182005.fstadv.003.shtml
1,index_placeholder.shtml
1,manufacturer.shtml
1,p2estado.shtml
1,cleaning.shtml
1,feature2.shtml
1,recent2.shtml
1,btcrib.shtml
1,bt_rng.shtml
1,wfchack.shtml
1,mainframe.shtml
1,VSDecoderFrame_1.shtml
1,mitarbeiter-einzeln.shtml
1,mysql-cs.shtml
1,grid-kendo.shtml
1,his.shtml
1,ala.shtml
1,phe_d.shtml
1,dt_d.shtml
1,problems_v2.7.3_2003_v4.2.3_2012.shtml
1,16stdCodingPrac.shtml
1,31interactIm.shtml
1,jmri2.9.6.shtml
1,WindowsNew.shtml
1,jmri2.9.2.shtml
1,jmri2.7.6.shtml
1,jmri2.3.8.shtml
1,jmri2.9.1.shtml
1,jmri2.1.2.shtml
1,classOpenBabel_1_1OBBond-members.shtml
1,functions_vars_a.shtml
1,tetraplanar_8h_source.shtml
1,functions_vars_w.shtml
1,distgeom_8h.shtml
1,structOpenBabel_1_1triple-members.shtml
1,obmolecformat_8h.shtml
1,reaction_8h_source.shtml
1,classOpenBabel_1_1OBAlign-members.shtml
1,structOpenBabel_1_1OBColor.shtml
1,icmp.shtml
1,N35.shtml
1,cp_errordocument.shtml
1,snmpttconvertmib.shtml
1,html_area.shtml
1,text_area.shtml
1,trigger_edit.shtml
1,code.shtml
1,Disclaimer.shtml
1,Practice-Areas.shtml
1,tutorial-04-idef1x-png.shtml
1,tutorial-01-txt.shtml
1,bodystop.shtml
1,313.shtml
1,206.shtml
1,217.shtml
1,306.shtml
1,spm.shtml
1,mod_actionsheet.shtml
1,cart-selectaddress.shtml
1,al092020.fstadv.020.shtml
1,al122005.fstadv.009.shtml
1,al062018.fstadv.022.shtml
1,al122005.fstadv.026.shtml
1,al092012.fstadv.031.shtml
1,al092020.fstadv.005.shtml
1,al092020.fstadv.033.shtml
1,al062018.fstadv.061.shtml
1,0_relative_include.shtml
1,p3-2.shtml
1,error_500.shtml
1,bb.shtml
1,end-of-head-to-start-of-content.shtml
1,siteMap.shtml
1,hex.shtml
1,hp-standard.shtml
1,blogpost2-content.shtml
1,breview3.shtml
1,Column3.shtml
1,output6.shtml
1,lehrveranstaltungen-alle.shtml
1,32frictSim.shtml
1,utility.shtml
1,jmri3.0.1.shtml
1,jmri2.1.6.shtml
1,jmri2.9.3.shtml
1,jmri4.0.1.shtml
1,NMRA2008clinics.shtml
1,a1.shtml
1,classOpenBabel_1_1OBGroupContrib.shtml
1,tautomer_8h_source.shtml
1,functions_vars_i.shtml
1,classOpenBabel_1_1OBForceField.shtml
1,globals_b.shtml
1,functions_c.shtml
1,classOpenBabel_1_1OBGrid-members.shtml
1,rotor_8h.shtml
1,obutil_8h.shtml
1,classOpenBabel_1_1OBOrbital.shtml
1,descriptor_8cpp.shtml
1,group__substructure.shtml
1,vector3_8h.shtml
1,classOpenBabel_1_1OBCommentData.shtml
1,classOpenBabel_1_1OBAngleData.shtml
1,RDKitConv_8h_source.shtml
1,template_begin.shtml
1,header_end.shtml
1,hochverbforms.shtml
1,emcc12results.shtml
1,TestAppsGuide.shtml
1,baz.shtml
1,carousel.shtml
1,real_time_chess.shtml
1,favorite.shtml
1,_admin.layout.shtml
1,purchase.shtml
1,gallery-utopia.shtml
1,tutorial-10-txt.shtml
1,headstart.shtml
1,303.shtml
1,318.shtml
1,table9-html.shtml
1,homepage2A.shtml
1,mod_request.shtml
1,request.shtml
1,al092012.fstadv.002.shtml
1,al072008.fstadv.003.shtml
1,al072008.fstadv.031.shtml
1,al072008.fstadv.005.shtml
1,al092012.fstadv.037.shtml
1,al062018.fstadv.029.shtml
1,p2-2.shtml
1,svgtest.shtml
1,p1estado.shtml
1,beers.shtml
1,latex_lettres_grecques.shtml
1,headcontent.shtml
1,endorsements2.shtml
1,news9.shtml
1,frontpage3.shtml
1,_toc.shtml
1,get-started.shtml
1,arg_d.shtml
1,presentations-and-meetings.shtml
1,jmri2.99.7.shtml
1,jmri3.3.6.shtml
1,jmri4.1.3.shtml
1,jmri2.13.7.shtml
1,jmri1.9.2.shtml
1,jmri3.3.3.shtml
1,jmri3.10.shtml
1,jmri2.3.3.shtml
1,jmri3.3.1.shtml
1,jmri3.9.1.shtml
1,fingerprint_8cpp.shtml
1,functions_vars_c.shtml
1,oberror_8h_source.shtml
1,functions_func_w.shtml
1,asciipainter_8h.shtml
1,classOpenBabel_1_1OBMolAngleIter.shtml
1,commandpainter_8h_source.shtml
1,functions_t.shtml
1,bond_8h.shtml
1,conformersearch_8h_source.shtml
1,obutil_8cpp.shtml
1,cairopainter_8h_source.shtml
1,classOpenBabel_1_1OpTransform.shtml
1,isomorphism_8h.shtml
1,chiral_8h_source.shtml
1,format_8h_source.shtml
1,query_8h_source.shtml
1,descriptor_8h.shtml
1,james.shtml
1,not_an_index.shtml
1,ICMERR-ENOSESSION.shtml
1,editorguidelines.shtml
1,utvekslingsformat.shtml
1,brukerdokumentasjon_kro.shtml
1,menu_webtools.shtml
1,extralife.shtml
1,tutorial-08-txt.shtml
1,tutorial-03-ie-png.shtml
1,practice.shtml
1,213.shtml
1,515.shtml
1,sum.shtml
1,body-denied.shtml
1,modes.shtml
1,blinklogic.shtml
1,toxmledit.shtml
1,TODO.shtml
1,class_visage_1_1_font-members.shtml
1,fundPerformance_L2020.shtml
1,getstarted.shtml
1,mod_imageviewer.shtml
1,inc-submissions.shtml
1,execCgi.shtml
1,al092020.fstadv.007.shtml
1,al072008.fstadv.012.shtml
1,al122005.fstadv.014.shtml
1,al092012.fstadv.017.shtml
1,al062018.fstadv.064.shtml
1,al092012.fstadv.026.shtml
1,al062018.fstadv.055.shtml
1,error_401.shtml
1,cbst.shtml
1,editorials2.shtml
1,For_The_Record1.shtml
1,a_d.shtml
1,asn.shtml
1,prs_pbl_old.shtml
1,39userDefFunc.shtml
1,jmri3.5.6.shtml
1,jmri2.7.1.shtml
1,jmri2.5.6.shtml
1,jmri1.9.1.shtml
1,jmri2.5.2.shtml
1,Ops_EditRoutes.shtml
1,jmri2.7.8.shtml
1,jmri3.1.8.shtml
1,a3-1.shtml
1,a2.shtml
1,functions_func_s.shtml
1,data__utilities_8h.shtml
1,globals_defs_k.shtml
1,mcdlutil_8cpp.shtml
1,atom_8h_source.shtml
1,bondtyper_8h.shtml
1,globals_defs_n.shtml
1,classOpenBabel_1_1OBAtomClassData.shtml
1,classOpenBabel_1_1OBTypeTable.shtml
1,classDLHandler.shtml
1,globals_vars.shtml
1,functions_func_i.shtml
1,classOpenBabel_1_1OBDescriptor.shtml
1,canonical_code_algorithm.shtml
1,classOpenBabel_1_1OBSpectrophore.shtml
1,patty_8cpp.shtml
1,rotamer_8h.shtml
1,ip-cab.shtml
1,lab2.shtml
1,X1.shtml
1,D46.shtml
1,contest_information.shtml
1,reset.shtml
1,index.al.shtml
1,sexual_health.shtml
1,stx.shtml
1,first-var-nested.shtml
1,v_2_translate.shtml
1,form_table.shtml
1,findpwd.shtml
1,todolist.shtml
1,Privacy-Policy.shtml
1,saannot.shtml
1,tutorial-09-txt.shtml
1,tutorial-01-idef1x-png.shtml
1,cardinality-list.shtml
1,201.shtml
1,idd.shtml
1,sdd.shtml
1,kount-register.shtml
1,change_category.shtml
1,cj.shtml
1,powerreviews.shtml
1,faq-old.shtml
1,sprite_8h-source.shtml
1,sound_8h.shtml
1,mod_lazyload.shtml
1,mod_lightscroll.shtml
1,mod_layerbox.shtml
1,cart-receiving-mode.shtml
1,ourfood.shtml
1,al072008.fstadv.028.shtml
1,al062018.fstadv.045.shtml
1,al092012.fstadv.007.shtml
1,al092012.fstadv.004.shtml
1,al062018.fstadv.024.shtml
1,al122005.fstadv.025.shtml
1,p4estado.shtml
1,mesicni-kalendar.shtml
1,_aside.shtml
1,posts.shtml
1,document_footer.shtml
1,Opinions10.shtml
1,interview.shtml
1,typography.shtml
1,unit-layouts.shtml
1,SignalGroups.shtml
1,profiles.shtml
1,lehrveranstaltungen.shtml
1,layout3.shtml
1,3effeciency.shtml
1,29datatyping.shtml
1,development.shtml
1,jmri3.11.6.shtml
1,jmri2.1.8.shtml
1,jmri2.7.4.shtml
1,jmri3.11.5.shtml
1,jmri3.7.9.shtml
1,jmri3.11.8.shtml
1,template-nosidebar.shtml
1,logix_and_feathers.shtml
1,data__utilities_8h_source.shtml
1,changes22.shtml
1,classOpenBabel_1_1OBChiralData.shtml
1,depict_8cpp.shtml
1,classOpenBabel_1_1OBChemTsfm.shtml
1,classOpenBabel_1_1OBConversion.shtml
1,classOpenBabel_1_1vector3-members.shtml
1,optransform_8h.shtml
1,namespacemembers_enum.shtml
1,functions_vars_p.shtml
1,functions_m.shtml
1,snmp-carga.shtml
1,V28.shtml
1,online_tournament.shtml
1,investors.shtml
1,formpost.shtml
1,RemoteSpinner.shtml
1,F77nonuniform.shtml
1,zimport.shtml
1,virtual-same.shtml
1,h_2_margin.shtml
1,simple.layout.shtml
1,ICMERR-ENOTAVAIL.shtml
1,article_news.shtml
1,skriptingsveil.shtml
1,scripts.include.shtml
1,basescripts.shtml
1,212.shtml
1,320.shtml
1,203.shtml
1,become.shtml
1,googapi.shtml
1,body-developer-scheme.shtml
1,class_visage_1_1_particle.shtml
1,class_visage_1_1_particle_manager.shtml
1,homepage FINAL.shtml
1,homec.shtml
1,mod_liveplayer.shtml
1,inc-notfound.shtml
1,cart-receiving-mode-above-100.shtml
1,al092012.fstadv.024.shtml
1,al092020.fstadv.010.shtml
1,al122005.fstadv.010.shtml
1,al062018.fstadv.049.shtml
1,al092012.fstadv.018.shtml
1,week1.shtml
1,exercises.shtml
1,pablo-zimmermann.shtml
1,error_403.shtml
1,p4ping_of.shtml
1,footer-info.shtml
1,parking-page.shtml
1,fraudprotection.shtml
1,recent1.shtml
1,record1.shtml
1,_footer.shtml
1,dxdevices.shtml
1,aircable.shtml
1,MrcMonPanel.shtml
1,g_d.shtml
1,da_d.shtml
1,dg.shtml
1,30varScope.shtml
1,57externalDat.shtml
1,Ops_Locations_List.shtml
1,OLPC_XO.shtml
1,jmri3.11.7.shtml
1,jmri2.7.10.shtml
1,jmri2.5.5.shtml
1,jmri2.13.1.shtml
1,signalheads_and_masts.shtml
1,Ops_EditLocation_trackMenu.shtml
1,jmri2.11.1.shtml
1,jmri2.1.7.shtml
1,patty_8h_source.shtml
1,kinetics_8h.shtml
1,plugin_8cpp.shtml
1,functions_func_k.shtml
1,classOpenBabel_1_1OBRotor.shtml
1,classOpenBabel_1_1OBAtom-members.shtml
1,functions_vars_v.shtml
1,globals_c.shtml
1,classOpenBabel_1_1OBBase.shtml
1,structOpenBabel_1_1BondSpec.shtml
1,structOpenBabel_1_1LineSearchType.shtml
1,rotor_8h_source.shtml
1,globals_s.shtml
1,structOpenBabel_1_1triple.shtml
1,functions_func_h.shtml
1,functions_func_o.shtml
1,graphsym_8h.shtml
1,matrix3x3_8h_source.shtml
1,classOpenBabel_1_1OBPhModel.shtml
1,globals_defs_m.shtml
1,classOpenBabel_1_1OBFreeGridPoint.shtml
1,functions_vars_m.shtml
1,classOpenBabel_1_1OBFormat.shtml
1,functions_func_v.shtml
1,functions_func_j.shtml
1,ip.shtml
1,eth0.shtml
1,425.shtml
1,postoutput.shtml
1,shopdetail2.shtml
1,source.shtml
1,second-var-nested.shtml
1,search_select.shtml
1,qc16.shtml
1,menu_main.shtml
1,epage.shtml
1,tutorial-05-ie-png.shtml
1,tutorial-05-idef1x-png.shtml
1,subpage.shtml
1,medicaid.shtml
1,312.shtml
1,rename_list.shtml
1,linkshare.shtml
1,faq-old01.shtml
1,misc_8h.shtml
1,al122005.fstadv.005.shtml
1,al092020.fstadv.009.shtml
1,al092020.fstadv.018.shtml
1,al092012.fstadv.006.shtml
1,al062018.fstadv.046.shtml
1,al092012.fstadv.011.shtml
1,al092020.fstadv.029.shtml
1,al182005.fstadv.025.shtml
1,al092012.fstadv.001.shtml
1,al062018.fstadv.006.shtml
1,presentation_order.shtml
1,p3-3.shtml
1,historia.shtml
1,p4ping_toggle.shtml
1,catering.shtml
1,id.shtml
1,settings_json.shtml
1,lettertotheeditor1.shtml
1,subonline.shtml
1,chromebook.shtml
1,spacehackers.shtml
1,btprimer.shtml
1,nodog.shtml
1,ala_d.shtml
1,54class.shtml
1,42mappingVal.shtml
1,56objInst.shtml
1,notyet.shtml
1,OpenSUSE.shtml
1,jmri3.9.7.shtml
1,Gallery.shtml
1,jmri2.11.3.shtml
1,jmri2.11.5.shtml
1,jmri1.9.3.shtml
1,jmri2.4.shtml
1,jmri2.1.1.shtml
1,classOpenBabel_1_1OBBond.shtml
1,globals_defs_r.shtml
1,functions_func_d.shtml
1,classOpenBabel_1_1OBMol-members.shtml
1,spacegroup_8cpp.shtml
1,namespaceOpenBabel.shtml
1,functions_vars_h.shtml
1,classOpenBabel_1_1OBFFConstraint.shtml
1,classOpenBabel_1_1OBResidueData.shtml
1,functions_r.shtml
1,classOpenBabel_1_1OBElementTable.shtml
1,commandpainter_8h.shtml
1,functions_q.shtml
1,classOpenBabel_1_1patty.shtml
1,classOpenBabel_1_1XMLConversion.shtml
1,canon_8h_source.shtml
1,V31.shtml
1,G1.shtml
1,footer-nav.shtml
1,shtml.shtml
1,gestures_base.shtml
1,tabs.shtml
1,sponsors_list.shtml
1,gallery.shtml
1,tutorial-09-ie-png.shtml
1,tutorial-04-ie-png.shtml
1,xiseceshi.shtml
1,309.shtml
1,210.shtml
1,chooser-list.shtml
1,rm.shtml
1,buysafe-new.shtml
1,msgedit.shtml
1,OLDindex.shtml
1,table3-html.shtml
1,bibliography-old01.shtml
1,font_8h-source.shtml
1,file_system_8h.shtml
