5235,db.sqlite3
1716,development.sqlite3
1576,test.sqlite3
211,database.yml.sqlite3
161,database.yml.example.sqlite3
144,fixture_database_2.sqlite3
144,fixture_database.sqlite3
121,production.sqlite3
80,database.sqlite3
71,Gemfile.sqlite3
58,dev.sqlite3
58,state_region.sqlite3
55,users.sqlite3
31,Makefile.sqlite3
28,db2.sqlite3
24,data.sqlite3
20,DatabaseUtils.props.sqlite3
13,README.sqlite3
13,yubikeys.sqlite3
12,pmacct-create-table_v1.sqlite3
12,pmacct-create-table_v4.sqlite3
12,pmacct-create-table_v5.sqlite3
12,testdb.sqlite3
12,pmacct-create-table_v6.sqlite3
12,realtime.sqlite3
12,phonebook.sqlite3
12,pmacct-create-table_bgp_v1.sqlite3
12,pmacct-create-table_v7.sqlite3
12,pmacct-create-table_v8.sqlite3
12,pmacct-create-table_v3.sqlite3
12,pmacct-create-table_v2.sqlite3
10,spree_test.sqlite3
9,db1.sqlite3
9,restaurant.sqlite3
8,traffic_spy-test.sqlite3
8,spree_development.sqlite3
7,sales.sqlite3
7,testing.sqlite3
7,demo.sqlite3
7,test_db.sqlite3
7,dane.sqlite3
7,schema.sqlite3
7,SyncData.sqlite3
6,blog.sqlite3
6,chinook.sqlite3
6,pact_broker_database.sqlite3
6,example_dev.sqlite3
6,Makefile.win.sqlite3
5,todo.sqlite3
5,pmacct-create-table_v9.sqlite3
5,blogcast_development.sqlite3
5,memberdb.sqlite3
5,test2.sqlite3
5,burmish.sqlite3
5,file.sqlite3
5,blackscholes.sqlite3
5,existing.sqlite3
5,foreign_key.sqlite3
4,sinotibetan.sqlite3
4,dbupdate0205.sqlite3
4,animal_db.sqlite3
4,new.sqlite3
4,firstdb.sqlite3
4,x264.sqlite3
4,our_db.sqlite3
4,example.sqlite3
4,allneuts.sqlite3
4,test1.sqlite3
4,040615dbchanged.sqlite3
4,rango.sqlite3
4,werobot_session.sqlite3
4,adhearsion.sqlite3
4,020515db.sqlite3
4,dbupdate.sqlite3
4,comments.sqlite3
4,email_format_test.sqlite3
4,comment.sqlite3
4,serverdata.sqlite3
4,chavi.sqlite3
4,testBad.sqlite3
4,acts_as_url.sqlite3
4,backupmay1st.sqlite3
4,userlist.sqlite3
4,my_db.sqlite3
4,db010515.sqlite3
3,germanic.sqlite3
3,smshistory.sqlite3
3,streamcluster.sqlite3
3,backup.db.sqlite3
3,db_blank.sqlite3
3,booktags.sqlite3
3,oui.sqlite3
3,dummy.sqlite3
3,.model.sqlite3
3,huber1992.sqlite3
3,.blank.sqlite3
3,dedup.sqlite3
3,sqlite.sqlite3
3,facesim.sqlite3
3,face.sqlite3
3,helios.sqlite3
3,template.sqlite3
3,devless-rec.sqlite3
3,hflights.sqlite3
3,Test.sqlite3
3,sample.sqlite3
3,another_test.sqlite3
3,foo.sqlite3
3,join_data.sqlite3
3,contacts.sqlite3
3,app.sqlite3
3,dbconvlog.sqlite3
3,homo_sapiens.hdf5.sqlite3
3,expo2013.sqlite3
3,db-development.sqlite3
3,bodytrack.sqlite3
3,blog.dump.sqlite3
3,raytrace.sqlite3
3,logfile.sqlite3
3,fluidanimate.sqlite3
3,data-dev.sqlite3
3,triples.sqlite3
3,step_by_step.sqlite3
3,vips.sqlite3
3,dbfile.sqlite3
3,notes.sqlite3
3,ferret.sqlite3
3,freqmine.sqlite3
3,swaptions.sqlite3
3,base.sqlite3
3,managmentSystem.sqlite3
3,canneal.sqlite3
3,combined.sqlite3
3,store.sqlite3
3,registry.sqlite3
2,track_3_curs_test_template.sqlite3
2,meta.sqlite3
2,mutagenesis42.sqlite3
2,estudiantes.sqlite3
2,sampledata.sqlite3
2,curs_aaaa0007.sqlite3
2,fytt_db.sqlite3
2,One.sqlite3
2,fsdb.atr.00.sqlite3
2,rd_db.sqlite3
2,curd.sqlite3
2,database2.sqlite3
2,dublincore_test_db.sqlite3
2,financeiro.sqlite3
2,track_db_template.sqlite3
2,dbSetup.sqlite3
2,Dbhandlertestdb.sqlite3
2,active_record_extensions.sqlite3
2,dbKnex.sqlite3
2,km_user_support_2.sqlite3
2,spec.sqlite3
2,pairing_db.sqlite3
2,image-net-2012-mobile.sqlite3
2,create_tables.sqlite3
2,fsdb.abc.sqlite3
2,simple.sqlite3
2,stack.sqlite3
2,sample_db.sqlite3
2,music.sqlite3
2,configdb.sqlite3
2,qbalance_extend.sqlite3
2,FuncItems.sqlite3
2,session.sqlite3
2,july.sqlite3
2,tmp.sqlite3
2,Scouting2017.sqlite3
2,sqlite3_sample.sqlite3
2,backup150303.db.sqlite3
2,many2one.sqlite3
2,Sakila.sqlite3
2,FullDatabase.sqlite3
2,2016-02-15-burmish.sqlite3
2,2016-02-15.bak.burmish.sqlite3
2,track_1_curs_test_template.sqlite3
2,track_empty_db_test_template.sqlite3
2,many2one_2.1.sqlite3
2,fabtotum.sqlite3
2,OGo.sqlite3
2,plh_ship_categorization.sqlite3
2,searcher.sqlite3
2,artifacts.sqlite3
2,proxies.sqlite3
2,mydb.sqlite3
2,webphonon.sqlite3
2,summarization.sqlite3
2,DosORMSqlite.sqlite3
2,EZWebTemplate.sqlite3
2,schema_associations.sqlite3
2,world.sqlite3
2,fruit.sqlite3
2,test-db.sqlite3
2,pass_server.sqlite3
2,curs_aaaa0002.sqlite3
2,chado_test_db.sqlite3
2,veiculos.sqlite3
2,teachers_lessons_2many.sqlite3
2,DEBUG.sqlite3
2,change.sqlite3
2,wordstats.sqlite3
2,DBPYSHA.sqlite3
2,development.copy.sqlite3
2,curs_db_template.sqlite3
2,slides.sqlite3
2,textlog.sqlite3
2,backup.sqlite3
2,ManufacturersPrices.sqlite3
2,faqs.sqlite3
2,settings.py.sqlite3
2,WHday.sqlite3
2,todo_test.dist.sqlite3
2,messaging.sqlite3
2,teachers_lessons.sqlite3
2,many2one_1.sqlite3
2,ejdict.sqlite3
2,curs_aaaa0005.sqlite3
2,many2one_2.1_temp.sqlite3
2,DBschema.sqlite3
2,chain.sqlite3
2,track_0_curs_test_template.sqlite3
2,data-test.sqlite3
2,pokedb.sqlite3
2,ys.samples.infra.sqlite3
2,dbOld.sqlite3
2,payment.sqlite3
2,db3.sqlite3
2,config.sqlite3
2,xowa.sqlite3
2,curs_aaaa0006.sqlite3
2,database.yml.sample.sqlite3
2,cse.sqlite3
2,qbalance.sqlite3
2,trains.sqlite3
2,fsm_example.sqlite3
2,fsdb.bin.0000.sqlite3
2,records.sqlite3
2,tilegraph.sqlite3
2,imdb_top.sqlite3
2,w.sqlite3
2,curs_aaaa0004.sqlite3
2,Baza.sqlite3
2,curs_aaaa0003.sqlite3
2,many2one_2.2.sqlite3
2,many2one_3_3.sqlite3
2,Patents.sqlite3
2,ontime.sqlite3
2,library.sqlite3
2,pairing_db_clean.sqlite3
2,file2.sqlite3
2,curs_aaaa0001.sqlite3
2,local.sqlite3
2,idcard_2.sqlite3
2,development_1.sqlite3
2,wadoku.sqlite3
2,sr4.sqlite3
2,many2one_3_2.sqlite3
2,acts_as_taggable_on.sqlite3
2,user_keywords_v2.sqlite3
2,db_github.sqlite3
2,plh_universe_data.sqlite3
2,bazadanych.sqlite3
2,EZOper.TechTester.OAuth.sqlite3
2,lookup.sqlite3
2,retina_rails.sqlite3
2,config.database.yml.sqlite3
2,test-database.sqlite3
2,Sandbox.sqlite3
2,multilineCreateMasterSample.sqlite3
2,rubick.sqlite3
1,UserStories.sqlite3
1,datos.sqlite3
1,oimg_image.sqlite3
1,mnt_regy.sqlite3
1,core.sqlite3
1,en.wikipedia.org.002.sqlite3
1,geo_locator_test.sqlite3
1,marsupials.sqlite3
1,entities.sqlite3
1,test-nemo.sqlite3
1,sb.sqlite3
1,.appstorm.sqlite3
1,webvirtmgr.sqlite3
1,GitHub.Accounts.sqlite3
1,sinotibetan-2015-28-2015.sqlite3
1,book.sqlite3
1,testcod-8100760.sqlite3
1,en.sqlite3
1,.ht.db.sqlite3
1,sql_class_one_table.sqlite3
1,respars.sqlite3
1,socialDB.sqlite3
1,linking.sqlite3
1,has_seo_fields_dev.sqlite3
1,project_scorpion.sqlite3
1,blogdb.sqlite3
1,HaskellPie.sqlite3
1,workitems_ids.sqlite3
1,badges_only.local.sqlite3
1,hoursDatabase.sqlite3
1,contacts-fill.sqlite3
1,rontaldb.sqlite3
1,taws.sqlite3
1,find_by_hash.sqlite3
1,phprbac.sqlite3
1,msr804_20160519.sqlite3
1,backup_db.sqlite3
1,db (3. kopia).sqlite3
1,testcod-2100202.sqlite3
1,bd.sqlite3
1,centralita.sqlite3
1,pokemon.sqlite3
1,addresses.sqlite3
1,get_a_gif_test.sqlite3
1,flic.sqlite3
1,Bot_database.sqlite3
1,cat_tree_test.sqlite3
1,queries.sqlite3
1,pnl2lnl.sqlite3
1,surda.sqlite3
1,contacts-create.sqlite3
1,ajax_example_database.sqlite3
1,SwiftySQLExample.sqlite3
1,multisearch.sqlite3
1,hande.sqlite3
1,sengiri_shard_1.sqlite3
1,jwp.sqlite3
1,loggin.sqlite3
1,isbndb.sqlite3
1,tyr.sqlite3
1,passes_json.sqlite3
1,ipa-installer-database.sqlite3
1,db (copia).sqlite3
1,ultima_copia_db.sqlite3
1,sop.sqlite3
1,nps_boundary_csv.sqlite3
1,dict-revised.sqlite3
1,project.sqlite3
1,ErrorsLog.sqlite3
1,db.sample.sqlite3
1,test5.sqlite3
1,datab.sqlite3
1,ministeam.sqlite3
1,matz.sqlite3
1,db - copia ini_data.sqlite3
1,development-1.7.4.sqlite3
1,cod-enantiomer-test.sqlite3
1,db_temo.sqlite3
1,example__Tiles.sqlite3
1,bestres.sqlite3
1,tutorial.sqlite3
1,prelaunchr_development.sqlite3
1,negi_history_techno.sqlite3
1,clear.sqlite3
1,dt.sqlite3
1,catalogue.sqlite3
1,Bares.sqlite3
1,chirp.sqlite3
1,TestResults.sqlite3
1,pokedex.sqlite3
1,files_checksums.sqlite3
1,dbOutput_TestPrj4_v4.3.0.sqlite3
1,dailynote_data.sqlite3
1,regsystem.sqlite3
1,code-mem_plugin.sqlite3
1,datas.sqlite3
1,rsas.sqlite3
1,tumour_sample.fa_idx.sqlite3
1,logs.sqlite3
1,wimdu_development.sqlite3
1,mo.sqlite3
1,flightgeoip.sqlite3
1,toFillPianoHeroSQL.sqlite3
1,lifeboard.sqlite3
1,GitHub.Repositories.user1.sqlite3
1,concepticon.sqlite3
1,lit.sqlite3
1,nested-routes-website.sqlite3
1,sticher.sqlite3
1,db.development.sqlite3
1,elc.c.eir.sqlite3
1,example_db_2.sqlite3
1,alarm_it.sqlite3
1,base-1.sqlite3
1,gene_aliases-v36.sqlite3
1,server.sqlite3
1,intern_development.sqlite3
1,transactions.sqlite3
1,destroy_database.sqlite3
1,lbm_mcf.sqlite3
1,msft.sqlite3
1,attributor.annotation.hmm_ev.sqlite3
1,UnitTest.sqlite3
1,negi_history.sqlite3
1,db-luca-XPS.sqlite3
1,spectra_db.sqlite3
1,salad.sqlite3
1,nla2007.sqlite3
1,table.sqlite3
1,bio-fake.sqlite3
1,edict.sqlite3
1,play_nice_production.sqlite3
1,test3.sqlite3
1,test8.sqlite3
1,scosi.sqlite3
1,bigboy.sqlite3
1,association_count.sqlite3
1,production_buk.sqlite3
1,mocdatabase.sqlite3
1,oauth-google-bug.sqlite3
1,instacat.sqlite3
1,initial.sqlite3
1,hookah.sqlite3
1,base-2.sqlite3
1,news.sqlite3
1,active_audit_test.sqlite3
1,Kanade.sqlite3
1,donna_test.sqlite3
1,itdb.sqlite3
1,memo.sqlite3
1,books.sqlite3
1,lois.sqlite3
1,test_audit_activities.sqlite3
1,GRN_backup_interacoes_v1.sqlite3
1,ta17090069_old.sqlite3
1,dbSetup_20160512154300.sqlite3
1,mir_ext_test.sqlite3
1,dotahighlights.sqlite3
1,dotsdb.sqlite3
1,belongs_to_tenant.sqlite3
1,kumbhmela_db.sqlite3
1,covercache.sqlite3
1,frame.sqlite3
1,1db.sqlite3
1,keyword.sqlite3
1,log.sqlite3
1,source.sqlite3
1,development-1.6.3d.sqlite3
1,oqmd-1514.sqlite3
1,usda_food.sqlite3
1,sql_class_final.sqlite3
1,spatial_ref_sys.sqlite3
1,get_a_gif_production.sqlite3
1,initial_data.sqlite3
1,resumeparser.sqlite3
1,dooleydoo.sqlite3
1,____db.sqlite3
1,eaddb.sqlite3
1,db6.sqlite3
1,nf.sqlite3
1,Centerstage.sqlite3
1,db-IND09.sqlite3
1,sluice.sqlite3
1,simplews.sqlite3
1,system.sqlite3
1,miniIMDb.sqlite3
1,filled_dev.sqlite3
1,retina1.logz.sqlite3
1,whatsleftchef.sqlite3
1,db.test-date.sqlite3
1,simple_defaults.sqlite3
1,prod.sqlite3
1,innovacion.sqlite3
1,jobeet.sqlite3
1,weekend_db.sqlite3
1,development-1.5.3.sqlite3
1,events-table.sqlite3
1,db-backup.sqlite3
1,zh.cats.sqlite3
1,dados.sqlite3
1,donut_database.sqlite3
1,DroidWebAppSI.sqlite3
1,etl.sqlite3
1,bwaves.sqlite3
1,GemsFDTD.sqlite3
1,preinst.sqlite3
1,findparking.sqlite3
1,.db.sqlite3
1,jam11.sqlite3
1,sav_db.sqlite3
1,gg-db-2-seqs.sqlite3
1,otf_demo.sqlite3
1,Rb87.sqlite3
1,baduk-pros.sqlite3
1,messagedb_dev.sqlite3
1,testcod-2000141.sqlite3
1,active_try.sqlite3
1,crondata.sqlite3
1,donna.sqlite3
1,failures.sqlite3
1,milc.sqlite3
1,gitManager.sqlite3
1,DEEPN_db.sqlite3
1,db_dev_db.sqlite3
1,yii_englishwordbook_demo_test.sqlite3
1,miniK.sqlite3
1,address_book.sqlite3
1,tnebot.sqlite3
1,prgm.sqlite3
1,sigprots.sqlite3
1,dbdevelopment.sqlite3
1,Neptune.sqlite3
1,noter.sqlite3
1,access.sqlite3
1,Gemfile.6.1.sqlite3
1,scandere.sqlite3
1,testcod-40000xx.sqlite3
1,eitangoru.sqlite3
1,db_conflict-20160310-145556.sqlite3
1,empty.sqlite3
1,db.bak.sqlite3
1,create_database.sqlite3
1,namd.sqlite3
1,hmmer.sqlite3
1,sjeng.sqlite3
1,wiki.sqlite3
1,rms1.sqlite3
1,grifo.sqlite3
1,sample-database.sqlite3
1,naval_db.sqlite3
1,iris.sqlite3
1,wkd_healthcare.sqlite3
1,tmpweb.sqlite3
1,paydown.sqlite3
1,myBlog.sqlite3
1,complaints.sqlite3
1,base_db.sqlite3
1,ar_clone_test.sqlite3
1,lemonstand.sqlite3
1,Scopedb.sqlite3
1,google.sqlite3
1,bk.sqlite3
1,db (kolejna kopia).sqlite3
1,usda-nnd.sqlite3
1,Gemfile.6.0.sqlite3
1,history.sqlite3
1,ipadic.sqlite3
1,development-1.5.3d.sqlite3
1,testcod-1000055.sqlite3
1,iTunesDB.sqlite3
1,noderplay.sqlite3
1,gcc.sqlite3
1,libquantum.sqlite3
1,etsysocial.sqlite3
1,listofwords.sqlite3
1,tests.sqlite3
1,bcb.sqlite3
1,development_experimenting.sqlite3
1,kanjidb.sqlite3
1,randomDatabase.sqlite3
1,queryTestingSQL.sqlite3
1,Covid.sqlite3
1,retina.2.logz.sqlite3
1,Devdb.sqlite3
1,majulak_game.sqlite3
1,silent_fail_check.sqlite3
1,fat_free_crm_test.sqlite3
1,test7.sqlite3
1,hashdb-1.sqlite3
1,scope_counter.sqlite3
1,classgrades.sqlite3
1,enTCat.sqlite3
1,pub-keystore.empty.sqlite3
1,sqlite3_specific.sqlite3
1,dnsdb.sqlite3
1,spunout.sqlite3
1,alerts.sqlite3
1,bzip2.sqlite3
1,gromacs.sqlite3
1,listasuper.sqlite3
1,winloss.sqlite3
1,googl.sqlite3
1,OLDdb.sqlite3
1,ruby_notes_production.sqlite3
1,affected.sqlite3
1,makin2.sqlite3
1,status_manager_test.sqlite3
1,iTHX-1probe.sqlite3
1,exceptions.sqlite3
1,db_001.sqlite3
1,itdict.sqlite3
1,jet_fuel.sqlite3
1,db_old.sqlite3
1,db_bkp.sqlite3
1,ys.samples.devunion.sqlite3
1,image-net-2012-vgg-d.sqlite3
1,GRN_complete_v1_07-05-2020.sqlite3
1,nsedb.sqlite3
1,idiot-box-testdb.sqlite3
1,level3btecdiplomas.sqlite3
1,ibrary_data.sqlite3
1,college.sqlite3
1,events_database.sqlite3
1,development_backup.sqlite3
1,scraped.sqlite3
1,rd_salesforce_integration.sqlite3
1,user_object_instance.sqlite3
1,xowa.wiki.image.sqlite3
1,Sudoku.sqlite3
1,admin_plesk.sqlite3
1,Cars_production.sqlite3
1,huckleberry_test.sqlite3
1,level3ucaspoints.sqlite3
1,second.sqlite3
1,words.sqlite3
1,baltika_meb.sqlite3
1,legacy_test.sqlite3
1,login.sqlite3
1,electronicArtArgentina.sqlite3
1,validates_not_profane_plugin.sqlite3
1,db (copy).sqlite3
1,zhTCat-new.sqlite3
1,eliot.sqlite3
1,development backup.sqlite3
1,mua.sqlite3
1,geo_locator.sqlite3
1,iTHX-2probe.sqlite3
1,acts_as_csvable.sqlite3
1,MallDB.sqlite3
1,pi-ager.sqlite3
1,rbac.test.sqlite3
1,CloudStorage_DB.sqlite3
1,test4.sqlite3
1,helloworld.sqlite3
1,pdns.sqlite3
1,strwatch.sqlite3
1,-sqlite.sqlite3
1,testcod-angles.sqlite3
1,LocalRadio-old.sqlite3
1,products.sqlite3
1,WAFyy.sqlite3
1,sessions.sqlite3
1,sphinx3.sqlite3
1,leslie3d.sqlite3
1,gamess.sqlite3
1,yespandoc_production.sqlite3
1,facebook.sqlite3
1,do.sqlite3
1,img_regy.sqlite3
1,client.sqlite3
1,pianoHeroQueryTesting.sqlite3
1,myDB.sqlite3
1,person_db.sqlite3
1,index.sqlite3
1,eiga.sqlite3
1,blank_v1.sqlite3
1,nonymousdb.sqlite3
1,demoapp.sqlite3
1,metadata.sqlite3
1,black_client.sqlite3
1,phpunit-testing.sqlite3
1,EZOper.TechTester.CSharp.sqlite3
1,f1040.sqlite3
1,gobmk.sqlite3
1,queue.sqlite3
1,exportdb.sqlite3
1,us_shares.sqlite3
1,.data.sqlite3
1,paciente.sqlite3
1,development-2017.sqlite3
1,mdogo.sqlite3
1,nsa.sqlite3
1,gen3.sqlite3
1,banco.sqlite3
1,porrio.db.sqlite3
1,stash_engine_development.sqlite3
1,unittest.sqlite3
1,patients.sqlite3
1,fun.sqlite3
1,train.sqlite3
1,Gemfile.7.0.sqlite3
1,8cc.c.eir.sqlite3
1,testcod-1000000.sqlite3
1,user.sqlite3
1,EZOper.CSharpSolution.sqlite3
1,zeusmp.sqlite3
1,xalancbmk.sqlite3
1,soplex.sqlite3
1,yespandoc.sqlite3
1,postinst.sqlite3
1,SSHCure.sqlite3
1,wiki.orig#00.sqlite3
1,db_git.sqlite3
1,hex_fusekipedia_db.sqlite3
1,remotedev-db.sqlite3
1,active_record.sqlite3
1,photos.sqlite3
1,AflRawData.sqlite3
1,jsout.sqlite3
1,iBrainInfoDB.sqlite3
1,sinotibetan.new.sqlite3
1,fat_free_crm_development.sqlite3
1,factoids.sqlite3
1,testcod-2010123.sqlite3
1,bookreview.db.sqlite3
1,data_skeleton.sqlite3
1,arda_db.sqlite3
1,scrumtastic.sqlite3
1,fsearch.sqlite3
1,TS.sqlite3
1,install.sqlite3
1,transcripts.sqlite3
1,iris.data.sqlite3
1,activerecord.sqlite3
1,stash_engine_test.sqlite3
1,copertine.sqlite3
1,sinatra_db.sqlite3
1,nostalgia.sqlite3
1,Database.sqlite3
1,race.sqlite3
1,workups.sqlite3
1,setup.sqlite3
1,lics.sqlite3
1,test6.sqlite3
1,messagedb_staging.sqlite3
1,development_buk.sqlite3
1,fr.sqlite3
1,mock.sqlite3
1,warpsong.sqlite3
1,test_old_database.sqlite3
1,features.sqlite3
1,dealII.sqlite3
1,cb.sqlite3
1,nedb.sqlite3
1,datacrawler.sqlite3
1,class_cacher_active_record.sqlite3
1,online_store.sqlite3
1,Workinout.sqlite3
1,bar.sqlite3
1,first.sqlite3
1,spenden.sqlite3
1,lily.db.sqlite3
1,lazy_model.sqlite3
1,paste.sqlite3
1,majulak_system.sqlite3
1,buildings.sqlite3
1,shape.sqlite3
1,db (copy 1).sqlite3
1,db_prumo.sqlite3
1,mybase_crypted.sqlite3
1,lbm.sqlite3
1,mcf.sqlite3
1,cactusADM.sqlite3
1,omnetpp.sqlite3
1,astar.sqlite3
1,aapl.sqlite3
1,keyopener.sqlite3
1,todo.orig.sqlite3
1,submit.sqlite3
1,legacy-db.sqlite3
1,tut.sqlite3
1,db_WTMU14J.sqlite3
1,Testingdb.sqlite3
1,Internal.sqlite3
1,suture.sqlite3
1,settings.sqlite3
1,sovzond.sqlite3
1,TSA.iprettygetter.sqlite3
1,prerm.sqlite3
1,shop_mk_ua.sqlite3
1,xowa.user.anonymous.sqlite3
1,fabcrNFC.sqlite3
1,default-database.sqlite3
1,has_seo_fields_test.sqlite3
1,audio.sqlite3
1,dbSetup_20160513151442.sqlite3
1,Historical.sqlite3
1,treenav.sqlite3
1,datajockey.sqlite3
1,companyDb.sqlite3
1,inventory.sqlite3
1,test-rel.sqlite3
1,quotes.sqlite3
1,db11.sqlite3
1,sengiri_shard_secondary_1.sqlite3
1,zabbix.conf.php.sqlite3
1,sincerp.sqlite3
1,hashdb.sqlite3
1,usda.sqlite3
1,StockGame.sqlite3
1,development-1.6.3.sqlite3
1,vnexpress.net.sqlite3
1,shoulda_ext.sqlite3
1,actions.sqlite3
1,oauth-google-bug_test.sqlite3
1,best.sqlite3
1,existential_plugin.sqlite3
1,development.6.sqlite3
1,urls.sqlite3
1,GRN_complete_v1_20-05-2020.sqlite3
1,gomail.sqlite3
1,image-net-2010-mobile.sqlite3
1,helena.sqlite3
1,custom_seed.sqlite3
1,live.sqlite3
1,music_storage_v2.sqlite3
1,tumblr.sqlite3
1,todo_test.sqlite3
1,Gemfile.4.2.sqlite3
1,development-1.4.5.sqlite3
1,development_full_Seed.sqlite3
1,0.cats.sqlite3
1,zhTCat.sqlite3
1,earthquakes.sqlite3
1,data_observation.sqlite3
1,valid.sqlite3
1,GRN.sqlite3
1,booksManiacs.sqlite3
1,mir_ext_development.sqlite3
1,tomtom_webfleet_connect.sqlite3
1,artists.sqlite3
1,mysite.sqlite3
1,Prodb.sqlite3
1,AdiccionTicdb.sqlite3
1,issn_validation.sqlite3
1,db_.sqlite3
1,dbWeatherData3.sqlite3
1,sampledb.sqlite3
1,market.sqlite3
1,tickets.sqlite3
1,alunos.sqlite3
1,finrep.sqlite3
1,table_variables_v1.sqlite3
1,today.sqlite3
1,chuck_db.sqlite3
1,example.db.sqlite3
1,gene_aliases-v37.sqlite3
1,password_reuse_policy_test.sqlite3
1,DataBase.sqlite3
1,perlbench.sqlite3
1,postrm.sqlite3
1,components.sqlite3
1,attributor.annotation.tmhmm_ev.sqlite3
1,datatables.sqlite3
1,dbB.sqlite3
1,into-text.sqlite3
1,lunchdata.sqlite3
1,webhemi_schema.sqlite3
1,newdb.sqlite3
1,play_nice_test.sqlite3
1,sengiri_shard_secondary_2.sqlite3
1,drinklist.sqlite3
1,schema_validations.sqlite3
1,table_variables.sqlite3
1,db (another copy).sqlite3
1,broadcast-areas.sqlite3
1,table32.sqlite3
1,mybase_plain.sqlite3
1,povray.sqlite3
1,sjp-v3.sqlite3
1,slat_constants.sqlite3
1,db_bak.sqlite3
1,moviedb.sqlite3
1,settings.php.sqlite3
1,digest_mailer.sqlite3
1,glotto.sqlite3
1,cache.sqlite3
1,pickem.sqlite3
1,test_data.sqlite3
1,shiritori.sqlite3
1,all.sqlite3
1,blog_db.sqlite3
1,enum_attr_test.sqlite3
1,starwars.sqlite3
1,address.sqlite3
1,StudentAssignment_1.sqlite3
1,pythonspot_student_1.sqlite3
1,km_user_support_pythonspot_2.sqlite3
1,summitlist.sqlite3
1,postalcodes.sqlite3
1,reset_db.sqlite3
1,wrf.sqlite3
1,snippets.sqlite3
1,models.sqlite3
1,db-PORT-ZOMPARELLI.sqlite3
1,yii_englishwordbook_demo.sqlite3
1,channels.sqlite3
1,consul_test.sqlite3
1,backup development.sqlite3
1,monkeytype.sqlite3
1,db (kopia).sqlite3
1,db_table_structure.sqlite3
1,tub-bourg.sqlite3
1,noderplay-copy.sqlite3
1,Tusubtitulo DB.sqlite3
1,tweet_db.sqlite3
1,2008areis.sqlite3
1,ApplicationDatabase.sqlite3
1,default.sqlite3
1,aleph.playground.sqlite3
1,vuls.sqlite3
1,evgnet.sqlite3
1,How_iRoll_test.sqlite3
1,members.sqlite3
1,testcod-changed-Z-duplicates.sqlite3
1,db-delivery.sqlite3
1,devDB.sqlite3
1,domotica.sqlite3
1,lara.sqlite3
1,db-eees-AQWED.sqlite3
1,h264ref.sqlite3
1,dhfex.test.sqlite3
1,city.sqlite3
1,development-2015.sqlite3
1,Tower.sqlite3
1,Level3BtecNationals.sqlite3
1,yesodMissingNo.sqlite3
1,pianoHeroSQL.sqlite3
1,db_F6yE5qr.sqlite3
1,macmini2.sqlite3
1,places.sqlite3
1,~test.sqlite3
1,sengiri_shard_2.sqlite3
1,site.sqlite3
1,tomato.sqlite3
1,km_user_support_pythonspot_1.sqlite3
1,expphDB.sqlite3
1,ivepkg_db.sqlite3
1,destination.sqlite3
1,development-1.4.5d.sqlite3
1,Pae2.sqlite3
1,bloccit_development.sqlite3
1,ua-purchase.sqlite3
1,tags.sqlite3
1,calculix.sqlite3
1,tweets.sqlite3
1,curso.sqlite3
1,Cars_test.sqlite3
1,ruby_notes_test.sqlite3
1,development-2016.sqlite3
1,crawl_results.sqlite3
1,sd.sqlite3
1,db_dump.sqlite3
1,db_aTqlP1B.sqlite3
1,macmini.sqlite3
1,exchangeTracker.sqlite3
1,phonobank.sqlite3
1,zip_codes.sqlite3
1,stroke5.sqlite3
1,Gemfile.5.2.sqlite3
1,lr.sqlite3
1,aozora.sqlite3
1,de.sqlite3
1,ff.sqlite3
1,devel.sqlite3
1,db 08-27-40-897.sqlite3
1,SSHCure_profile.sqlite3
1,contactDB.sqlite3
1,categories.sqlite3
1,development_original.sqlite3
1,crm.sqlite3
1,productos.db.sqlite3
1,good_touch.sqlite3
1,bookkeeping.sqlite3
1,solo.sqlite3
1,ar-main.sqlite3
1,lottery.2.sqlite3
1,appscake.sqlite3
1,ccg_lsoa_data.sqlite3
1,acts_presentably.sqlite3
1,ric_admin_plugin.sqlite3
1,pyur.sqlite3
1,tukano.sqlite3
1,scrumco.sqlite3
1,fresh_db.sqlite3
1,._db.sqlite3
1,enigmamachine.sqlite3
1,simple-app.sqlite3
1,easy-reservation-webui.sqlite3
1,edp.sqlite3
1,datosSQL.sqlite3
1,syncho.sqlite3
