31,one.ssh
30,sysconfig.ssh
20,.ssh
20,README.ssh
17,etter.filter.ssh
16,.travis.ssh
13,c-ced.ssh
11,YaST2.ssh
9,Dockerfile.ssh
9,two.ssh
8,mvds.ssh
8,ln.ssh
7,config.ssh
6,cpds.ssh
6,clone.ssh
4,franklinkim.ssh
3,nervios.ssh
3,csh.ssh
3,initd.ssh
3,mv.ssh
3,snap_create.ssh
3,delete.ssh
3,snap_create_live.ssh
3,snap_revert.ssh
3,sys.app.ssh
3,snap_delete.ssh
3,resize.ssh
3,sh.ssh
2,vagrant_user_settings.ssh
2,compile.ssh
2,INSTALL.ssh
2,etc.issue.ssh
2,gaspi_run.ssh
1,js.ssh
1,lace.ssh
1,card.ssh
1,matlab4.ssh
1,rc.ssh
1,deploy-PROD.ssh
1,connect.ssh
1,config-old.ssh
1,ssh.ssh
1,tcsh.ssh
1,objc.ssh
1,for-free.ssh
1,prolog.ssh
1,perl.ssh
1,for90kwds.ssh
1,ocaml.ssh
1,folder-remote-smb.ssh
1,pov.ssh
1,sather.ssh
1,modula2.ssh
1,fortran.ssh
1,run_conll.ssh
1,caml.ssh
1,S.gpg-agent.ssh
1,zshrc.ssh
1,ssh-setup.ssh
1,modula3.ssh
1,vba.ssh
1,settings.ssh
1,input.ssh
1,staging.pub.ssh
1,eth2-2_11.ssh
1,tcl.ssh
1,ada.ssh
1,vhdl.ssh
1,promela.ssh
1,symbols.ssh
1,plsql.ssh
1,pre.ssh
1,github.ssh
1,is5rul.ssh
1,make.ssh
1,zsh.ssh
1,tunnel.ssh
1,x.ssh
1,fail3-noobernities.ssh
1,java.ssh
1,bashrc.ssh
1,runrate.ssh
1,xs.ssh
1,wdiff.ssh
1,tmux.conf.ssh
1,mly.ssh
1,sdl88.ssh
1,unity.ssh
1,fail2-noobernities.ssh
1,udiff.ssh
1,haskell.ssh
1,sql92.ssh
1,b.ssh
1,monit.rc.ssh
1,test.ssh
1,pascal.ssh
1,for77-fixed.ssh
1,bc.ssh
1,release.ssh
1,d@dkw.io.ssh
1,.shellrc.ssh
1,cidl.ssh
1,for90-fixed.ssh
1,awk.ssh
1,db.ssh
1,68000.ssh
1,o2c.ssh
1,lex.ssh
1,texscript.ssh
1,tk.ssh
1,verilog.ssh
1,vrml.ssh
1,relayd.conf.relay.ssh
1,octave.ssh
1,pretex.ssh
1,mail.ssh
1,benchmark.group.ssh
1,fail1-noobernities.ssh
1,oracle.ssh
1,cpp.ssh
1,idl.ssh
1,start.ssh
1,c.ssh
1,sml.ssh
1,coqv.ssh
1,tclx.ssh
1,dc_shell.ssh
1,texinfo.ssh
1,chlog.ssh
1,a2psrc.ssh
1,html.ssh
1,deploy-UAT.ssh
1,.bashrc.ssh
1,shell.ssh
1,stop-torrents.ssh
1,gnuc.ssh
1,eps.ssh
1,initora.ssh
1,cxx.ssh
1,for77-free.ssh
1,for-fixed.ssh
1,python.ssh
1,vtcl.ssh
1,scala.ssh
1,scheme.ssh
1,claire.ssh
1,restart_pi.ssh
1,sed.ssh
1,maple.ssh
1,lout.ssh
1,fa-16-3e-5a-be-b0.ssh
1,yacc.ssh
1,.zshrc.ssh
1,urlab.ssh
1,eiffel.ssh
1,rexx.ssh
1,elisp.ssh
1,iptables_11-15-2013 1754_.ssh
1,tex.ssh
1,employee.ssh
1,mib.ssh
1,sql.ssh
1,clisp.ssh
1,asn1.ssh
1,for90-free.ssh
1,setup-pbs.ssh
1,.gitmodules.ssh
1,oberon.ssh
1,gmake.ssh
1,ppd.ssh
1,autoconf.ssh
1,for77kwds.ssh
1,default.ssh
1,HobbitAlert.sh.ssh
1,tiger.ssh
1,ps.ssh
1,deploy.ssh
1,install_all.ssh
