2417,libusb0.sys
2044,errmsg.sys
659,ftser2k.sys
645,ftdibus.sys
122,haribote.sys
104,psdrv3.sys
85,silabser.sys
65,giveio.sys
56,testdrv.sys
52,libusbK.sys
50,viostor.sys
47,dos.sys
43,netkvm.sys
40,dup.sys
39,config.sys
37,silabenm.sys
37,ipfw.sys
36,alertdrv.sys
33,libusb0_x64.sys
30,ansi.sys
29,nansi.sys
29,vioscsi.sys
29,porttalk.sys
28,WinDivert64.sys
28,WinRing0x64.sys
27,kernel.sys
26,WinRing0.sys
26,WinDivert32.sys
23,moufiltr.sys
23,driver.sys
22,make.sys
21,IBSMUtil.sys
21,FLASHUD.sys
21,imbdrv.sys
20,ldlinux_v4.sys
20,ldlinux.sys
20,KdExploitMe.sys
20,003.name.sys
19,BlackBoneDrv81.sys
19,ldlinux_v6.sys
19,BlackBoneDrv10.sys
19,BlackBoneDrv7.sys
19,BlackBoneDrv8.sys
18,multiss_drv.sys
18,tinydrivXP.sys
18,tap0901.sys
18,FTDIBUS.sys
17,npf.sys
16,pure64.sys
16,kprocesshacker.sys
16,winpmem_x86.sys
16,winpmem_x64.sys
16,ScpVBus.sys
14,pciide.sys
13,winpmem_i386_1.6.1.sys
13,bmfs_mbr.sys
13,winpmem_amd64_1.6.1.sys
12,pxestart.sys
12,ubloxusb.sys
12,ubloxusb64.sys
10,case-comprinf.sys
10,case-mailboxes.sys
10,case-tcpblockbrk.sys
10,case-norecurse3.sys
10,case-ndots.sys
10,case-norm.sys
10,case-manyptrwrongrst.sys
10,case-rootquery.sys
10,case-ptrbaddom.sys
10,case-cnametocname.sys
10,case-unknownq.sys
10,case-tcpblock.sys
10,case-trunc.sys
10,case-longdomsrch1.sys
10,case-alr-norm.sys
10,case-norecurse.sys
10,case-tcpblockwr.sys
10,case-2ndservtcp.sys
10,case-adh-cancel2.sys
10,case-adh-cancel.sys
10,case-adh-norm.sys
10,case-sillyrp.sys
10,case-manyptrwrongrem.sys
10,case-longdom1.sys
10,BasicDisplay.sys
10,case-longdomsrch2.sys
10,case-abbrev.sys
10,case-polltimeout.sys
10,case-brokenmail.sys
10,case-longlab0.sys
10,case-child.sys
10,case-search.sys
10,case-manyptrwrong.sys
10,case-manya.sys
10,case-datapluscnamewait.sys
10,case-noinfto.sys
10,MyIoX64.sys
10,case-1stservtotcp.sys
10,case-longdomsrch0.sys
10,Makefile.sys
10,case-tcpbreakin.sys
10,case-tcpptr.sys
10,case-searchabs.sys
10,case-1stservbroken.sys
10,case-2ndservok.sys
10,case-datapluscname.sys
10,oscap-scan.sys
10,case-arf-norm.sys
10,case-lockup.sys
10,case-adh-cancel3.sys
10,WinDivert.sys
10,case-ndots-as.sys
10,case-alr-slow.sys
10,case-timeout.sys
10,case-tcpallfail.sys
10,case-longlab1.sys
10,case-flags10.sys
10,case-norecurse2.sys
10,case-quote.sys
10,case-rootqueryall-as.sys
10,case-adh-pipe.sys
10,case-flags9.sys
10,case-ndotsbad.sys
10,case-owner.sys
10,case-search-as.sys
10,case-connfail.sys
10,case-abbrevto.sys
10,case-rootqueryall.sys
10,case-formerr.sys
10,case-poll.sys
10,case-tcpmultipart.sys
10,case-longdom0.sys
10,case-longdomsrch1b.sys
10,MyIo.sys
10,case-manyptrwrongrty.sys
10,case-arf-text.sys
9,qw.sys
9,test_driver.sys
9,example.sys
9,dsm.sys
8,SCR3XX2K.sys
8,rivendell.sys
8,rootkit01.sys
8,ctrl2cap.amd.sys
8,S3XXx64.sys
8,ti3dtof.sys
8,cxbu0wdm.sys
8,ROS_messages.sys
8,ikusb.sys
8,flmonflt.sys
8,a38usb.sys
8,S332x64.sys
8,ROS_socket.sys
8,COMDD.sys
8,SPR3322K.sys
8,usbccid.sys
8,ctrl2cap.nt5.sys
8,ROS_common.sys
8,STTub30.sys
8,ctrl2cap.nt4.sys
7,IntFiltr.sys
7,mountmgr.sys
7,vioser.sys
7,WinIo.sys
7,balloon.sys
7,vmscsi.sys
7,pbc.sys
6,eltorito.sys
6,qxl.sys
6,usbd.sys
6,refsv1.sys
6,winpmem64.sys
6,picodos.sys
6,kernel64.sys
6,sms_virtual_dir_driver_x64_8.1.sys
6,ser2pl.sys
6,winpmem32.sys
6,MosIrUsb.sys
6,refs.sys
6,NORAD.sys
6,Filter_Current_Hexapod_Robot.sys
6,cyusb.sys
6,minifilter.sys
6,install.sys
6,sms_virtual_dir_driver_Win32_8.sys
6,sms_virtual_dir_driver_Win32_7.sys
6,sms_virtual_dir_driver_x64_8.sys
6,zer0m0n.sys
6,MLifter.sys
6,dosxl.sys
6,kernel.all.cpu.sys
6,rtl8192cu.sys
6,sms_virtual_dir_driver_Win32_8.1.sys
6,hspf.sys
6,sms_virtual_dir_driver_x64_7.sys
5,gbdownload.sys
5,zer0m0n_x64.sys
5,gbrcvucode.sys
5,ser2pl64.sys
5,make_wannier90.sys
5,fdconfig.sys
5,dfmirage.sys
5,saharadbgdownloadB.sys
5,oasisrcvucode.sys
5,oibdev.sys
5,mimidrv.sys
5,Notes.L.sys
5,saharadownloadB.sys
5,oasisdownload.sys
5,oasisdbgdownload.sys
5,L.sys
5,usbser.sys
4,tap0801.sys
4,Example.sys
4,test_callbymodule.sys
4,int80.sys
4,Welding_Control_Circle_86s.sys
4,HexMove.sys
4,RobotWalking_OnEvenTerrain.sys
4,CypressUsbConsoleWindowsDriver.sys
4,rtwlanu.sys
4,Variable_Time_Delay.sys
4,Simple.sys
4,circleOL_Control_New.sys
4,xpfurandom_win_mwe.sys
4,Tough_Signal_Detection_Simple.sys
4,CypressUsbConsoleWindowsDriver64.sys
4,stusb2ir.sys
4,viorng.sys
4,UniSoftHid.sys
4,pvpanic.sys
4,UsbSnoop.sys
4,RetMonitor.sys
4,tiusb.sys
4,nonpnp.sys
4,GCOMDD.sys
4,hdw.dat.sys
4,BranchMonitor.sys
4,WeldingArm6AxisMotion_Control.sys
4,CircleOL_Control_Test.sys
3,HD129445.sys
3,24Sex.sys
3,WASP-22.sys
3,HD108874.sys
3,TrES-5.sys
3,HD149143.sys
3,WASP-46.sys
3,kapCrB.sys
3,HD4203.sys
3,HD66428.sys
3,WASP-52.sys
3,HAT-P-27.sys
3,HD192699.sys
3,HD87883.sys
3,HD86081.sys
3,HD208527.sys
3,HD2638.sys
3,HD4732.sys
3,CoRoT-6.sys
3,HD154672.sys
3,HD218566.sys
3,HD130322.sys
3,WASP-57.sys
3,HD40979.sys
3,HD37124.sys
3,HD88133.sys
3,XO-3.sys
3,amouse.sys
3,HD117618.sys
3,HD143361.sys
3,HD46375.sys
3,TrES-3.sys
3,HD102117.sys
3,HD169830.sys
3,HD181433.sys
3,HD180314.sys
3,HD50554.sys
3,14Her.sys
3,HD74156.sys
3,HD47186.sys
3,HAT-P-13.sys
3,HAT-P-16.sys
3,HD63454.sys
3,WASP-13.sys
3,OGLE-TR-132.sys
3,WASP-14.sys
3,WASP-45.sys
3,HD141937.sys
3,14And.sys
3,HAT-P-9.sys
3,WASP-1.sys
3,CoRoT-23.sys
3,HD2952.sys
3,HATS-2.sys
3,HD93083.sys
3,stirusb.sys
3,abcd.sys
3,ProfileHog-Console.sys
3,GJ1214.sys
3,HD188015.sys
3,CoRoT-2.sys
3,HD179079.sys
3,HD160691.sys
3,HD152079.sys
3,dconfig.sys
3,WASP-54.sys
3,CoRoT-19.sys
3,30AriB.sys
3,BD+202457.sys
3,HD7924.sys
3,WASP-64.sys
3,HD142022A.sys
3,OGLE-TR-211.sys
3,CoRoT-16.sys
3,HD187123.sys
3,TrES-1.sys
3,HD216435.sys
3,HD167042.sys
3,WASP-67.sys
3,HD22781.sys
3,WASP-17.sys
3,HD181342.sys
3,HD173416.sys
3,alfAri.sys
3,BD-1763.sys
3,TrES-2.sys
3,HD163607.sys
3,55Cnc.sys
3,HD190360.sys
3,HAT-P-3.sys
3,Kepler-68.sys
3,HD4308.sys
3,HD128311.sys
3,icon.sys
3,HD3651.sys
3,HD145377.sys
3,HD175167.sys
3,HD72659.sys
3,omiUMa.sys
3,HD114386.sys
3,Pr0201.sys
3,HAT-P-49.sys
3,WASP-39.sys
3,WASP-32.sys
3,WindowsPtDriver.sys
3,requirements.sys
3,HAT-P-37.sys
3,HIP12961.sys
3,OGLE-TR-182.sys
3,gamCep.sys
3,HD205739.sys
3,HAT-P-5.sys
3,CoRoT-25.sys
3,slef.sys
3,HAT-P-36.sys
3,HD162020.sys
3,WASP-78.sys
3,WASP-44.sys
3,HD213240.sys
3,HAT-P-7.sys
3,HD285968.sys
3,HD224693.sys
3,HD142415.sys
3,HD104985.sys
3,11UMi.sys
3,WASP-5.sys
3,PROFIbrd.sys
3,lowcdc.sys
3,rhoCrB.sys
3,GJ179.sys
3,GJ328.sys
3,HD27894.sys
3,11Com.sys
3,HD73267.sys
3,HD171028.sys
3,Kepler-77.sys
3,6Lyn.sys
3,HAT-P-25.sys
3,epsTau.sys
3,WASP-10.sys
3,WASP-59.sys
3,HD40307.sys
3,omiCrB.sys
3,HD164922.sys
3,Kepler-8.sys
3,HD156279.sys
3,HAT-P-39.sys
3,HD43691.sys
3,HD81688.sys
3,OGLE-TR-113.sys
3,WASP-25.sys
3,WASP-15.sys
3,HD132563.sys
3,Kepler-74.sys
3,HD202206.sys
3,HD187085.sys
3,Kepler-100.sys
3,HD68988.sys
3,GJ3470.sys
3,WASP-43.sys
3,HD131664.sys
3,WASP-42.sys
3,comc4p1.sys
3,cimoddrv.sys
3,HIP14810.sys
3,HD125612.sys
3,HD83443.sys
3,HD210702.sys
3,NGC4349127.sys
3,HIP75458.sys
3,HAT-P-15.sys
3,OGLE2-TR-L9.sys
3,WASP-7.sys
3,winpmem_amd64_1.4.sys
3,HelloWDM.sys
3,HD164604.sys
3,tauBoo.sys
3,18Del.sys
3,HD179949.sys
3,HD108147.sys
3,HD75898.sys
3,HD100777.sys
3,HAT-P-30.sys
3,HD2039.sys
3,WASP-33.sys
3,HD177830.sys
3,HD30562.sys
3,HIP79431.sys
3,7CMa.sys
3,HD27442.sys
3,HD75289.sys
3,HD132406.sys
3,WASP-11.sys
3,WASP-4.sys
3,GJ832.sys
3,HD109749.sys
3,HD212771.sys
3,WASP-55.sys
3,OGLE-TR-111.sys
3,XO-4.sys
3,tapoas.sys
3,vncdrv.sys
3,WASP-61.sys
3,WASP-66.sys
3,WASP-62.sys
3,HD65216.sys
3,WASP-38.sys
3,TrES-4.sys
3,HD73534.sys
3,HD6434.sys
3,HD89744.sys
3,COMDDE.sys
3,HD70642.sys
3,42Dra.sys
3,HD30177.sys
3,HD17156.sys
3,HD207832.sys
3,HAT-P-24.sys
3,WASP-24.sys
3,HD240237.sys
3,HD45364.sys
3,81Cet.sys
3,CoRoT-26.sys
3,HD4313.sys
3,HD99109.sys
3,HD16417.sys
3,HD99492.sys
3,WASP-16.sys
3,HR810.sys
3,HD170469.sys
3,HD220074.sys
3,HD117207.sys
3,HD159868.sys
3,WASP-6.sys
3,GJ676A.sys
3,HD5319.sys
3,HD196050.sys
3,HD45350.sys
3,winpmem_86.sys
3,hidkmdf.sys
3,HAT-P-26.sys
3,HD45652.sys
3,xiAql.sys
3,HD154857.sys
3,HD114762.sys
3,WASP-36.sys
3,HD142.sys
3,HAT-P-21.sys
3,HAT-P-40.sys
3,HD164509.sys
3,HD147513.sys
3,HD168443.sys
3,HD10697.sys
3,Kepler-75.sys
3,HAT-P-18.sys
3,HD31253.sys
3,HD136418.sys
3,HD60532.sys
3,GJ86.sys
3,HD52265.sys
3,WASP-3.sys
3,HD153950.sys
3,obidusb.sys
3,BDrv.sys
3,HD219828.sys
3,HD192310.sys
3,HD39091.sys
3,HD79498.sys
3,HAT-P-12.sys
3,HD217107.sys
3,HD216437.sys
3,KELT-6.sys
3,HD89307.sys
3,HD222582.sys
3,winpmem_64.sys
3,JMUsbSto.sys
3,serverupdate.sys
3,75Cet.sys
3,HD107148.sys
3,HD190647.sys
3,WASP-63.sys
3,HD220773.sys
3,HAT-P-35.sys
3,XO-2N.sys
3,XO-1.sys
3,HD37605.sys
3,HD114729.sys
3,HD23079.sys
3,HD111232.sys
3,HD1461.sys
3,WASP-2.sys
3,HD38801.sys
3,HD16141.sys
3,HD231701.sys
3,HD96127.sys
3,WASP-56.sys
3,HD210277.sys
3,HD148427.sys
3,Kepler-6.sys
3,HAT-P-11.sys
3,omeSer.sys
3,Pr0211.sys
3,HD154345.sys
3,HD221287.sys
3,HD121504.sys
3,HD19994.sys
3,HD120084.sys
3,HD102195.sys
3,HD330075.sys
3,GJ3634.sys
3,HD139357.sys
3,HD212301.sys
3,GJ581.sys
3,HD216770.sys
3,HD81040.sys
3,WinIo64.sys
3,WASP-77A.sys
3,HD134987.sys
3,HD20868.sys
3,HD240210.sys
3,OGLE-TR-10.sys
3,HD32518.sys
3,CoRoT-27.sys
3,HD206610.sys
3,HD178911B.sys
3,HD4208.sys
3,WASP-72.sys
3,386max.sys
3,HD209458.sys
3,HD82943.sys
3,HAT-P-20.sys
3,HD8574.sys
3,HD11506.sys
3,HD192263.sys
3,HD95089.sys
3,HAT-P-28.sys
3,CoRoT-4.sys
3,HD149026.sys
3,OGLE-TR-056.sys
3,WASP-19.sys
3,HAT-P-2.sys
3,CoRoT-18.sys
3,CoRoT-1.sys
3,BD+144559.sys
3,HD5608.sys
3,61Vir.sys
3,HD86226.sys
3,HD168746.sys
3,HD183263.sys
3,WASP-21.sys
3,WASP-79.sys
3,HAT-P-29.sys
3,BD-082823.sys
3,HD11964.sys
3,HD69830.sys
3,GJ649.sys
3,HD196885.sys
3,HD23596.sys
3,HD106252.sys
3,HAT-P-14.sys
3,GJ433.sys
3,HATS-1.sys
3,CoRoT-8.sys
3,HD48265.sys
3,HD180902.sys
3,HAT-P-23.sys
3,HD16175.sys
3,BD-132130.sys
3,epsCrB.sys
3,HD145457.sys
3,HD49674.sys
3,HD96167.sys
3,HD33283.sys
3,Qatar-2.sys
3,HD175541.sys
3,winpmem_i386_1.4.sys
3,CoRoT-5.sys
3,WASP-12.sys
3,HAT-P-1.sys
3,HD23127.sys
3,HD28185.sys
3,HD20782.sys
3,Kepler-7.sys
3,HAT-P-8.sys
3,BD-103166.sys
3,HD38529.sys
3,HIP57050.sys
3,HD47536.sys
3,PROFIprt.sys
3,usbmouse.sys
3,testBind.sys
3,WASP-58.sys
3,WASP-26.sys
3,HAT-P-22.sys
3,HD118203.sys
3,HD155358.sys
3,HD189733.sys
3,XO-5.sys
3,CoRoT-7.sys
3,HAT-P-41.sys
3,HD195019.sys
3,HD185269.sys
3,Lupus-TR-3.sys
3,obidusb_x64.sys
3,gam1Leo.sys
3,HD114783.sys
3,HD73526.sys
3,HD10647.sys
3,HD76700.sys
3,HD208487.sys
3,HD101930.sys
3,HD204313.sys
3,CoRoT-3.sys
3,HAT-P-6.sys
3,HD62509.sys
3,HD12661.sys
3,HAT-P-4.sys
3,HD86264.sys
3,WASP-37.sys
3,HD92788.sys
3,HD50499.sys
3,HD80606.sys
3,HD100655.sys
3,N0R4D.sys
2,CpuProf.sys
2,usbsnoop.sys
2,gj674.sys
2,wdmstub.sys
2,donothing.sys
2,testklib0.sys
2,npkcusb.sys
2,FTD2XX.sys
2,XO-2p.sys
2,MosUsbSr.sys
2,case-srvha.sys
2,SCOMDD.sys
2,tdi6.sys
2,LPT_Driver.sys
2,EasyHook32Drv.sys
2,EasyHook64Drv.sys
2,usbgap_x86c.sys
2,valdriver.sys
2,WinFlash.sys
2,hwinterface.sys
2,language-English.sys
2,language-French.sys
2,AMDTPwrProf.sys
2,Si6371.sys
2,WinFlash64.sys
2,ndisprot.sys
2,upsand.sys
2,HAT-P-1TD7.sys
2,XO-1TD16.sys
2,47uma.sys
2,cert.sys
2,athur.sys
2,safedisk.sys
2,srusb.sys
2,DbgPrnHk.sys
2,zeit.sys
2,droidpad.sys
2,HAT-P-2v2.sys
2,serenum.sys
2,hosts.sys
2,case-unknown5.sys
2,ball.sys
2,bdconfig.sys
2,protegedados.sys
2,qw_111.sys
2,vbaudio_cable64_win7.sys
2,Capcom.sys
2,Ordored_Liggghts_long.sys
2,boot1u.sys
2,mimikatz.sys
2,zkernel.sys
2,Kepler16.sys
2,gj876.sys
2,gj436.sys
2,51peg.sys
2,VS2010_WDK_Demo.sys
2,WorldEditHelp.sys
2,encdisk.sys
2,PlxSvc.sys
2,language-Portuguese.sys
2,language-Dutch.sys
2,PSOD.sys
2,gj849.sys
2,EpsEri.sys
2,DbgMsg9X.sys
2,ntevt.sys
2,viohidkmdf.sys
2,WASP1TD3.sys
2,WASP12septr.sys
2,vbaudio_cable_xp.sys
2,sys7.sys
2,SimpleProcFilter.sys
2,XO-3_SOPHIE08.sys
2,16cygB.sys
2,WASP5.sys
2,gj317.sys
2,predefined_EVENT.sys
2,SmiUsbGrabber3C.sys
2,usbprint.sys
2,case-srvsort.sys
2,SysInfoNT4.sys
2,WASP2TD2.sys
2,vbaudio_cable64_vista.sys
2,mosuport.sys
2,SysInfo.sys
2,netfilter2-64.sys
2,iusb3hcs.sys
2,trs.sys
2,WASP3.sys
2,vbaudio_cable_vista.sys
2,necustfl.sys
2,MCOMDD.sys
2,ntfltmgr.sys
2,fdppconf.sys
2,netfilter2-32.sys
2,tgppanasut123.sys
2,Kepler18.sys
2,Plx9054.sys
2,svgawin.sys
2,u2awdm.sys
2,case-srvqudom.sys
2,Learn1.sys
2,portio.sys
2,WASP1.sys
2,DbgMsg.sys
2,ousb2hub.sys
2,case-unknown33.sys
2,Ordored_Liggghts_long_bis.sys
2,language-German.sys
2,predefined_SAR.sys
2,tnc-startup.sys
2,New_ControlModel_CallByModel.sys
2,kernel32.sys
2,scsiport.sys
2,pl-PL.com_admintools.sys
2,vdft.sys
2,SO1H.sys
2,auto.sys
2,usbdrv.sys
2,usbgap_a64c.sys
2,coral.sys
2,WASP2.sys
2,SO1H_0.sys
2,pvscsi.sys
2,vioinput.sys
2,athurx.sys
2,tnc-stop.sys
2,hopf6038.sys
2,HandDriver_left.sys
2,ousbehci.sys
2,case-srvbaddom.sys
2,asmtxhci.sys
2,dhahelper.sys
2,npkcrypt.sys
2,vbaudio_cable_win7.sys
2,case-srvok.sys
2,DirectIO.sys
2,xhcdrv.sys
2,xilinx.sys
2,configtgpregexp15.sys
2,truecrypt.sys
2,xf86sup.sys
2,IpopTap.sys
2,New_ControlModel_CallByModel_2.sys
2,XO-1TD5.sys
2,CCOMM.sys
2,gsh_test.sys
2,FwHookDrv.sys
2,dcdbas32.sys
2,case-unknown2.sys
2,win32k-7SP1.sys
2,language-Italian.sys
2,TmpRdr64.sys
2,XO-2.sys
2,necustor.sys
2,language-Spanish.sys
2,ViaHub3.sys
2,hopf6036.sys
2,WASP4.sys
2,HandDriver_right.sys
2,usbu2a.sys
2,WinIo32.sys
2,GameEngineHelp.sys
2,shaper.sys
2,passthru.sys
2,pcore.sys
2,qw_222.sys
2,gj3021.sys
2,virtualstorage.sys
2,WASP14.sys
2,boot.sys
2,TmpRdr.sys
2,asmthub3.sys
2,configtgpsubs.sys
2,CoRoT-Exo-1.sys
2,70vir.sys
2,Plx8311.sys
2,HackSysExtremeVulnerableDriver.sys
2,Git_Following_Simulink_Control_Erne.sys
2,Variable_Time_Delay_HexRobot.sys
2,LPCFilter.sys
2,WASP1TD2.sys
2,PROFIpnp.sys
2,SysInfoX64.sys
1,vnccom.sys
1,NTIOLib_X64.sys
1,AwUsb.sys
1,player_scene_t_bbfight.xsc.sys
1,re_bus_tours.xsc.sys
1,gpb_billbinder.xsc.sys
1,player_controller_b.xsc.sys
1,franklin0.xsc.sys
1,heist_ctrl_docks.xsc.sys
1,paparazzo3a.xsc.sys
1,golf.xsc.sys
1,offroad_races.xsc.sys
1,hunting2.xsc.sys
1,golf_ai_foursome_putting.xsc.sys
1,shoprobberies.xsc.sys
1,launcher_minute.xsc.sys
1,pickuptest.xsc.sys
1,athuw.sys
1,agony.sys
1,TRAJ_FF_MOD.hyp.sys
1,TRAJ_WW_AC-char.hyp.sys
1,windbg_driver_x64.sys
1,nmi.sys
1,rusb3hub.sys
1,prSeEnum.sys
1,cgaty.sys
1,debug.sys
1,srv2.sys
1,bios.sys
1,maude1.xsc.sys
1,stunt_plane_races.xsc.sys
1,pm_delivery.xsc.sys
1,player_scene_m_shopping.xsc.sys
1,jewelry_prep1a.xsc.sys
1,initial.xsc.sys
1,launcher_hao.xsc.sys
1,pickup_controller.xsc.sys
1,launcher_maude.xsc.sys
1,startup_positioning.xsc.sys
1,re_crashrescue.xsc.sys
1,safe_ramdisk_x64.sys
1,software.sys
1,mv2.sys
1,secdrv.sys
1,dcesmwdm.sys
1,oneuport.sys
1,umss.sys
1,bsitf.sys
1,qedark_1k.sys
1,xpsewindows.sys
1,ebf199a336c603c4d1469055a5dccae7.sys
1,procexp.sys
1,social_controller.xsc.sys
1,michael4.xsc.sys
1,re_paparazzi.xsc.sys
1,fm_mission_controler.xsc.sys
1,fm_mission_creator.xsc.sys
1,re_homeland_security.xsc.sys
1,tempalpha.xsc.sys
1,floating_help_controller.xsc.sys
1,scriptplayground.xsc.sys
1,launcher_pilotschool.xsc.sys
1,re_lured.xsc.sys
1,pausemenu_multiplayer.xsc.sys
1,cdrcache.sys
1,fdxms286.sys
1,old085.sys
1,TRAJ_FF_BD_char.hyp.sys
1,TRAJ_WW_EHD.hyp.sys
1,windbg_driver_x86.sys
1,Settings.sys
1,cosy.1.sys
1,4spin_CCHH.sys
1,makeapp.sys
1,app.sys
1,o1394b.sys
1,ulink.sys
1,taxiservice.xsc.sys
1,vehicle_ai_test.xsc.sys
1,solomon1.xsc.sys
1,player_scene_f_lamtaunt.xsc.sys
1,ob_mp_shower_med.xsc.sys
1,rural_bank_heist.xsc.sys
1,josh2.xsc.sys
1,mp_awards.xsc.sys
1,paradise2.xsc.sys
1,tonya3.xsc.sys
1,trevor2.xsc.sys
1,tonya1.xsc.sys
1,re_border.xsc.sys
1,qss.sys
1,uide.sys
1,ddl7504-nvcc.sys
1,InfectPE.sys
1,TRAJ_FF_BD.hyp.sys
1,WdfRamdisk.sys
1,gcdrom.sys
1,pcie_sw.sys
1,so1himg.sys
1,scaleformprofiling.xsc.sys
1,racetest.xsc.sys
1,fm_hideout_controler.xsc.sys
1,gpb_jesse.xsc.sys
1,fm_intro_cut_dev.xsc.sys
1,martin1.xsc.sys
1,launcher_offroadracing.xsc.sys
1,gpb_clinton.xsc.sys
1,ob_mr_raspberry_jam.xsc.sys
1,postrc_barry4.xsc.sys
1,launcher_tonya.xsc.sys
1,player_controller.xsc.sys
1,wardrobe_sp.xsc.sys
1,taxi_deadline.xsc.sys
1,usbser 2.sys
1,krnldr.sys
1,mstcp32.sys
1,amifldrv64.sys
1,finale_heist_prepc.xsc.sys
1,pickupvehicles.xsc.sys
1,re_chasethieves.xsc.sys
1,gtest_nearlymissedbycar.xsc.sys
1,re_rescuehostage.xsc.sys
1,player_scene_t_chasecar.xsc.sys
1,re_burials.xsc.sys
1,launcher_thelastone.xsc.sys
1,postrc_nigel3.xsc.sys
1,paparazzo4.xsc.sys
1,laptop_trigger.xsc.sys
1,fm_bj_race_controler.xsc.sys
1,VBoxVideo.sys
1,startup.sys
1,apg8201z.sys
1,UserPort.sys
1,TRAJ_FF_KT.hyp.sys
1,FileReg64.sys
1,mchpusb.sys
1,1394cmdr.sys
1,._ntevtx64.sys
1,ndis.sys
1,mydos450t_dup.sys
1,USBSnoop.sys
1,kbdfnflt2.sys
1,mrxsmbmg.sys
1,plugins.sys
1,taxi_procedural.xsc.sys
1,taxilauncher.xsc.sys
1,launcher_basejumpheli.xsc.sys
1,ob_mp_bed_med.xsc.sys
1,taxitutorial.xsc.sys
1,finale_intro.xsc.sys
1,hao1.xsc.sys
1,flow_help.xsc.sys
1,launcher_dreyfuss.xsc.sys
1,fonts.conf.sys
1,vmware.sys
1,apg8201zx64.sys
1,TRAJ_FF_MAD_char.hyp.sys
1,shaper64.sys
1,3spin_HH_ex.sys
1,ircomm2k.sys
1,droned.sys
1,lp_mstcp.sys
1,general_test.xsc.sys
1,paradise.xsc.sys
1,fm_main_menu.xsc.sys
1,launcher_fanatic.xsc.sys
1,golf_mp.xsc.sys
1,launcher_paparazzo.xsc.sys
1,spawn_activities.xsc.sys
1,hunting1.xsc.sys
1,scene_builder.xsc.sys
1,heatmap_test.xsc.sys
1,shot_bikejump.xsc.sys
1,rampage2.xsc.sys
1,rampage_controller.xsc.sys
1,xml_menus.xsc.sys
1,gpb_mani.xsc.sys
1,wardrobe_mp.xsc.sys
1,heli_streaming.xsc.sys
1,xmgr.sys
1,MsgLister.sys
1,techosk.sys
1,traj_ww_tc-char.hyp.sys
1,mchpusb64.sys
1,CaptureFileMonitor.sys
1,hello-kernel-driver.sys
1,dcdipm32.sys
1,truecrypt-x64.sys
1,phymem.sys
1,ugc_global_registration.xsc.sys
1,ob_abattoircut.xsc.sys
1,net_bot_simplebrain.xsc.sys
1,player_scene_t_park.xsc.sys
1,nigel1d.xsc.sys
1,idlewarper.xsc.sys
1,tennis_ambient.xsc.sys
1,challenge-7.sys
1,FileRegXP.sys
1,GJ674.sys
1,._ntfltmgr.sys
1,._ntevt.sys
1,ser9pl.sys
1,_make_spg.sys
1,replay_controller.xsc.sys
1,finale_heist_prepeamb.xsc.sys
1,heist_ctrl_finale.xsc.sys
1,launcher_abigail.xsc.sys
1,gtest_boat.xsc.sys
1,fmmc_playlist_controller.xsc.sys
1,nigel1c.xsc.sys
1,scaleformtest.xsc.sys
1,flow_autoplay.xsc.sys
1,lesterhandler.xsc.sys
1,traffick_air.xsc.sys
1,flow_controller.xsc.sys
1,ob_poledancer.xsc.sys
1,player_scene_f_taxi.xsc.sys
1,ufo.xsc.sys
1,pb_homeless.xsc.sys
1,ezusb.sys
1,country.sys
1,keybrd4.sys
1,robdata.sys
1,usbecd.sys
1,CaptureProcessMonitor.sys
1,Sxdrv98.sys
1,ldevusbu.sys
1,Nick.sys
1,ndishk.sys
1,ball2.sys
1,GtoU.sys
1,re_cartheft.xsc.sys
1,postkilled_bailbond2.xsc.sys
1,maude_postbailbond.xsc.sys
1,heist_ctrl_jewel.xsc.sys
1,pb_preacher.xsc.sys
1,scaleformgraphictest.xsc.sys
1,player_scene_m_kids.xsc.sys
1,tasklist_1.xsc.sys
1,ipfirewall.sys
1,DB_Link_Memcache_Direct.sys
1,DB_Link.sys
1,safe_ramdisk.sys
1,TRAJ_FF_KT_char.hyp.sys
1,odconfig.sys
1,dpmemio.sys
1,config.sample.sys
1,Rtce.sys
1,drivers.sys
1,Lab10-03.sys
1,PCIFlt.sys
1,bootload.sys
1,ccp.sys
1,ob_franklin_wine.xsc.sys
1,trevor4.xsc.sys
1,line_activation_test.xsc.sys
1,michael3.xsc.sys
1,launcher_triathlon.xsc.sys
1,trevor1.xsc.sys
1,finaleb.xsc.sys
1,jewelry_prep1b.xsc.sys
1,test_startup.xsc.sys
1,re_prisonerlift.xsc.sys
1,fm_deathmatch_creator.xsc.sys
1,traffickingsettings.xsc.sys
1,re_stag_do.xsc.sys
1,sc_lb_global_block.xsc.sys
1,re_shoprobbery.xsc.sys
1,mp_fm_registration.xsc.sys
1,VBoxGuest.sys
1,hmamin64.sys
1,xms.sys
1,vbe.sys
1,kbd.sys
1,ps2.sys
1,brutus-gcc.sys
1,lactate.sys
1,kernel32ex.sys
1,Pass.sys
1,Apsm_x64.sys
1,iQVM64.sys
1,MyEarth-OS-Dash.sys
1,gtest_airplane.xsc.sys
1,ob_tv.xsc.sys
1,fm_intro.xsc.sys
1,me_jimmy1.xsc.sys
1,pm_plane_promotion.xsc.sys
1,magdemo.xsc.sys
1,lester1.xsc.sys
1,pausemenu_example.xsc.sys
1,gpb_zombie.xsc.sys
1,minute2.xsc.sys
1,timershud.xsc.sys
1,pausemenu_sp_repeat.xsc.sys
1,TRAJ_FF_MD_char.hyp.sys
1,GJ3021.sys
1,inpoutx64.sys
1,VNic.sys
1,tdip.sys
1,DisPG.sys
1,tomcat.sys
1,launcher_nigel.xsc.sys
1,flyunderbridges.xsc.sys
1,ob_telescope.xsc.sys
1,jewelry_setup1.xsc.sys
1,sh_intro_m_home.xsc.sys
1,respawn_controller.xsc.sys
1,main_persistent.xsc.sys
1,mp_registration.xsc.sys
1,player_scene_f_lamgraff.xsc.sys
1,startup.xsc.sys
1,temptest.xsc.sys
1,tonya2.xsc.sys
1,re_prisonvanbreak.xsc.sys
1,launcher_epsilon.xsc.sys
1,RESSDT.sys
1,secusb2.sys
1,language-PigLatin.sys
1,send_response.mdl.sys
1,mjolnir_asm.sys
1,zer0m0n-x64.sys
1,DLPORTIO.sys
1,dcdesm32.sys
1,mosmac98.sys
1,cyusb3.sys
1,VoiDbg.sys
1,cam.sys
1,pci-wdm.sys
1,hairdo_shop_mp.xsc.sys
1,fm_race_controler.xsc.sys
1,tunables_registration.xsc.sys
1,pilot_school.xsc.sys
1,josh1.xsc.sys
1,vehicle_force_widget.xsc.sys
1,ob_franklin_beer.xsc.sys
1,mission_race.xsc.sys
1,locates_tester.xsc.sys
1,sctv.xsc.sys
1,ob_bong.xsc.sys
1,KRNLDR.sys
1,TestDriver.sys
1,msxdos2.sys
1,mbr.sys
1,himem.sys
1,iqvis.sys
1,10-info.sys
1,fltmgr.sys
1,swbr.sys
1,relrenato.sys
1,srv1.sys
1,tennis_family.xsc.sys
1,gunclub_shop.xsc.sys
1,physics_perf_test_launcher.xsc.sys
1,michael2.xsc.sys
1,me_tracey1.xsc.sys
1,player_scene_t_tie.xsc.sys
1,net_session_soaktest.xsc.sys
1,finale_heist2_intro.xsc.sys
1,finale_heist2a.xsc.sys
1,ob_mp_stripper.xsc.sys
1,sh_intro_f_hills.xsc.sys
1,physics_perf_test.xsc.sys
1,taxi_gotyourback.xsc.sys
1,fm_deathmatch_controler.xsc.sys
1,PCAN_USB.sys
1,en-GB.plg_content_editor_help.sys
1,a38usb98.sys
1,pcwiz32.sys
1,16CygB.sys
1,WdmStub.sys
1,ciftbx.sys
1,hyperv4.sys
1,gpb_tonya.xsc.sys
1,gtest_helicopter.xsc.sys
1,launcher_rampage.xsc.sys
1,ob_foundry_cauldron.xsc.sys
1,friends_controller.xsc.sys
1,re_lossantosintl.xsc.sys
1,spmc_preloader.xsc.sys
1,main.xsc.sys
1,save_anywhere.xsc.sys
1,mp_menuped.xsc.sys
1,ob_vend1.xsc.sys
1,gtest_divingfromcar.xsc.sys
1,selling_short_2.xsc.sys
1,gpb_andymoon.xsc.sys
1,re_prison.xsc.sys
1,keybrd2.sys
1,athuwx.sys
1,SER9PL.sys
1,TRAJ_WW_AC-char_nodiacr.hyp.sys
1,usbdrv_AMD64.sys
1,ServerTest.sys
1,GJ849.sys
1,caldata.sys
1,mydos450t_dos.sys
1,irstusb.sys
1,bse.sys
1,comdd.sys
1,UtoG.sys
1,odaba.sys
1,josh3.xsc.sys
1,ob_abatdoor.xsc.sys
1,me_amanda1.xsc.sys
1,shooting_camera.xsc.sys
1,headertest.xsc.sys
1,re_gangfight.xsc.sys
1,spaceshipparts.xsc.sys
1,heist_ctrl_rural.xsc.sys
1,gpb_pameladrake.xsc.sys
1,gpb_jerome.xsc.sys
1,taxi_takeiteasy.xsc.sys
1,mrsphilips2.xsc.sys
1,taxi_followcar.xsc.sys
1,twinkle.sys
1,language-PirateEnglish.sys
1,cxbu0x64.sys
1,aem.sys
1,hhdspmc64.sys
1,esxdos.sys
1,.tmux.conf.sys
1,tap4955.sys
1,amifldrv32.sys
1,AwUsbIni.sys
1,freemode_init.xsc.sys
1,ob_sofa_michael.xsc.sys
1,launcher_racing.xsc.sys
1,yoga.xsc.sys
1,finalec2.xsc.sys
1,player_scene_m_fbi2.xsc.sys
1,underwaterpickups.xsc.sys
1,re_arrests.xsc.sys
1,maintransition.xsc.sys
1,rural_bank_setup.xsc.sys
1,weapon_audio_widget.xsc.sys
1,tonya4.xsc.sys
1,tennis_network_mp.xsc.sys
1,jewelry_heist.xsc.sys
1,SyscallMon64.sys
1,fdxm286t.sys
1,keybrd3.sys
1,path.sys
1,upsAnd.sys
1,GJ876.sys
1,rusb3xhc.sys
1,test.sys
1,finale_choice.xsc.sys
1,taxi_taketobest.xsc.sys
1,gtest_avoidance.xsc.sys
1,re_yetarian.xsc.sys
1,friendactivity.xsc.sys
1,wp_partyboombox.xsc.sys
1,shrinkletter.xsc.sys
1,fm_impromptu_dm_controler.xsc.sys
1,re_atmrobbery.xsc.sys
1,player_timetable_scene.xsc.sys
1,mg_race_to_point.xsc.sys
1,finale_credits.xsc.sys
1,player_scene_mf_traffic.xsc.sys
1,josh4.xsc.sys
1,G5_Rob_Proc.sys
1,plain.sys
1,athuwb.sys
1,hidkmdf32.sys
1,Database_Link.sys
1,DB.sys
1,Lucifer.sys
1,TRAJ_WW_EHD-char_nodiacr.hyp.sys
1,GJ317.sys
1,CaptureRegistryMonitor.sys
1,krnl_test.sys
1,dcdbas64.sys
1,userdump.sys
1,jewelry_prep2a.xsc.sys
1,nigel1b.xsc.sys
1,taxi_cutyouin.xsc.sys
1,pm_recover_stolen.xsc.sys
1,towing.xsc.sys
1,taxi_needexcitement.xsc.sys
1,omega2.xsc.sys
1,mission_repeat_controller.xsc.sys
1,ob_drinking_shots.xsc.sys
1,startup_locationtest.xsc.sys
1,fm_maintain_transition_players.xsc.sys
1,script_metrics.xsc.sys
1,vehicle_gen_controller.xsc.sys
1,vehicle_plate.xsc.sys
1,mission_triggerer_d.xsc.sys
1,postrc_barry1and2.xsc.sys
1,language-OldeEnglish.sys
1,boot_hdd.sys
1,TRAJ_WW_EHD-char.hyp.sys
1,TRAJ_FF_MOD_char.hyp.sys
1,Tmcomm.sys
1,FileReg32.sys
1,ldlinux_v5.sys
1,ldevs.sys
1,kernelMain.sys
1,fwexpl_amd64.sys
1,stdrv01.sys
1,sys13.sys
1,taxi_gotyounow.xsc.sys
1,stats_controller.xsc.sys
1,net_jacking_soaktest.xsc.sys
1,rampage3.xsc.sys
1,magdemo2.xsc.sys
1,mrsphilips1.xsc.sys
1,fullmap_test.xsc.sys
1,pm_gang_attack.xsc.sys
1,taxi_clowncar.xsc.sys
1,fps_test_mag.xsc.sys
1,re_mountdance.xsc.sys
1,nigel1a.xsc.sys
1,mission_stat_alerter.xsc.sys
1,rollercoaster.xsc.sys
1,walking_ped.xsc.sys
1,re_snatched.xsc.sys
1,keyboard.sys
1,shotid.sys
1,2spin_CH.sys
1,GJ436.sys
1,51Peg.sys
1,rwports.sys
1,sistema.sys
1,Screen.sys
1,gli.sys
1,DCOMDD.sys
1,CCOMDD.sys
1,re_hitch_lift.xsc.sys
1,tattoo_shop.xsc.sys
1,traffick_ground.xsc.sys
1,prologue1.xsc.sys
1,selector.xsc.sys
1,rampage4.xsc.sys
1,sclub_front_bouncer.xsc.sys
1,launcher_extreme.xsc.sys
1,gpb_mime.xsc.sys
1,sp_editor_mission_instance.xsc.sys
1,launcher_hunting_ambient.xsc.sys
1,stripclub.xsc.sys
1,re_accident.xsc.sys
1,launcher_darts.xsc.sys
1,paparazzo3.xsc.sys
1,re_drunkdriver.xsc.sys
1,net_cloud_mission_loader.xsc.sys
1,placeholdermission.xsc.sys
1,mp_prop_global_block.xsc.sys
1,ob_cashregister.xsc.sys
1,G5_Rob_Data.sys
1,templates.sys
1,zer0m0n-x86.sys
1,._tdi6.sys
1,veh_play_widget.xsc.sys
1,pb_prostitute.xsc.sys
1,liverecorder.xsc.sys
1,planewarptest.xsc.sys
1,navmeshtest.xsc.sys
1,rural_bank_prep1.xsc.sys
1,letterscraps.xsc.sys
1,Application Extension File.sys
1,athuw8.sys
1,SysCommunicate.sys
1,TRAJ_WW_AC.hyp.sys
1,safesys.sys
1,glutamate.sys
1,RedPill.sys
1,pasthrough.sys
1,._mstcp32.sys
1,vbaudio_cable64_2003.sys
1,hoop1.sys
1,bdos.sys
1,ob_mp_bed_high.xsc.sys
1,golf_ai_foursome.xsc.sys
1,scripted_cam_editor.xsc.sys
1,re_abandonedcar.xsc.sys
1,flowintrotitle.xsc.sys
1,stock_controller.xsc.sys
1,franklin2.xsc.sys
1,hunting_ambient.xsc.sys
1,fmmc_launcher.xsc.sys
1,fm_horde_controler.xsc.sys
1,launcher_golf.xsc.sys
1,triathlonsp.xsc.sys
1,trevor3.xsc.sys
1,fps_test.xsc.sys
1,nigel3.xsc.sys
1,mission_triggerer_c.xsc.sys
1,HelloWorld.origi.sys
1,SecuDriveCG64.sys
1,ddl7504-gcc.sys
1,TRAJ_FF_MAD.hyp.sys
1,pcwiz64i.sys
1,SRusb.sys
1,47UMa.sys
1,70Vir.sys
1,VMProtectDDK32.sys
1,iwusb_x64.sys
1,dcesm.sys
1,uir1100b.sys
1,whatis-z.sys
1,rampage1.xsc.sys
1,playthrough_builder.xsc.sys
1,utvc.xsc.sys
1,minigame_ending_stinger.xsc.sys
1,omega1.xsc.sys
1,re_gang_intimidation.xsc.sys
1,mission_triggerer_a.xsc.sys
1,re_getaway_driver.xsc.sys
1,finalea.xsc.sys
1,restrictedareas.xsc.sys
1,scaleformminigametest.xsc.sys
1,finale_heist2b.xsc.sys
1,forsalesigns.xsc.sys
1,player_scene_ft_franklin1.xsc.sys
1,re_dealgonewrong.xsc.sys
1,hmamin15.sys
1,hidkmdf64.sys
1,advanced_crud.mdl.sys
1,controlpanel.mdl.sys
1,n0r4d.sys
1,PLP2KUS.sys
1,2spin_HH.sys
1,root.sys
1,gpb_baygor.xsc.sys
1,gpb_jane.xsc.sys
1,net_combat_soaktest.xsc.sys
1,launcher_hunting.xsc.sys
1,finale_heist1.xsc.sys
1,stripclub_mp.xsc.sys
1,re_bikethief.xsc.sys
1,heist_ctrl_agency.xsc.sys
1,fm_race_creator.xsc.sys
1,randomchar_controller.xsc.sys
1,tennis.xsc.sys
1,Options.sys
1,traj_ww_tc.hyp.sys
1,colors.sys
1,epsEri.sys
1,log.sys
1,VMProtectDDK64.sys
1,wimmount.sys
1,tomee.sys
1,pb_busker.xsc.sys
1,heatmap_test_flow.xsc.sys
1,rerecord_recording.xsc.sys
1,launcher_tennis.xsc.sys
1,nigel1.xsc.sys
1,nodeviewer.xsc.sys
1,postrc_epsilon4.xsc.sys
1,finalec1.xsc.sys
1,solomon2.xsc.sys
1,ingamehud.xsc.sys
1,player_scene_t_insult.xsc.sys
1,fm_maintain_cloud_header_data.xsc.sys
1,selector_example.xsc.sys
1,stripperhome.xsc.sys
1,train_tester.xsc.sys
1,mission_stat_watcher.xsc.sys
1,franklin1.xsc.sys
1,VBoxMouse.sys
1,athuw8x.sys
1,old086.sys
1,hello.sys
1,door-example.sys
1,myddk.sys
1,testklib5.sys
1,tinyos.sys
1,dcdtvm32.sys
1,uir1100a.sys
1,swbr_1.sys
1,TPwSav_x64.sys
1,c2wclient.sys
1,selling_short_1.xsc.sys
1,gpb_griff.xsc.sys
1,re_cultshootout.xsc.sys
1,minute1.xsc.sys
1,re_armybase.xsc.sys
1,solomon3.xsc.sys
1,finale_heist_prepd.xsc.sys
1,placementtest.xsc.sys
1,launcher_josh.xsc.sys
1,paparazzo1.xsc.sys
1,paparazzo3b.xsc.sys
1,launcher_stunts.xsc.sys
1,tonya5.xsc.sys
1,paparazzo2.xsc.sys
1,shop_controller.xsc.sys
1,lamar1.xsc.sys
1,speech_reverb_tracker.xsc.sys
1,hwinterfacex64.sys
1,users.mdl.sys
1,ddl7504-clang.sys
1,BreathofShadow.sys
1,traj_ww_tc-char_nodiacr.hyp.sys
1,cam1.sys
1,MSAW_Prototype.sys
1,Lab10-01.sys
1,michael4leadout.xsc.sys
1,hairdo_shop_sp.xsc.sys
1,ob_wheatgrass.xsc.sys
1,finale_endgame.xsc.sys
1,net_bot_brain.xsc.sys
1,savegame_bed.xsc.sys
1,launcher_basejumppack.xsc.sys
1,profiler_registration.xsc.sys
1,player_scene_m_cinema.xsc.sys
1,uide2.sys
1,language-ElmerFudd.sys
1,a38usbx64.sys
1,shaper32.sys
1,ClientTest.sys
1,nginx.conf.sys
1,SIAMCCsys.sys
1,usbscan.sys
1,mosumac.sys
1,Apsm.sys
1,imnx.sys
1,NTIOLib.sys
1,startup_smoketest.xsc.sys
1,ob_huffing_gas.xsc.sys
1,pm_defend.xsc.sys
1,launcher_yoga.xsc.sys
1,mission_triggerer_b.xsc.sys
1,mp_weapons.xsc.sys
1,rampage5.xsc.sys
1,launcher_barry.xsc.sys
1,prop_drop.xsc.sys
1,sp_menuped.xsc.sys
1,thelastone.xsc.sys
1,fullmap_test_flow.xsc.sys
1,launcher_carwash.xsc.sys
1,teubiisi.sys
1,language-MuppetsChef.sys
1,SecuDriveCG.sys
1,TRAJ_FF_MD.hyp.sys
1,hhdspmc32.sys
1,pcwiz64.sys
1,vbaudio_cable_2003.sys
1,testspoof.sys
1,TPwSav_x86.sys
1,ode.sys
1,ob_vend2.xsc.sys
1,nigel2.xsc.sys
1,minigame_stats_tracker.xsc.sys
1,hud_creator.xsc.sys
1,re_domestic.xsc.sys
1,train_create_widget.xsc.sys
1,re_securityvan.xsc.sys
1,ob_sofa_franklin.xsc.sys
1,flowstartaccept.xsc.sys
1,friends_debug_controller.xsc.sys
1,heli_gun.xsc.sys
1,ob_mp_bed_low.xsc.sys
1,gunfighttest.xsc.sys
1,launcher_omega.xsc.sys
1,finale_heist_prepa.xsc.sys
1,stripclub_drinking.xsc.sys
1,traffickingteleport.xsc.sys
1,UnlockerDriver5.sys
1,usbdrv_IA64.sys
1,netfilter2.sys
1,sddhelp.sys
1,::carbon.sys
1,dcdipm64.sys
1,geneuide.sys
1,bsitf64.sys
1,dxg.sys
1,NCOMDD.sys
1,fm_hold_up_tut.xsc.sys
1,spmc_instancer.xsc.sys
1,launcher_mrsphilips.xsc.sys
1,freemode.xsc.sys
1,gtest_divingfromcarwhilefleeing.xsc.sys
1,ob_franklin_tv.xsc.sys
1,mptestbed.xsc.sys
1,michael1.xsc.sys
1,range_modern_mp.xsc.sys
1,range_modern.xsc.sys
1,pausemenu_map.xsc.sys
1,launcher_range.xsc.sys
1,gpb_superhero.xsc.sys
1,minute3.xsc.sys
1,finale_heist_prepb.xsc.sys
1,re_muggings.xsc.sys
1,ob_airdancer.xsc.sys
1,streaming.xsc.sys
1,uidejr.sys
1,athuwbx.sys
1,helloworld.unest.sys
1,gi.sys
1,acr38svr.sys
1,TMEBC64.sys
