272,solr.war
219,sample.war
163,highcharts-export-web.war
122,JavaHelloWorldApp.war
110,ROOT.war
94,appServer-webapp-content-changing.war
94,SimpleServlet-faulty.war
93,h2console.war
90,helloworld.war
88,test-war-j2ee_1.4-2.2-SNAPSHOT.war
88,test-war-j2ee_1.3-2.2-SNAPSHOT.war
78,test.war
63,derby.war
62,appServer-valied-deploymant-1.0.0.war
49,Calendar.war
47,patchsample.war
47,handlers_jaxws.war
47,HelloWorldWebapp.war
47,GenericJavaBeanResource.war
47,java_first_jaxws.war
47,virtual.war
47,appServer-tomcat-cl-app-1.0.0.war
47,booking-faces.war
47,appServer-carbon-cl-app-1.0.0.war
47,servlet.war
47,appServer-valid-deploymant-1.0.0.war
47,appServer-invalied-deploymant-1.0.0.war
47,myServletWAR.war
47,SimpleServlet.war
47,appServer-cxf-cl-app-1.0.0.war
47,servlet-zero-content-length.war
47,appServer-cxf-carbon-cl-app-1.0.0.war
47,carbon-datasource-lookup.war
47,jaxrs_sample_02.war
47,JDBCDataSource.war
40,stub-spring.war
38,custom-fields-plugin-1.0-SNAPSHOT.war
37,fluid-components-1.4.war
35,hello-world.war
34,testWAR.war
34,A-1.0.war
33,simple.war
32,jolokia.war
32,C-1.0.war
32,plugin.war
32,JBoss-EAP_on_Azure.war
31,WSAS1716FaultyWebApp.war
31,WSAS1702WebApp.war
31,helloworld-1.0-SNAPSHOT.war
30,eap-session-replication.war
29,beyondj-service.war
28,helloWorld.war
28,JavaOrdersAPI.war
28,test3693.war
26,icesword.war
26,bar-app.war
26,zs.war
26,foo-app.war
25,jaxrs_basic.war
24,sample-mysql-test.war
24,msmysql-test.war
24,jhgate-test.war
24,uaaserver-test.war
24,mscassandra-test.war
24,mspsql-test.war
24,simple-updated.war
24,msmongodb-test.war
24,include-exclude.war
24,war-sample-one-1.0.war
24,msmariadb-test.war
23,apiman-test-plugin-2-1.0.war
23,apiman-test-plugin-1-1.0.war
23,empty.war
23,coberturaFlush.war
23,apiman-test-plugin-1-2.0.war
23,sample-kafka-test.war
22,guacamole-0.9.3.war
22,GenericLogService.war
22,HttpSession.war
21,async-rest.war
20,jolokia-it.war
20,new_cfme_test_war_middleware.war
20,multymodule-war-1.0.war
20,cfme_test_war_middleware.war
20,multymodule-2-1.0.war
19,test-jaas.war
19,jenkins.war
19,plugin-with-policyDefs.war
19,test-jndi.war
19,zap-wave.war
19,todo.war
19,sample-4.2.2.RELEASE.war
19,test-spec.war
19,coffeeshop.war
19,xref-proxy.war
18,context.war
18,basicauth.war
18,authsub_sample.war
18,gdata-base-recipe.war
17,webApp.war
17,cmd.war
17,ping.war
16,conference-1.0.war
16,plugin-with-deps.war
16,simple-servlet.war
15,archiva-webapp-1.0.war
15,swf-booking-mvc.war
15,cdi-produces-1.0.war
15,AppNameReceiverRestExample-1.0.0.war
15,app.war
15,lazy-loading-info.war
15,tomee-ejb-examples-1.1.0.war
15,jpa-student-register-1.0.war
15,security-check.war
14,sample-application.war
14,TomcatHelloWorldApp.war
14,apache-solr-1.4.1.war
14,mockWar.war
14,mscouchbase-test.war
14,webStarterApp.war
14,Windup1x-javaee-example.war
14,test-webapp-1.0-SNAPSHOT.war
13,ords.war
13,LoginApp.war
13,context-reload-test-webapp.war
13,hibernate-tutorial-web-3.3.2.GA.war
13,manager.war
13,providedRuntime-util-1.0.war
13,webapp-template.war
12,jstl12-example.war
12,contextUnpackWARTrue.war
12,contextCopyXMLTrue.war
12,APIStatusMonitor.war
12,tomcat-jndi-resource-lookup.war
12,openrdf-sesame.war
12,openrdf-workbench.war
12,gwt-benchmark-viewer.war
12,maven-info-missing.war
12,contextUnpackWARFalse.war
12,application.war
12,contextCopyXMLFalse.war
12,spring-small-example.war
12,Windup1x-javaee-example-tiny.war
12,noContext.war
12,broken.war
11,cdi-qualifier.war
11,cdi-inteceptor.war
11,myWar.war
11,share-3.4.11.war
11,jsf-marks-calculator.war
11,cdi-event.war
11,jsf-greeting.war
11,deleted-plugin-2.0.war
11,jta-money-transfer.war
11,deleted-plugin-1.0.war
11,jpa-order-processor.war
11,cdi-produces.war
11,JavaCloudantApp.war
11,simple-war-project-1.0-SNAPSHOT.war
11,CustomerServicePort.war
11,cdi-scope.war
11,cdi-inject.war
11,demo-app.war
11,alfresco-4.2.c.war
11,jpa-contacts-database.war
11,cdi-decorator.war
11,cdi-alternatives.war
11,alfresco-4.2.a.war
11,share-4.2.a.war
11,HttpSession-noLocalCache.war
11,jaxrs_starbucks_service.war
10,snoop.war
10,test-war.war
10,brooklyn-webapp-custom-env.war
10,c.war
10,introspect.war
10,quickforms.war
10,jaxrpc-simple.war
10,balancer.war
10,ADInterface-1.0.war
10,SystemClassLoadingWebapp.war
10,TestJDBC.war
10,brooklyn-example-hello-world-webapp.war
9,name-checkTwo.war
9,war_sample.war
9,ticket-monster.war
9,name-check2_SB.war
9,web.war
9,name-check1.war
9,name-check3.war
9,name-check3_SB.war
9,appengine-try-java-1.0.war
9,solr-4.3.0.war
9,logcommon.war
9,foo-webapp-3.war
9,name-check1_SB.war
9,foo-webapp-2.war
9,name-check2.war
9,foo-webapp-1.war
9,pubnubexample.war
9,war2.war
9,name-checkOne.war
9,name-checkThree.war
8,sword2-server-1.1-SNAPSHOT.war
8,azure-samples-blob-traverser.war
8,._solr.war
8,Validation.war
8,yourWar.war
8,demo.war
8,frameworks.war
8,backend.war
8,jboss-helloworld.war
8,mrp.war
8,hello.war
8,snap_shots_a-1.0-alpha-11-SNAPSHOT.war
8,fuseki.war
7,seam-booking-as7.war
7,picketlink-sts.war
7,cumulusrdf.war
7,solr-4.10.2.war
7,hadoop-auth-examples.war
7,cas.war
7,j4p.war
7,seam-booking-as6.war
7,admin.war
6,ejb-timer-service-app.war
6,SimpleJspWebsite.war
6,axis2.war
6,wargen.war
6,billing.war
6,datareceiver.war
6,bestpeerui.war
6,oflaDemo-r4472-java6.war
6,spring-music.war
6,demo-0.0.1-SNAPSHOT.war
6,CxfRestService-1.0.0-SNAPSHOT.war
6,swagger-webapp-ui.war
6,plugin-with-depResource.war
6,war-url-connection.war
6,daisydiff.war
6,travelocity.com.war
6,zeppelin-web-0.7.2.war
6,webhdfs.war
5,apache-solr-3.5.0.war
5,versioned-1.0-brest.war
5,geoserver.war
5,webui.war
5,geonetwork-main-1.0-brest.war
5,base-1.0-SNAPSHOT.war
5,example.war
5,security-proxy-1.0-demo.war
5,testServlet.war
5,avis.com.war
5,myapp.war
5,solr-4.4.0.war
5,cynthia.war
5,WlsSampleWeb.war
5,websockets.war
5,cluster-1.0.war
5,geobretagne-doc-1.0-dev.war
5,apache-solr-4.0.0.war
5,somefile.war
5,guacamole-0.9.6.war
5,cas-server-webapp-1.0-brest.war
5,hive-hwi-0.10.0-cdh4.5.0.war
5,posterita.war
5,AntExample.war
5,anotherfile-1.0-brest.war
5,JavaAPIApp.war
5,global-http-session-sharing.war
5,InstallOpenStackVM_Custom_InstallVM.war
5,cleaningService.war
5,AmazonKinesisAggregators.war
5,test-0.1.war
4,openapi_validation.war
4,solr-4.10.4.war
4,cgmmhostweb.war
4,quarantine-rest-manifest.war
4,solr-4.9.0.war
4,struts2-rest.war
4,pages.war
4,presentation.war
4,api-explorer.war
4,quarantine-rest-2.0-SNAPSHOT.war
4,gerrit.war
4,TwoDThreeDCapture.war
4,httpmockup.war
4,playground1.0a.war
4,redminePlugin.war
4,webapp-v1.0.war
4,sales.war
4,test-war-1.0.0-classifier.war
4,CS183WebApplication.war
4,HelloWorldWeb.war
4,product.war
4,turningtool-tool.war
4,placeholder-war.war
4,vraptor-musicjungle.war
4,department-report-portal.war
4,help.war
4,titi.war
4,webapp-v1.1.war
4,lesson15.war
4,basic-web-session.war
4,webchat-jm.war
4,basic-app-cache.war
4,hello-servlet.war
4,comparator.war
4,.war
4,demo-app2.war
4,quarantine-rest-nothing.war
4,a.war
4,test-war-classifier.war
4,test-war-1.0.0.war
4,quarantine-rest-pom.war
4,restful.war
4,appservicemsi.war
4,FusionChartsFree_JSP.war
4,print-servlet.war
3,jpetstore.war
3,vet-web-backend.war
3,wstx-services.war
3,FlexPaper.war
3,springwebapp.war
3,Quizzium.war
3,imqhttps.war
3,SpringMVC_v3_AppExample.war
3,spdy.war
3,gc101.war
3,mologogo.war
3,adempiereApps.war
3,test-app.war
3,fabric-zen-1.2.0.war
3,BookstoreEAR-war.war
3,wildcard.war
3,node-info.war
3,ServletExample.war
3,demo-1.0.0-SNAPSHOT.war
3,myproject-1.0-SNAPSHOT.war
3,SampleApp1.war
3,solr-4.10.0.war
3,gameoflife.war
3,rosetta.war
3,simple-with-context.war
3,cmtool-helloworld6.war
3,am-auditApi-sample.war
3,jpress-web-newest.war
3,BPMNProcessServerApp-1.0.0.war
3,war6.war
3,war1.war
3,lucene-xml-query-demo.war
3,selftest.war
3,simpleapp.war
3,jbp-diagnostics.war
3,etcdmock.war
3,33-CarritoCompra.war
3,Feedback.war
3,webapp.war
3,simple2.war
3,HelloSpringMVC.war
3,sample-data-backend.war
3,adempiereWebCMbase.war
3,adempiereWebStore.war
3,EduCircles.war
3,SpringMVC_v4_AppExample.war
3,static.war
3,track.war
3,cas-server-webapp-3.4.2-no-ssl.war
3,eorder-ws.war
3,b.war
3,adempiereRootBase.war
3,leaflet-test-portlet-6.2.1.1.war
3,authenticationendpoint.war
3,events.war
3,d2rq.war
3,gprmc.war
3,Mazil-1.0.0.war
3,retwisj.war
3,html-1.0.war
3,WebService.war
3,duplicate-header-backend.war
3,hrms.war
3,oep-1.2.1.war
3,fabric-zen-1.3.3.war
3,am-graphQL-sample.war
3,rdf4j-server.war
3,rest.war
3,cst-05.war
3,FusionCharts_J2EE.war
3,cluster-checker.war
3,jtrac.war
3,api.war
3,livetest.war
3,gpsmapper.war
3,jforum-2.1.8.war
3,solr-4.10.1.war
3,ERPMuestra.war
3,JoinChat1.1.war
3,premierMaven-0.0.war
3,rdf4j-workbench.war
3,HelloWorld.war
3,ode.war
3,Scholastic.war
3,cms-system-admin-0.0.1-SNAPSHOT.war
3,examples.war
3,imqhttp.war
3,imqums.war
3,jeexplorer-1.15.war
3,epcis.war
3,eorder.war
2,BlueButton.war
2,mcf-api-service.war
2,ps1.war
2,fr.war
2,ps12.war
2,W6D1_Homework.war
2,server.war
2,fragmentAbsOrderedAnnotations.war
2,SCIRelative.war
2,Website-SpringMVC.war
2,cms-system-web-0.0.1-SNAPSHOT.war
2,masterWebServer.war
2,BlueBox.war
2,samigo-app.war
2,scheduler-tool.war
2,CrudEnterprise-war.war
2,BetterMovie.war
2,infrared-web.war
2,TomcatServletExample.war
2,CIMAM-war.war
2,traffic_web-1.0.0.war
2,AerolineaEE-war.war
2,NetworkController.war
2,dynamicAnnotationPure.war
2,CFHandler.war
2,dcm4chee-rid.war
2,bookshelf-3-1.0-SNAPSHOT.war
2,distance_cities.war
2,solr-4.6.0.war
2,staticDocWithContextRootInPath.war
2,dynamicAnnotationConflict.war
2,weasis-pacs-connector.war
2,sample-war.war
2,tdpWeb.war
2,crafter-social.war
2,no.war
2,userManagementWS.war
2,GigaDynaCacheTestWeb.war
2,ps4.war
2,mongoDBApp.war
2,solr-crafter.war
2,crafter-profile.war
2,crafter-social-admin.war
2,Triary-war.war
2,rental-app-1.0.0.war
2,rental-electric-pile-1.0.0.war
2,ApplicationServer_b.war
2,SCINoOrder.war
2,java12-app.war
2,activiti-rest-5.21.0.war
2,prenat-war.war
2,jboss-kitchensink-ml-ear-web.war
2,memcheck.war
2,sakai-mailarchive-james.war
2,mobile_protobuf3.war
2,webical.war
2,cmtool-helloworld4.war
2,IJavaBlog.war
2,strabon-endpoint-3.2.10.war
2,clientcert.war
2,formlogin.war
2,dcm4chee-wado.war
2,smt_divcontrolapp.war
2,my_app_web.war
2,sakai-news-tool.war
2,sakai-usermembership-tool.war
2,sakai-gradebook-testservice.war
2,sakai-gradebook-tool.war
2,osp-matrix-tool.war
2,sakai-fck-connector.war
2,sakai-ws.war
2,customer.war
2,DemoWebapp.war
2,WarDeployApp_web.war
2,jbossws-context.war
2,ShibAuth.war
2,ps5.war
2,CRM-war.war
2,DataMapping.war
2,basiclti-admin-tool.war
2,sakai-site-pageorder-helper.war
2,sakai-site-manage-tool.war
2,solr-no-jts.war
2,dbproject.war
2,CMSLogServer.war
2,lr.war
2,jaxrsclientssl-proxy.war
2,client.war
2,wildfly-ejb-throws-exception-web.war
2,DSResourceInventory.war
2,sakai-siteassociation-tool.war
2,imsblis.war
2,sakai-login-tool.war
2,portal-render.war
2,restapi-doc.war
2,HW1.war
2,jquery-ui-war-1.8.6.war
2,MultimediaDesktop-Client.war
2,web-1.0.0-BUILD-SNAPSHOT.war
2,SimuladorReniec.war
2,MaceDrone.war
2,los-mobile.war
2,solr-4.10.3.war
2,wildfly-ejb-in-ear-web.war
2,dynamicExtensions.war
2,sakai-postem-tool.war
2,accountvalidator.war
2,grades-rest.war
2,job.war
2,server_war.war
2,questionnaire.mng.rest.war
2,filesonly.war
2,odip-20131118.war
2,testWarApplication.war
2,helloWorld2.war
2,sakai-citations-servlet.war
2,calendar.war
2,CoHome-war.war
2,blazegraph.war
2,TestHW.war
2,ps7.war
2,HidraRest-1.0.war
2,viewer.war
2,EvaluationServices.war
2,sso.war
2,rc.war
2,sakai-web-portlet-basiclti.war
2,portal.war
2,podcasts.war
2,AccessibilityWebsite2-war.war
2,helix.web.war
2,TP1CustomerApplication-war.war
2,csSample.war
2,ServicesHidra-1.0.war
2,loginConfigInvalid.war
2,loginConfigNoRealmName.war
2,staticDocWithoutServerObject.war
2,helloendpoints-1.0-SNAPSHOT.war
2,BucketList.war
2,CrawlerSYS.war
2,crafter-search.war
2,osp-wizard-tool.war
2,sakai-mailarchive-tool.war
2,emailtemplateservice-tool.war
2,sakai-help-tool.war
2,bm1.war
2,rockfish.war
2,struts2-20.war
2,world.war
2,hive-hwi-0.9.0.war
2,SemiTags.war
2,dubbo-admin-2.5.4-SNAPSHOT.war
2,SimualdorBanco.war
2,Existing_jsf1.2.war
2,hello-world-servlet.war
2,Lab3-MueblesDeLosAlpes-war.war
2,io.openliberty.java.internal_fat_17.war
2,3CM9_4.war
2,crafter-profile-admin-console.war
2,wiki.war
2,osp-presentation-tool.war
2,sakai-message-tool.war
2,dav.war
2,BlueTrader.war
2,eu.war
2,ps8.war
2,id.war
2,nested.war
2,camod.war
2,movieflix-0.0.1.war
2,werewolf-1.0.0-BUILD-SNAPSHOT.war
2,sakai-announcement-tool.war
2,sakai-metaobj-tool.war
2,wwwxmlverifier-1.0.war
2,dwr.war
2,bashcomp.war
2,OliotDiscoveryService.war
2,legacysimpletable.war
2,hello-1.0-SNAPSHOT.war
2,barcode4j.war
2,guacamole-0.9.9.war
2,Auction-web-1.0-SNAPSHOT.war
2,sakai-signup-tool.war
2,sakai-user-tool.war
2,sakai-site-manage-group-helper.war
2,struts2-16.war
2,SimpleGrid.war
2,fragmentRelOrderedAnnotations.war
2,java14-app.war
2,java13-app.war
2,explicit-staging-example.war
2,web-1.0-SNAPSHOT.war
2,jboss-ejb-throws-exception-web.war
2,TemporalTagger.war
2,neutrino-application.war
2,sakai-reset-pass.war
2,osp-jsf-resource.war
2,testapp.war
2,test1.war
2,48881.L6Q.000.isf-servlets.war
2,war.war
2,pingesoTareaCRUD-web-1.0.war
2,TestProject.war
2,sakai-rights-tool.war
2,sakai-axis.war
2,sakai-archive-tool.war
2,sakai-memory-tool.war
2,osp-common-tool.war
2,registry.war
2,MiniShop-1.0-SNAPSHOT.war
2,cmtool-helloworld5.war
2,ps6.war
2,BACMty-war.war
2,lri-1.0-SNAPSHOT.war
2,testDownloadValidFileFromWWW.war
2,XYZEnergyCorp.war
2,activiti-explorer-5.21.0.war
2,sp.war
2,tool.war
2,sakai-calendar-tool.war
2,mailsender-tool.war
2,sakai-rwiki-tool.war
2,sakai-podcasts.war
2,sakai-user-tool-admin-prefs.war
2,bluc.war
2,ps3.war
2,javaCloudantWorkloadSchedulerApp.war
2,OfferMeJeeServer-0.0.1.war
2,Assignment2SE1068-war.war
2,io.openliberty.java.internal_fat_18.war
2,Portal-WAR.war
2,webschool-web.war
2,osp-portal.war
2,bmcp-maven-spring-1.0-SNAPSHOT.war
2,FrontEndRESTApplication-1.0.war
2,root.war
2,mcf-crawler-ui.war
2,Db1Start.war
2,formsecurity.war
2,ProtExpressGridApp.war
2,owf.war
2,oiosaml.java-discovery-1.2.war
2,jboss-kitchensink-ear-web.war
2,nomothesia-1.0.0.war
2,imsblti.war
2,portal-web.war
2,loginConfigNone.war
2,java15-app.war
2,cms-service-test-0.0.1-SNAPSHOT.war
2,userauditservice-tool.war
2,library.war
2,sakai-search-tool.war
2,lessonbuilder-tool.war
2,CourseManagementMavenWebApp-1.0.war
2,jquery-war-1.7.1.war
2,birt.war
2,tunnel-web.war
2,metroclima-angular.war
2,dummy.war
2,lumens-web-1.0.war
2,PLWebApp.war
2,DataMapping-0.0.1-SNAPSHOT.war
2,RESTFulFusion.war
2,LAB_6-0.0.1-SNAPSHOT.war
2,MongoWebInterface.war
2,wildfly-kitchensink-ml-ear-web.war
2,providers.war
2,osp-jsf-example.war
2,sakai-content-tool.war
2,userManagement.war
2,Weixin.war
2,webcontent.war
2,idp.war
2,sakai-sections-tool.war
2,sakai-web-tool.war
2,direct.war
2,adminsiteperms.war
2,commons.mng.rest.war
2,mcf-authority-service.war
2,vaadin-jpa-application.war
2,chamadaParlamentar2.war
2,WSSampleSeiClient.war
2,Pharmacy.war
2,wavsep.war
2,foafssl-idpservice.war
2,polls-tool.war
2,authn.war
2,messageforums-tool.war
2,RADAAPP-war.war
2,client-registration#v0.9.war
2,web-theme-0.4-SNAPSHOT.war
2,spring-mvc-embedded-db-1.0-SNAPSHOT.war
2,video-player-viewer.war
2,LoginWebPages-1.0-SNAPSHOT.war
2,ps2.war
2,websocketbot.war
2,java16-app.war
2,cargo-tracker.war
2,dispatch-plugin.war
2,wildfly-wicket-ear-war.war
2,Educa05-web-1.0-SNAPSHOT.war
2,jsf-resource.war
2,sakai-authz-tool.war
2,xsl-portal.war
2,sakai-chat-tool.war
2,delegatedaccess-tool.war
2,sakai-syllabus-tool.war
2,WISE.war
2,XtreemFSConsole.war
2,restapi.war
2,api#am#store#v0.9.war
2,api#am#publisher#v0.9.war
2,TokenProvider.war
2,source.war
2,DeployableConsumer-1.0-SNAPSHOT.war
2,ApplicationServer_a.war
2,jsf.war
2,sakai-citations-tool.war
2,sakai-roster2-tool.war
2,osp-glossary-tool.war
2,StatsCollector-1.0.war
2,PCNI-1.0.war
2,hawtio-default-offline-1.4.48.war
2,WebAppAgendaCRUD.war
2,DataSync.war
2,CI346-1.war
2,weasis-i18n.war
2,ABCPetroCorp.war
2,apache-solr-1.4-dev.war
2,GetStartedJava.war
2,profile2-tool.war
2,sakai-calendar-connector.war
2,requestinfo.war
2,CustSOAPService.war
2,cacore30.war
2,solr-4.3.1.war
2,sample-1.0.war
2,DefaultSpringMVC.war
2,jboss-ejb-in-ear-web.war
2,Test-web.war
2,osp-portal-tool.war
2,sitestats-tool.war
2,portal-chat.war
2,sakai-calendar-summary-tool.war
2,hdfsproxy-2.0.war
2,portfolio.war
2,ServicioBlufeedme.war
2,Timesjob.war
2,login-render.war
2,sakai-site-manage-link-helper.war
2,sakai-assignment-tool.war
2,WiseStudySpaceWizard.war
2,rdfunit.war
2,gwi.war
2,SampleApp2.war
2,ch8_BookCatalogPortlet.war
2,ps11.war
2,PACS.war
2,calliope.war
2,tilt.war
2,zoeTest-web-1.0-SNAPSHOT.war
2,staticDocWithServerObject.war
2,SCIRelativeNoOthers.war
2,ODKAggregate.war
2,sakai-tool-tool-su.war
2,sakai-alias-tool.war
2,x.war
2,access.war
2,sakai-site-tool.war
2,sakai-user-tool-prefs.war
2,rest-cliente-web-1.0.war
2,mftvanak-services.war
2,editor-ui.war
2,dubbo-admin-2.8.4.war
2,HelloApp.war
2,multi3-3.7-SNAPSHOT.war
2,services.war
2,sakai-presence-tool.war
2,sakai-web-portlet.war
2,bookshelf-2-1.0-SNAPSHOT.war
2,Fleet Commanders.war
2,SpringAppSecurity.war
2,banana.war
2,kms.war
2,cmtool-helloworld2.war
2,ps9.war
2,solr-4.5.1.war
2,cws.war
2,AndroidChannelBuild.war
2,odip-20140120.war
2,fragmentXmlExcludedInheritence.war
2,java11-app.war
2,gitbucket.war
2,weasis.war
2,oauth2.war
2,wildfly-kitchensink-ear-web.war
2,RestSchedWS.war
2,courier.war
2,s2-032.war
2,ps10.war
2,my-webapp.war
2,file.war
2,odip-20131212.war
2,inheritance.war
2,Maven-web.war
2,sakai-editor.war
1,AppExemplo.war
1,liferay-node-poller-hook-6.1.1.1.war
1,WebPage-1.0-SNAPSHOT.war
1,fabflix.war
1,homeguard5.3-0.0.1-SNAPSHOT.war
1,cmtool-helloworld3.war
1,RawJspHelloWorld.war
1,GestionDesNotesRest.war
1,EmptySpring-1.0-SNAPSHOT.war
1,pentaho-reports-for-odoo.war
1,web.xml.war
1,billrive-service-1.0.war
1,Rfid3_Count.war
1,log-monitor-demo.war
1,startseite-standard3-theme-6.2.1.4.war
1,upload-frontapp.war
1,imie-amphi.war
1,dia.war
1,ProjectPizza.war
1,monitortermico.war
1,WPA_MOVIEDATABASE-1.0-SNAPSHOT.war
1,UnaCloudWebPortal-war.war
1,teiid-olingo-8.13.6-odata4.war
1,ProjetoJsf02.war
1,WebComponents.war
1,jhipster-registry-3.2.3.war
1,tudu-springmvc.war
1,WebTimer-0.1.war
1,RESTfulExample.war
1,Sushi.war
1,adminwx.war
1,Reports.war
1,doser-gebrilrest.war
1,wildfly-xml-jaxp.war
1,cdi-alternative.war
1,wildfly-logging-tools.war
1,LoginWebApp.war
1,jboss-log4j.war
1,MIGroupCreateEdit.war
1,stock-quote-1.0-SNAPSHOT.war
1,PedidoVendaEstudo.war
1,Infa2OdiUtilUI-0.0.1-SNAPSHOT.war
1,Examen2.war
1,Moho-Sample-CallRingBack-0.8.war
1,Moho-Sample-BlackList-0.8.war
1,rdap-server-1.1.0.war
1,rdap-server-1.1.2.war
1,hadoop-webapps-1.2.1.war
1,CouchSales.war
1,spring-web-0.0.1.war
1,cwrcxmlval-0.0.1-SNAPSHOT.war
1,CumulustestManager-0.0.1-SNAPSHOT.war
1,jhipster-0.0.1-SNAPSHOT.war
1,anynines.war
1,annotation-de.war
1,ultron_2.11-1.0.war
1,LibraryWebApp_v1.5.0.war
1,MongoDBServices-1.0.war
1,shopify-fulfillment-0.1.war
1,SpringWebMVC-1.0-SNAPSHOT.war
1,customerService.war
1,worklight-management-ui.war
1,ajaxtags-1.2-beta2.war
1,RawJspArithmetic.war
1,simpleproject.war
1,updater.war
1,lending_with_rest.war
1,cardioSHARE-elseweb.war
1,broadway_tomcat_2.11-0.1.0.war
1,nodeinfo.war
1,no-metadata.war
1,onlineshop.war
1,W5D3Homework-0.0.1-SNAPSHOT.war
1,OxAuth-SignIn-portlet-6.1.1.1.war
1,politaktiv-map2-portlet-6.2.1.1.war
1,politaktiv-default-theme-6.2.1.15.war
1,startseite-standard3-theme-6.2.1.3.war
1,kaleo-web-6.2.0.1.war
1,CloudStore.war
1,PrimefacesSample.war
1,WebRoster.war
1,tpi-analyzer.war
1,practica1-1.0-SNAPSHOT.war
1,tipovacka.war
1,travelbuddy.war
1,xfornesa.war
1,apache-solr-3.6-2012-01-17_06-55-53.war
1,shoply.war
1,roomamp2.war
1,fake-rudder.war
1,httpsession-xml-1.0.2.RELEASE.war
1,registration.war
1,spring-mvc-rest-0.0.1-SNAPSHOT.war
1,tandembrowsing.war
1,AzureWebApp.war
1,H2CRUD.war
1,RestfulWebService.war
1,thredds.war
1,unifiedviews.war
1,TerminologyService.war
1,mms.war
1,opentdc-services.war
1,poem-generator-1.0-SNAPSHOT.war
1,myapp-0.0.1-SNAPSHOT.war
1,GestionClubes.war
1,bullseye-webapp-0.0.1.war
1,jboss-numberguess.war
1,MIphonebackuprestore.war
1,hottest2##2.war
1,Moho-Sample-PresenceSubscribe-0.8.war
1,Sensores.war
1,solr-4.7.1-SNAPSHOT.war
1,alfresco-wsf-website.war
1,stampshare-war-1.0-SNAPSHOT.war
1,topophone-0.0.1-20150827.105545-1.war
1,ACSMS.war
1,Piotr.Giedziun.8.3.war
1,COSMOS.war
1,first-listener.war
1,flumemaster.war
1,TestJsonXSS.war
1,WStestClient.war
1,wikiLinking.war
1,11-mcdonalds-jpa.war
1,bwcheck-r3451-java6.war
1,customer-portal.war
1,webservices.war
1,ConfigComparator-0.0.1-SNAPSHOT.war
1,MybatisPractice.war
1,sip-servlets-management.war
1,sampleserver.war
1,guestbook-0.0.1-SNAPSHOT.war
1,WebGoat-5.4.war
1,SpringMvc.war
1,RawJspBootstrap.war
1,struts2-portlet.war
1,03-04-todo-webapp.war
1,match-web-2.0.0-SNAPSHOT.war
1,MeshServer.war
1,recurse_web_view.war
1,QYTXL.war
1,reference-theme-6.2.0.1.war
1,Ancud_ShortURL-portlet-6.2.1.1.war
1,politaktiv-default-theme-6.2.1.9.war
1,ODBGenerator.war
1,bidwin.war
1,Backend_REST_API-0.0.1-SNAPSHOT.war
1,FW-0.0.1-SNAPSHOT.war
1,tmp5175866579620830102los-mobile.war
1,CounterWebApp.war
1,RssServer.war
1,HBDPApp.war
1,Enem-web-1.0.war
1,eorder-member.war
1,MedicalSearchWebService.war
1,smartlogistics-web-0.0.2-SNAPSHOT.war
1,gensolution-1.0.0-BUILD-SNAPSHOT.war
1,AssesortronServer-1.0-SNAPSHOT.war
1,primroseApplication.war
1,gitblit-1.7.1.war
1,TestWebProject.war
1,XML.war
1,trymvc.war
1,acp.war
1,jboss-mail.war
1,jboss-cdi-portable-extension.war
1,jboss-as-helloworld-rs.war
1,deter-2.war
1,losm.war
1,admin-grow-theme.war
1,OS.war
1,angularjs-portlet.war
1,Robotics-Portlet-portlet-6.1.10.1.war
1,topophone-0.0.1-20151002.003639-1.war
1,vitrine.war
1,hazelcast-monitor.war
1,gemfire-web-api-1.0.0.0-SNAPSHOT.war
1,simple_calculator.war
1,test-jenkins-1.0-SNAPSHOT.war
1,xstat.war
1,BugPortalProject.war
1,LibraryWebApp_v1.3.war
1,SOSample-r4326-java6.war
1,angular2-product.war
1,offline-access-portal.war
1,clustalw-portlet.war
1,backend_api.war
1,airportSample.war
1,ngLiferay-language-theme.war
1,findyourway.war
1,mutant-spotlight.war
1,IV1201-1.0-SNAPSHOT.war
1,joseki.war
1,login-ajax.war
1,access_server_war.war
1,guacamole-basic.war
1,JsonWithAjax.war
1,eTokenServer.war
1,sample-1.0-SNAPSHOT.war
1,priki.war
1,SpringWeb.war
1,scheduler-web.war
1,sslab3.war
1,Roner.war
1,file-2.war
1,JFinal.war
1,servletTest.war
1,cool.war
1,startseite-standard3-theme-6.2.1.6.war
1,adamantium-1.0.war
1,rest-api.war
1,diguiche.war
1,basestation.war
1,text-processor-1.war
1,SparkDemo.war
1,MYUNIVAQ3-2.0esame.war
1,rest-services-1.0.0-SNAPSHOT.war
1,resreq.war
1,tmp7529702223057790981weasis.war
1,pluginwiris_engine.war
1,mahout-taste-webapp-0.5.war
1,bounswe2016group12-1.0-SNAPSHOT.war
1,integration-demo.war
1,Iteracion2_grupo16.war
1,remarc-admin.war
1,Consumer.war
1,dashboard.war
1,PuzzleSender.war
1,testak.war
1,farepricingservice.war
1,registry-1.0-SNAPSHOT.war
1,ActiveSearchDaemon.war
1,SemantikosWeb.war
1,wildfly-thread-racing.war
1,wildfly-bean-validation.war
1,wildfly-servlet-filterlistener.war
1,WebDeployment.war
1,wicket-examples-1.5.7.war
1,jobroom-web-1.2.vagrant.war
1,jboss-tasks-jsf.war
1,jboss-bmt.war
1,MIGROUPFETCH.war
1,bwill123_servlet.war
1,mavenproject-0.0.1-SNAPSHOT.war
1,flights.war
1,CGWAP.war
1,HappyFront.war
1,jsf-0.0.1-SNAPSHOT.war
1,jfinal-base-1.0.war
1,TeamPortal.war
1,ner-annotation-sl.war
1,ner-annotation-de.war
1,smt_hbbtvremoteapp.war
1,LibraryWebApp_v1.4.war
1,AlmostMinimumHelloWorld.war
1,poiproxy.war
1,solr-4.6.1.war
1,HelloWorldApplicationDemo.war
1,rice-web-2.1.9.war
1,University.war
1,guia9.war
1,dh-ms-general.war
1,AiPlanningServices.war
1,openjms-tunnel-0.7.7-beta-1.war
1,HMLtoFHIR.war
1,ps14.war
1,artifactory-2.6.4.war
1,feTest.war
1,dynagent-web.war
1,ethocademo.war
1,bradleyross-examples.war
1,hackifier-0.1.war
1,HackRUSpring2015-1.0-SNAPSHOT.war
1,yyauto-web.war
1,QYTXL_war.war
1,HelloService.war
1,SocialFunnel-1.0.0.war
1,politaktiv-layouttpl-6.2.1.9.war
1,S2-005.war
1,GEOWOD.war
1,football-1.0-SNAPSHOT.war
1,de.fwenz.jsf.test1-0.0.1-SNAPSHOT.war
1,lll1.war
1,acs-1.0.0-BUILD-SNAPSHOT.war
1,Custom_Layout_1-4-1-layouttpl.war
1,roller-app-5.0.3.war
1,myfavorite.war
1,stategraems.war
1,e1200641_XMLRPCServlet.war
1,hellojava.war
1,WarDeployerTestPortlet1-1.0.0.war
1,apache-solr-nightly.war
1,foo.war
1,geoportal.war
1,oep-default-theme-6.2.0.1.war
1,EquationGeneratorXML.war
1,jeeapp-0.0.1-SNAPSHOT.war
1,pentaho-reports-for-openerp.war
1,eXoGadgetServer.war
1,tudu-dwr.war
1,My-ExamApp.war
1,mancenter-3.2.4.war
1,rocker-demo.war
1,wildfly-helloworld-websocket.war
1,wildfly-helloworld-rf.war
1,solr-3.6.2.war
1,AnonymousTVM.war
1,smt_workshopespaceapp.war
1,tcm.war
1,jamon.war
1,3CM9_2.war
1,servletBlackJack.war
1,Cookies_Session-1.0-SNAPSHOT.war
1,jboss-logging-tools.war
1,jboss-as-numberguess.war
1,solr-4.2.1.war
1,HomeAutomation.war
1,Moho-Sample-Transfer-0.8.war
1,Blog.war
1,rdap-server-1.2.0.war
1,schlachti_prototyp-0.0.1-SNAPSHOT.war
1,EVSTree.war
1,webapp-0.0.1.war
1,topophone-0.0.1-20150930.103121-1.war
1,adimde.war
1,smt_helloworldapp.war
1,dsm.war
1,swagger-jaxrs-server-1.0.0.war
1,jexws4.war
1,isll.war
1,HelloJSF.war
1,eLibrary_Application_v3.3.war
1,14-range-finder.war
1,admin-r4506-java6.war
1,SystemUtils-1.0-r4418-java6.war
1,midiDemo-r3339-java6.war
1,SOSample-r2967-java6.war
1,jms-sample.war
1,DataToJSON.war
1,account-service-0.0.1-SNAPSHOT.war
1,testwar.war
1,ejpark.war
1,jogreweb.war
1,ebola-0.0.1-SNAPSHOT.war
1,javaquiz-rest.war
1,javaquiz.war
1,smt_euscreenxlvideocontestapp.war
1,mqlight_sample_frontend_web.war
1,contactapp-1.0-SNAPSHOT.war
1,smt_sessionexampleapp.war
1,xwebic.war
1,tmpmail-0.0.1-SNAPSHOT.war
1,Antropometria-1.0-SNAPSHOT.war
1,WebserviceNewaWear.war
1,KalahaProject-1.0.war
1,politaktiv-layouttpl-6.2.1.6.war
1,open-graph-hook-6.2.1.1.war
1,HN-custom-theme-6.2.1.1.war
1,Signal.war
1,tomcat-examples.war
1,WebMusicExplaura.war
1,WarDeployerTestPortletNoManifest.war
1,NPSSCache.war
1,upt.war
1,the.war
1,WebApplicationSanti.war
1,IFPWAFCAD.war
1,easydbtester.war
1,hcentive-soap-web-service-0.1.0.war
1,DetectingDeviceType.war
1,Tutr_AppEngine.war
1,wildfly-servlet-async.war
1,wildfly-security-vault-askpass.war
1,jpl.war
1,example-2.war
1,Caixa.war
1,jboss-ejb-in-war.war
1,jboss-helloworld-ws.war
1,jboss-as-kitchensink-ear-web.war
1,sharepoint.war
1,ispn-store.war
1,ttp-web-common-2.4.0.war
1,WebService-1.0-SNAPSHOT.war
1,mavenproject-1.0-SNAPSHOT.war
1,cdecurate.war
1,studio.war
1,abdn-1.2.0.war
1,wls-wsat.war
1,bea_wls9_async_response.war
1,pixelware-project.war
1,botlibreplatform.war
1,RemoteGate.war
1,test-hook-7.0.0.1.war
1,KeyDatesApp.war
1,nasphotos.war
1,Test.war
1,JobLogEventsDirCreator-1.0.war
1,saas.war
1,CES-Game.war
1,ScheduleConsole.war
1,dog-licensing-visualization-1.0.war
1,breadcrumb-sample-0.0.1-SNAPSHOT.war
1,metrics.war
1,counter_25.war
1,Sistema_Inkafarma.war
1,chukwa.war
1,GCM_Server.war
1,mancenter-3.4.2.war
1,SiquoiaWebGame.war
1,YAWLCustomWebService.war
1,hs-face-detect-0.1-SNAPSHOT.war
1,smt_enrichermonitorapp.war
1,BShtml2PDF.war
1,web_war exploded.war
1,SXSWArtistCatalog.war
1,Blog-0.0.1-SNAPSHOT.war
1,piggydb-7.0-dev1-anonymous.war
1,EssRestfulService.war
1,spring-social-quickstart.war
1,beersample-java-1.0-SNAPSHOT.war
1,ckfinder##2.4.1.war
1,librocomprasv3.war
1,supersystem-server.war
1,InClassWebProject.war
1,cas-server-uber-webapp-3.5.2.1.war
1,rsbi.war
1,showip.war
1,jenkins2.11.war
1,wildfly-helloworld-jdg.war
1,wildfly-kitchensink-ml.war
1,wildfly-helloworld-rs.war
1,FrontEnd.war
1,jspLearning.war
1,StockMarketGame-1.0.0.war
1,jboss-temperature-converter.war
1,jboss-tasks-rs.war
1,MinotificationService.war
1,grow-theme-user-profile.war
1,gerrit-2.10.4.war
1,ibubble2.war
1,wsrf.war
1,topophone-0.0.1-20150730.015415-1.war
1,topophone-0.0.1-20151002.001014-1.war
1,SpringTest-0.0.1-SNAPSHOT.war
1,HsfServiceSample-1.0.0.war
1,Guardiano.war
1,decide-web-0.1.0.war
1,Uechi.APM.Web.war
1,bisis-client-5.0.0.war
1,SER422_Lab4.war
1,iGoWeb.war
1,Chronos-0.0.1-SNAPSHOT.war
1,transcoderLive.war
1,ner-annotation-en.war
1,eLibrary_Application_v3.4.war
1,13-classicmodels.war
1,OntologyService.war
1,quercus-4.0.39.war
1,MinimumHelloWorld.war
1,SmallBusiness-1.0-SNAPSHOT.war
1,profile-service-0.0.1-SNAPSHOT.war
1,StudentProsjekt3.0.war
1,StudentProsjektV5.0.war
1,sensite.war
1,WorklightStarter.war
1,uaa.war
1,HotelSOAPService.war
1,FaultedEarth.war
1,italent-1.0.war
1,JSPWiki.war
1,hi-ce.war
1,data_load_sample.war
1,JenkinsDeploy-0.0.1-SNAPSHOT.war
1,JettyWebListenerBug.war
1,spring4-jms-weblogic-1.0-SNAPSHOT.war
1,java-demo.war
1,simplecaptcha-1.2-j2ee-sample.war
1,guessbidproject.war
1,AnchorReader-6.1.1.1.war
1,OpenLayer-Map-portlet-6.0.6.0.9.war
1,politaktiv-default-theme-6.2.1.18.war
1,politaktiv-default-theme-6.2.1.17.war
1,politaktiv-map2-portlet-6.2.1.7.war
1,politaktiv-standard3-theme-6.2.1.4.war
1,portfolio-1.war
1,hatebumap-0.0.1.war
1,._WebAppAgendaCRUD.war
1,android-gps-emulator-0.1.0.war
1,probe.war
1,infinispan-tester.war
1,LaurenLandscapesJava.war
1,weevil-server-1.2.1-SNAPSHOT.war
1,IsCricketWebProject.war
1,astra-portlet.war
1,ExampleWebApp.war
1,PEFUI.war
1,java_ship_app.war
1,jfinal_demo_for_maven.war
1,SampleMavenTomcatApp.war
1,J1SecurityAnnotations.war
1,oep-configuration-portlet-6.2.0.1.war
1,fuse-zen-1.3.3.war
1,agrold.war
1,geoexplorer.war
1,PushMiner.war
1,bives.war
1,tienda-1.0-SNAPSHOT.war
1,LearnLanguageAPI.war
1,search.war
1,wildfly-cmt.war
1,RegistryBook-1.0-SNAPSHOT.war
1,NASAControlServer.war
1,MISENDNOTIFICATIONGLOBAL.war
1,jboss-as-payment-cdi-event.war
1,aerodoc.war
1,trader-1.0-SNAPSHOT.war
1,moneyprivate.war
1,Online_Bank_WebSite.war
1,fetcher.war
1,tc~sec~ume~logon~ui_stadler.war
1,pentaho-reports-for-openerp-8.0.3.war
1,bea_wls_internal.war
1,topophone-0.0.1-20150719.052920-1.war
1,oracle.adf.desktopintegration.war
1,freestyle.war
1,hurudza.war
1,WsWeather.war
1,playground-1.0-SNAPSHOT.war
1,omni.war
1,askari-0.1.war
1,one-bank-referral.war
1,auth-service-0.0.1-SNAPSHOT.war
1,JavaDemo.war
1,RVSSandbox.war
1,REST_TEST-1.0-SNAPSHOT.war
1,Recruitool.war
1,store.war
1,coffeControl-1.0-SNAPSHOT.war
1,WebGoat-5.2 beta 1.war
1,AppManage.war
1,ropeytasks-0.1.war
1,FinalProjectEE-1.0.war
1,SL314m10ex1.war
1,How2Say.war
1,politaktiv-standard3-theme-6.2.1.8.war
1,RESTExample-0.0.1-SNAPSHOT.war
1,os-user-actions.war
1,S2-015.war
1,airlines.war
1,InfoServlet.war
1,commerce-theme-6.2.0.1.war
1,Spring4MVCCRUDRestService.war
1,HelloLogin_war.war
1,restConverter-0.0.1-SNAPSHOT.war
1,ProjetoJsf04.war
1,welcome_servlet.war
1,tmp5222996559186729652dcm4chee-wado.war
1,sca-api-1.2.war
1,siteseeker-search.war
1,albright.war
1,remarc.war
1,fuse-zen-1.2.0.war
1,WelcomeRESTJSON.war
1,azkaban.war
1,inventoryservice.war
1,punter.war
1,SemantikosWeb-1.0.0.war
1,JMSBrowser.war
1,lightReq.war
1,LOGIN.war
1,StockMarketGame-1.0.war
1,JPetStore.war
1,Backend.war
1,fcube-aws-server.war
1,hottest2.war
1,tartest.war
1,topophone-0.0.1-20150827.110031-1.war
1,portletskinner-hook.war
1,feed-system.war
1,rusk.war
1,OWGIS_V2.war
1,LibraryWebApp_v1.7.war
1,admin-access.war
1,service-account-portal.war
1,learning-webspider.war
1,book-reader-viewer-alto.war
1,open-data-1.0-SNAPSHOT.war
1,cat.war
1,IhalkhataWebService.war
1,CodeTroopersIoT-0.0.1-SNAPSHOT.war
1,wsprovider.war
1,GSA_TLSI_Backend-1.0-SNAPSHOT.war
1,RestaurantManagement-0.0.1-SNAPSHOT.war
1,p2.war
1,struts2-showcase.war
1,twitter.war
1,cafe.web-1.0-SNAPSHOT.war
1,TimeTableGenAjax.war
1,aws_sample_war.war
1,politaktiv-hook-6.2.1.1.war
1,politaktiv-layouts-6.2.0.4.war
1,HN-custom-theme-6.2.1.4.war
1,politaktiv-default-theme-6.2.1.10.war
1,MentoringServer.war
1,TechEvents-0.1.war
1,spring-gae-app-0.0.1-SNAPSHOT.war
1,opensecurity-webapp-v0.1.1.war
1,opensecurity-webapp-v0.1.0.war
1,maindat.war
1,Concesionario2016.war
1,CookieAgent.war
1,p2p-ee-0.0.1-SNAPSHOT.war
1,ShutAPP_GCM_SERVER-1.0-SNAPSHOT.war
1,dcm4chee-web-dicom-3.0.4.war
1,webcomicat-0.1.war
1,Lab3Now.war
1,oep-notification-portlet-6.2.0.1.war
1,neo-usermgr-provider-user-rest.war
1,pwm.war
1,Demo.war
1,SemantikosWS.war
1,wildfly-numberguess.war
1,jmeter.war
1,jboss-hibernate3.war
1,jboss-jta-crash-rec.war
1,my-project-trunk-r739234.war
1,EarthFace.war
1,leefy-webservices.war
1,gte.war
1,rdap-server-1.2.2.war
1,pma-0.1.war
1,WebServiceBLS.war
1,hello-spnego.war
1,city-vendors-0.1.0.BUILD-SNAPSHOT.war
1,gerrit-2.10-rc1.war
1,foplet.war
1,MusicStoreWebsite_war.war
1,webapp-test-bad-web-xml.war
1,AnsibleGUI.war
1,JavaServlet.war
1,expresscare-1.0.0-BUILD-SNAPSHOT.war
1,tvs.war
1,customer-portal-js.war
1,oauth-client-cdi.war
1,AEM17.war
1,photo.war
1,DataAggregator.war
1,tel-aspire-bb-learn.war
1,w.war
1,WorkServlet.war
1,NUNTIUS-1.0.127.war
1,simple0130.war
1,ReactiveWebSocketServer.war
1,RvdExternalServicesDemo.war
1,FlickHunter-1.0.war
1,Clase1-1.0-SNAPSHOT.war
1,guestbook-1.0-SNAPSHOT.war
1,WebGoat-5.2.war
1,mortals.war
1,homeguard5.3-5.t3.1.war
1,projeto-fatec-1.0-SNAPSHOT.war
1,app2.war
1,SecureApp.war
1,labelingserver.war
1,vp_carddeck.war
1,iSurvey.war
1,store-1.0.war
1,JavaProject.war
1,josn_exception_Handler.war
1,mamute-1.4.0.war
1,politaktiv-default-theme-6.2.1.11.war
1,politaktiv-default-theme-6.2.1.4.war
1,CollegeRecords.war
1,oa.war
1,piggydb-7.0-anonymous.war
1,mcms.war
1,KMC-Server.war
1,LoginWeb.war
1,clase1Paco.war
1,smartlogistics-web-0.0.1.war
1,iBeeProject_02072009.war
1,Lab3.war
1,oep-configuration-portlet-6.2.0.2.0.war
1,arquillian-example-helloworld.war
1,dina-news-publisher.war
1,GonqBox.war
1,gisbangkok.war
1,WebTimer-1.0.0.war
1,struts-example.war
1,Custom62-theme.war
1,e-artisan.war
1,guacamole-0.8.3.war
1,bart.war
1,brock-1.0.war
1,cdb-webapp.war
1,jboss-greeter.war
1,azure_hacks.war
1,hogajama-rs-0.0.1-SNAPSHOT.war
1,lams-monitoring.war
1,rdap-server-1.1.1.war
1,rdap-server-1.4.1.war
1,imixs-microservice.war
1,blog-1.0.0.1.war
1,appwhite1-gwt.war
1,JavaCacheApp.war
1,basic-api-template-1.0.war
1,cimmyt.war
1,bwf-rest.war
1,CloudSimulator.war
1,TheWorld_ViewController_webapp.war
1,26-DeployingWebApplications.war
1,thiago-node.war
1,JavaEE_final_mock.war
1,LibraryWebApp_v1.6.war
1,messageRecorder-r2967-java6.war
1,innbuilder.war
1,flyer.war
1,libertyJCA.war
1,ShiroStudy.war
1,SampleApp3.war
1,RSAService.war
1,appengine-1.0-SNAPSHOT.war
1,MyWebProject.war
1,webside.war
1,CKFinderJava.war
1,mobile.war
1,wsrf-cagwas.war
1,workRecord.war
1,javaexamples2.war
1,adc.war
1,ShareAirMusicServer.war
1,wfms-0.1.0-SNAPSHOT.war
1,thoth-webapp.war
1,HelloWorld-1.0-SNAPSHOT.war
1,serverGoogle.war
1,orgcensus-jaxb.war
1,EcoMotto-Web.war
1,eeSample.war
1,politaktiv-standard2-theme-6.2.1.2.war
1,politaktiv-default-theme-6.2.1.8.war
1,politaktiv-default-theme-6.2.1.6.war
1,politaktiv-layouttpl-6.2.1.12.war
1,first-rest-app.war
1,random-quotes-1.war
1,wp-1.0.war
1,KingsGame-0.0.1-SNAPSHOT.war
1,SimpleMedicalSearchEngine-1.0.war
1,smt_oembedapp.war
1,DbDemo.war
1,WelcomeRESTXML.war
1,StudyBuddie-1.0-SNAPSHOT.war
1,eatontest.war
1,presentation-1.0.0-SNAPSHOT.war
1,wenxue.war
1,wildfly-servlet-security.war
1,Tennis.war
1,Flytastic-1.0-SNAPSHOT.war
1,HelloConektaJava.war
1,blmall-0.0.1-SNAPSHOT.war
1,HeatPoint.war
1,MIUserPhotoAccessTypeUpdate.war
1,composantsClientWeb.war
1,Moho-Sample-ConferenceRoom-0.8.war
1,SimpleEmployeeSystem.war
1,xDams.war
1,iapi_annotator_rep.war
1,AccessibilityViolationReporter.war
1,corpbanca-1.0-SNAPSHOT.war
1,second-listener.war
1,emistoolbox.war
1,21-WARPlugin.war
1,supervisor.war
1,cbs4zh.war
1,SmallBusiness.war
1,sslAPI.war
1,JoinUp4Web.war
1,sparqlgateway.war
1,UploadPhoto.war
1,Portal(06-01-2015)FINAL(1.7).war
1,HenryBooks.war
1,todo-webapp.war
1,hicc.war
1,GumrukOtomation.war
1,shop-0.0.1-SNAPSHOT.war
1,cvault.war
1,politaktiv-map2-portlet-6.2.1.2.war
1,politaktiv-map-portlet-6.2.1.4.war
1,prev-oai-pmh.war
1,S2-013.war
1,Venice-Web-1.0.war
1,server-stats-1.war
1,data_provider_web.war
1,NICE.war
1,mapview.war
1,rest-1.0.0.war
1,Wulian2Bluevilla.war
1,openshift-test-1.0-SNAPSHOT.war
1,jolokia-war-1.3.4.war
1,sdi2-9.war
1,luchess-web-client-1.0.0.war
1,myFirst-portlet.war
1,amq-ibm-sample.war
1,carat.war
1,qrcode-display-portlet-6.1.1.1.war
1,WSRESTPRUEBA.war
1,DiscourseAnalyser.war
1,BlueVilla-1.0-SNAPSHOT.war
1,blop.war
1,mp4.war
1,learn2sort-1.0.0-SNAPSHOT.war
1,jenkins2.7.war
1,wildfly-wicket-war.war
1,wildfly-helloworld.war
1,wildfly-helloworld-ws.war
1,racetrack-0.1.war
1,mamute-1.0.0.war
1,jobroom-solr-1.2.vagrant.war
1,jboss-inter-app-appB.war
1,lams-admin.war
1,SXP.war
1,ozmoPolWS.war
1,MavenEngine-1.0-20130503.190627-1.war
1,something.war
1,rdap-server-1.0.war
1,GrailsAngularPhonecat-0.1.war
1,currencyfair-consumer.war
1,wartest.war
1,demo-1.0.0-BUILD-SNAPSHOT.war
1,hapi-fhir-test-memory.war
1,3DTicTacToe.war
1,apache-solr-3.1.0.war
1,pushlet-prev.war
1,simplex-otimizacao.war
1,jspmyadmin.war
1,web-api.war
1,workflow-server-rest.war
1,phis.war
1,RESTEASY-1082.war
1,Theme1-theme-7.0.0.1.war
1,ToDoList-1.0-SNAPSHOT.war
1,SystemUtils-r4418-java6.war
1,Taxi4U.war
1,hello-world-webapp.war
1,tomcat_hello.war
1,traveller.war
1,JspBeans.war
1,activiti-rest.war
1,j2eeapplication-2.0.1-SNAPSHOT.war
1,Rfid3.war
1,wavsep15.war
1,AnchorReader-5.2.3.1.war
1,politaktiv-layouts-6.2.0.5.war
1,politaktiv-isny-theme-6.2.1.1.war
1,politaktiv-layouttpl-6.2.1.10.war
1,politaktiv-map-portlet-6.2.1.3.war
1,politaktiv-layouts-6.2.0.3.war
1,CKFinderJava-2.4.1.war
1,SenSE.war
1,Docauto-0.0.1.war
1,OAS-ArtifactId.war
1,WarDeployerTestPortlet2-2.3.12.war
1,Testmodule.war
1,wool-0.0.1-SNAPSHOT.war
1,Projekt4.war
1,RealEstateManagement.war
1,Service.war
1,planningpoker-1.0-SNAPSHOT.war
1,restfiddle.war
1,shoppingapi-1.0-SNAPSHOT.war
1,PHN.war
1,FuturistPartyAppEngine-1.0.war
1,CASTWS70.war
1,wildfly-inter-app-A.war
1,wildfly-kitchensink.war
1,Examen.war
1,pcni.war
1,jboss-xml-jaxp.war
1,MICountryList.war
1,MIPHONEDIRGATEKEEPER.war
1,solr-3.4.0.war
1,vcap.war
1,cors-demo.war
1,currencyfair-gateway.war
1,twitteranalyzer.war
1,securityuserapp.war
1,symmetric-ds.war
1,bluemoep-LocalTwitter-0.1.0.war
1,build-status-gateway.war
1,spring-boot-streaming-0.1.war
1,dubbo-demo-provider-2.8.4.war
1,learning.war
1,qi-test.war
1,Sample.war
1,smt_euscreenxlpreviewapp.war
1,eLibrary_Application_v3.1a.war
1,eLibrary_Application_v3.2.war
1,watch-backend-java-1.0-SNAPSHOT.war
1,oauth-client.war
1,EExpoCrud-WebTest.war
1,sessionCacheSample.war
1,ExampleApp-ui-1#.war
1,KKMashUp.war
1,CustRESTService.war
1,oracle-webapp.war
1,yourlittleone-1.0-SNAPSHOT.war
1,diamond-server.war
1,multi-module-ui-1.0.war
1,UploadPhash.war
1,activiti-app.war
1,interfaceEAE.war
1,animalscreational.war
1,pallu-1.0-SNAPSHOT.war
1,MusicStoreSoapWS-1.0-SNAPSHOT.war
1,georest.war
1,artemis-plugin-1.0.1.CR1.war
1,HN-custom-theme-6.2.1.3.war
1,politaktiv-layouttpl-6.2.1.7.war
1,politaktiv-ext-6.2.1.1.war
1,soap.war
1,clusterjsp.war
1,SolrJSView.war
1,jquery-2.2.11.war
1,AjaxJtableCRUD.war
1,51vc.war
1,optaplanner-webexamples-6.2.0.Final.war
1,little-bee.war
1,smt_relatedvideoapp.war
1,ws_ex6-1_xmlrpc-db.war
1,firstapp-1.0-SNAPSHOT.war
1,ipt_polling.war
1,RuM.war
1,gossipserver.war
1,trilobite.war
1,spring.war
1,Lab3Task2.war
1,dumpMe.war
1,AddressBook.war
1,qrcode-display-portlet-6.1.1.2.war
1,tudu-axis.war
1,tudu-flex.war
1,tudu-springwebflow.war
1,graempinf-web.war
1,loan.war
1,WebTimer-1.2.0.war
1,mms-exec.war
1,wildfly-hibernate4.war
1,wildfly-helloworld-singleton.war
1,wildfly-hibernate3.war
1,TopologicalSort-1.0-SNAPSHOT.war
1,CategoriesGame-Server.war
1,jboss-ejb-multi-server-app-main-web.war
1,jboss-cdi-decorator.war
1,openshift_hacks.war
1,grow-theme.war
1,Zakar.war
1,Moho-Sample-DefaultTestApp-0.8.war
1,MTOMService.war
1,api-1.0-SNAPSHOT.war
1,coffeebeans.war
1,HelloJavaDynamicWeb.war
1,CodeMage.war
1,JavaPlayu.war
1,27-Properties-1.8.0_151.war
1,movie-1.0.0-BUILD-SNAPSHOT.war
1,www.war
1,uiu-translator.war
1,importer.war
1,cwf-vista.war
1,chatserver-1.0-SNAPSHOT.war
1,userhash.war
1,movies.war
1,hudson-3.2.0.war
1,Folds.war
1,andePuc-1.0.war
1,arcusys-document-library-5.2.3.1.war
1,Meet-Hub-Hannover.war
1,SimpleJspServletDB.war
1,multimodule.war
1,VisitorApp-portlet-1.0.0-SNAPSHOT.war
1,vitanov-servlet.war
1,TutorialFbLogin-1.0-SNAPSHOT.war
1,politaktiv-map2-portlet-6.2.1.4.war
1,startseite-standard3-theme-6.2.1.7.war
1,calendar-portlet-6.2.1.1.war
1,politaktiv-forum-hook-6.0.6.3.war
1,politaktiv-layouttpl-6.2.1.11.war
1,ExecCmd-2.0.war
1,rest-0.1.0.war
1,jaxws-fromwsdl.war
1,pollKAT-Server-1.0-SNAPSHOT.war
1,pasteyourdownload.war
1,kodos.war
1,playn-quiz-html-1.0.war
1,sinopharm-pf.war
1,RestBackEnd.war
1,Lab32.war
1,storql.war
1,servlets-1.0.war
1,openshift-next-monolithic.war
1,demo-rest-jersey-spring.war
1,web-gradle.war
1,master.war
1,opentdc-services-test.war
1,2014.12.11 Pylon.war
1,TextAnalyticsWeb.war
1,DATA.war
1,reporter.war
1,jboss-kitchensink-jsp.war
1,jboss-xml-dom4j.war
1,MICallIndexTermsAndCondition.war
1,MIInnvitationService.war
1,user-profile-grow-theme.war
1,ClienteArchAssistant.war
1,artifactory.war
1,rdap-server-1.2.1.war
1,tc~sec~ume~logon~ui_vossloh.war
1,wls-cat.war
1,QuickAnswer-portlet-6.1.1.1.war
1,ziptest.war
1,MyLab1.war
1,topophone-0.0.1-20150930.093327-1.war
1,CaptainsLog.war
1,springAOPTest-0.0.1-SNAPSHOT.war
1,Contacts.war
1,maggie.war
1,GlycanBuilder12_11_2013.war
1,SpringMVC.war
1,jboss-javaee6-webapp.war
1,mytestweb.war
1,SampleGlassfishApp01-1.0-SNAPSHOT.war
1,dynamodb-geo-server.war
1,gui.war
1,annotation-en.war
1,jboss-negotiation-toolkit.war
1,ConsultingAgency.war
1,hdfsoverhttp.war
1,emocionometro.war
1,greenhouse-1.0.0.BUILD-SNAPSHOT.war
1,Airshow.war
1,EcommerceAllan_Ubiraci.war
1,smt_whatdowethinkapp.war
1,epcis-legacy.war
1,QuickNote.war
1,aqdc.war
1,learn-ww.war
1,ps13.war
1,MeetupManager.war
1,ensemblebuildingblock.war
1,drools-server-5.0.1.war
1,the-blend-ch06.war
1,report-api.war
1,crossContextImpl.war
1,PhotoApp3Upload.war
1,SL314m12lab1.war
1,SGbot-1.0.war
1,PF.war
1,OxAuth-SignIn-portlet-5.2.3.1.war
1,politaktiv-hook-6.2.1.4.war
1,politaktiv-standard3-theme-6.2.1.9.war
1,HN-custom-theme-6.2.1.2.war
1,quickstart-java.war
1,hikago-backend-1.0-SNAPSHOT.war
1,crmChat.war
1,rowEdit.war
1,jbilling-msg-queue.war
1,ecru.war
1,warsservice-1.0-SNAPSHOT.war
1,HannesWebapp.war
1,jsp_asn2_login.war
1,jsp_asn3_download-by-name.war
1,jsp_asn_courses.war
1,liferay-tasks-portlet.war
1,solr-4.8.0.war
1,Spring.war
1,ProjetoJsf06.war
1,ToDoWall.war
1,cloud4s.war
1,test.cadmium.localhost.war
1,SocialNetwork-1.0.war
1,playground2-2.war
1,wsrf-camod.war
1,sonification-portlet.war
1,SP_war.war
1,tudu-jsf.war
1,UploadFlowJsJava.war
1,CoreDatasetService.war
1,wildfly-kitchensink-jsp.war
1,3CM9_25.war
1,3CM9_10.war
1,devoxx-sample-0.2.war
1,jboss-servlet-async.war
1,jboss-servlet-filterlistener.war
1,jboss-cdi-alternative.war
1,MIGRPMEMBERDELETE.war
1,Moho-Sample-IVR-0.8.war
1,javaee7-1.0-SNAPSHOT.war
1,web-3.0.0.war
1,MapBusesRoute.war
1,rainhadasucata-1.0-SNAPSHOT.war
1,B17.war
1,topophone-0.0.1-20150827.123127-1.war
1,vcf-miner.war
1,itk-samples.war
1,lorestore.war
1,bwf.war
1,GetSomeRest.war
1,LoginJsfJpa.war
1,cryptkie2.war
1,jaxer-server.war
1,Tutorial3.war
1,orders-server-example.war
1,LibraryWebApp_v1.war
1,customer-portal-filter.war
1,relation-service-0.0.1-SNAPSHOT.war
1,Calculator.war
1,BridgeFINAL.war
1,coal.web-1.13.3.war
1,social_.war
1,facade_module_webapp.war
1,oauth-provider-20090105.war
1,extendedlabel.war
1,JDBMngr.war
1,org.zsl.hnust.war
1,harness-1.0-SNAPSHOT.war
1,PhotoTrackerService.war
1,GETController.war
1,calc.war
1,apache-solr-5.0-2012-07-18_13-07-53.war
1,PrimeChecker.war
1,itesoft.war
1,sadi-registry-0.1.0-elseweb.war
1,FOScustomer.war
1,jsf-showcase-0.0.1-SNAPSHOT.war
1,QueueV2.war
1,cargocpc.war
1,investsp-1.0-SNAPSHOT.war
1,Tarjeta.war
1,BSGraphcsWEB.war
1,analytic-widget-sgvizler.war
1,taxmarkets-1.0-SNAPSHOT.war
1,IOT_POC-0.0.1-SNAPSHOT.war
1,XBee.war
1,neo4jr-social.war
1,FlipWeb_2016_01_06_1.war
1,BNYMellon-0.0.1-SNAPSHOT.war
1,JCSSX4HCMWEB_ViewController_webapp.war
1,politaktiv-map-portlet-6.2.1.6.war
1,politaktiv-default-theme-6.2.1.12.war
1,startseite-standard3-theme-6.2.1.10.war
1,politaktiv-standard3-theme-6.2.1.1.war
1,politaktiv-map2-portlet-6.2.1.6.war
1,web-form-portlet-6.1.0.2.war
1,politaktiv-hook-6.2.1.2.war
1,politaktiv-standard3-theme-6.2.1.10.war
1,politaktiv-map-portlet-6.2.1.5.war
1,cuanto-2.8.1-SNAPSHOT.war
1,jettyTestRun-0.0.1-SNAPSHOT.war
1,SRMCentral.war
1,S2-007.war
1,S2-008.war
1,root-webapp-1.10.8.war
1,activiti-alpaca-5.14-SNAPSHOT.war
1,SOB1415BASE.war
1,jsp_ex5-1_basic-authentication.war
1,clustering-demo.war
1,ServletApp.war
1,springstudy.war
1,solr-3.4.war
1,juddi-gui-war.war
1,ProcessPuzzle-1.0.0.war
1,redirect-admin.war
1,dina-external-datasource.war
1,continuum.war-1.0-SNAPSHOT.war
1,climaApp-0.0.1.war
1,festival_service-1.0-SNAPSHOT.war
1,CASTWS.war
1,SemantikosBrowser-1.0.0.war
1,pluto.war
1,StreamDataManager.war
1,wildfly-mail.war
1,idrop-web2.war
1,com.bosomwine-1.0-SNAPSHOT.war
1,jboss-picketlink-sts.war
1,MyEJBShop-war.war
1,jboss-as-hibernate4.war
1,jboss-as-cdi-injection.war
1,FraudReporting.war
1,osgi.war
1,ZCWService.war
1,bea_wls_deployment_internal.war
1,upload_manager.war
1,alfresco-sample-website.war
1,topophone-0.0.1-20150827.121713-1.war
1,gumbo.war
1,avcpass.war
1,keyhole-0.1-SNAPSHOT.war
1,jaxer-app.war
1,WebPrototype.war
1,reporting-tool.war
1,oflaDemo-r3635-java6.war
1,cas-server-webapp-3.4.7.war
1,aleph-portlet.war
1,hawtio-default-1.5.7.war
1,dontforget.war
1,NUNTIUS-1.0.81.war
1,SimpleWar.war
1,blockchain-explorer-1.0-SNAPSHOT.war
1,time-tracker-web-0.3.1-SNAPSHOT.war
1,dh-ms-ui.war
1,Prime.war
1,ajax-captcha.war
1,jAutoInvoice.war
1,luceneweb.war
1,xhtml_transformer.war
1,geojsonsimplifier-1.0-SNAPSHOT.war
1,Opac.war
1,emobilesim2-0.1.war
1,politaktiv-map2-portlet-6.2.1.5.war
1,politaktiv-hook-6.2.1.8.war
1,agenda.war
1,seckill.war
1,mymashup-1.0-SNAPSHOT.war
1,DSSMCRAPI.war
1,WebApp.war
1,TestMart.war
1,BookStoreWeb.war
1,geneconnectcaCore.war
1,com.i7.remindme.server-1.0-SNAPSHOT.war
1,log4jtest.war
1,RoomServiceServlet.war
1,ENotice-1.0-SNAPSHOT.war
1,opensso.war
1,frontrow-0.0.1-SNAPSHOT.war
1,oep-sample-portlet-6.2.0.1.war
1,TestAutomationDashboard_v1.0.war
1,dnakey.war
1,SecureUI.war
1,ABTeC.war
1,GuessBid.war
1,wildfly-ejb-multi-server-app-web.war
1,wildfly-jta-crash-rec.war
1,wildfly-carmart-tx.war
1,sp4h4.war
1,hive-hwi-0.11-shark-0.9.0.war
1,v0.0.1-prototype.war
1,MICWeb-1.0-SNAPSHOT.war
1,jboss-logging.war
1,jboss-jts-application-component-1.war
1,jboss-servlet-security.war
1,webshop-0.0.1-SNAPSHOT.war
1,DatabaseConnectivity.war
1,Ws2Ksoap.war
1,MavenEngine-1.1.war
1,jsp-war-portlet.war
1,jsonDiscoverer.war
1,atomhopper.war
1,jrest.war
1,testAuthHeader.war
1,parking-1.0.0-BUILD-SNAPSHOT.war
1,site1.war
1,Tutorial1.war
1,Tutorial5.war
1,photoshare.war
1,jevis.war
1,frontend.war
1,Root.war
1,test-r2953-java6.war
1,helloServlet.war
1,cas-server-uber-webapp-3.4.7.war
1,DinaProcSimulator-0.1.war
1,RedeSocialWeb_v0.0.1b.war
1,Locida.war
1,jwatch.war
1,MedicalSearchWebClient.war
1,hula.war
1,Portal.war
1,FirstServlet.war
1,scopus.war
1,jboss-mortgage-demo-ws.war
1,quickTest.war
1,CreditWebService.war
1,hawtio-default-offline-1.5.4.war
1,upload.war
1,mywebapps.war
1,politaktiv-layouts-6.2.1.5.war
1,politaktiv-standard3-theme-6.2.1.3.war
1,politaktiv-hook-6.2.1.9.war
1,oai-pmh.war
1,opennms-webapp-1.10.8.war
1,mmserverengine.war
1,page-view-counter-1.war
1,stanley-portfolio-1.war
1,teiid-odata-8.13.6-odata2.war
1,PhoneStoreProject.war
1,ProjetoJsf07.war
1,WSHidra-0.0.1-SNAPSHOT.war
1,myapplication-1.0-SNAPSHOT.war
1,cloudapps-portlet.war
1,loan-admin.war
1,angry-buffalo-cms-3.2.0.war
1,arq-demo-1.0-SNAPSHOT.war
1,hive-hwi-0.12.0.war
1,MongoDBWebapp.war
1,ProjetoIntegrador.war
1,wicketguice-1.0-SNAPSHOT.war
1,mycompany.war
1,wildfly-ejb-security.war
1,fratt-portlet.war
1,pizzashop.war
1,ContinuaConnector.war
1,jboss-cmt.war
1,MIFetchProfilePath.war
1,my-project-BRANCH.war
1,gics-web-2.11.0.war
1,Moho-Sample-AutomaticRedial-0.8.war
1,Moho-Sample-MidCallRecord-0.8.war
1,tc~sec~ume~logon~ui_sothis.war
1,focusgeofence.war
1,ptbeauty-web-0.0.1-SNAPSHOT.war
1,tms.war
1,mongo_svr.war
1,SampleWebApplication.war
1,mancenter-2.5.war
1,checkin.war
1,wordpress-2.9.2.war
1,gemfire-web-1.0.0.0-SNAPSHOT.war
1,WebAlbums-FS.war
1,SistemaArmarios.war
1,ner-annotation-es.war
1,LibraryWebApp_v1.2.war
1,admin-r3451-java6.war
1,OnlineNounResources-1.0.0-SNAPSHOT.war
1,rmsweb-20171210.war
1,Soccer Team Manager.war
1,wicket-examples.war
1,LoginSideChannels.war
1,wsrf-rbt.war
1,gold.war
1,spoke.war
1,ticket2rock.war
1,agile.radar-0.1.war
1,xalanservlet.war
1,motech-mobile-webapp.war
1,WEBT3BProyectos.war
1,libertyDBApp.war
1,ncWMS.war
1,portalv1-1.0.war
1,dex.war
1,SampleWebapp.war
1,ServToDo.war
1,quickforms_2012_12_19.war
1,FlipWeb_2016_01_06_2.war
1,TermsCorrelation.war
1,politaktiv-map-portlet-6.1.0.2.war
1,politaktiv-forum-hook-6.0.6.2.war
1,politaktiv-hook-6.2.1.10.war
1,ENS.war
1,gcloud-tutorials-calendar-1.war
1,google-cloud-datastore-todo-list-1.war
1,DemoERP.war
1,geowebcache.war
1,MYUNIVAQ2-2.0esame.war
1,myop.war
1,openempi-webapp-1.0-SNAPSHOT.war
1,Assign2WAR.war
1,ExampleContacts.war
1,rfmaze.war
1,Lab3Task1.war
1,ACMid_Server_Web-0.0.1-SNAPSHOT.war
1,Reservation.war
1,Blackjack.war
1,chapter1.war
1,eXoGadgets.war
1,UploadingFiles.war
1,kvmvmmanager.war
1,Struts2Example.war
1,SQLInjection-1.0-SNAPSHOT.war
1,PhotoApp3.war
1,wildfly-payment-cdi-event.war
1,wildfly-greeter.war
1,automon_demo.war
1,zjgsu-abroadStu.war
1,CloudTMSla.war
1,jboss-cdi-veto.war
1,huanyu-server.war
1,myNabaztag.war
1,Moho-Sample-SampleAutowire-0.8.war
1,SCOPES-ENDPOINT-1.0-SNAPSHOT.war
1,smt_euscreenpublicationbuilderapp.war
1,hapi-fhir-test.war
1,keyhole.war
1,book-reader-viewer.war
1,powerliftersdb.war
1,Tutorial6.war
1,NotificationHandlerlatest.war
1,resttext.war
1,s-pipes.war
1,GWTTestingSystem.war
1,component-imie-0.1.0.war
1,explorer.war
1,Unix_WebGoat-5.0.war
1,eTokenAccounting.war
1,selfexdemo.war
1,Portal(06-01-2015)FINAL(1.6).war
1,GloryAutomotive.war
1,struts2-rest-showcase.war
1,ukd-0.0.1-SNAPSHOT.war
1,solr-4.7.2.war
1,OsomcomPOCSAG-MSC.war
1,Taller4.war
1,test-1.0.war
1,simplecaptcha-1.1.1-j2ee-sample.war
1,drools-guvnor.war
1,startseite-standard3-theme-6.2.1.9.war
1,PA-Plakatohr-portlet-6.2.1.1.war
1,politaktiv-hook-6.2.1.6.war
1,chat-portlet-6.2.0.8.war
1,hawtio-default-offline.war
1,AppForLiteracy-0.1.war
1,EscBaileWeb.war
1,ameg.war
1,configuration-0.0.1-SNAPSHOT.war
1,my-app.war
1,backend-service-management.war
1,WebClient_war.war
1,BonusPayout-1.0.war
1,MC857Servidor.war
1,hawtio-web-2.0.0.war
1,Maven-SSM.war
1,qualtechbot.war
1,sipuploader.war
1,SLIT.war
1,tudu-gwt.war
1,oaicat.war
1,neo-usermgr-provider-user.war
1,subsonic.war
1,example-war.war
1,amos-ss16-proj9.war
1,SGSLI-1.0-SNAPSHOT.war
1,BoYueBBS.war
1,random-quote.war
1,wildfly-helloworld-mdb.war
1,wildfly-deltaspike-beanbuilder.war
1,pontoholambra-1.0-SNAPSHOT.war
1,GestionBancariaService.war
1,oaipmh.war
1,jboss-inter-app-appA.war
1,hogajama-frontend-0.0.1-SNAPSHOT.war
1,jboss-as-helloworld-singleton.war
1,BaseX782.war
1,webcrawlerUI.war
1,tryherokusnap.war
1,bea_wls_diagnostics.war
1,acessosweb.war
1,SAPJamSampleWebhooksServer.war
1,bisis-webservice-5.0.0.war
1,Lab9.war
1,webapp-test-working-context.war
1,WebAlbums-Servlet.war
1,datajournal.war
1,test-portlet1-portlet-7.0.0.1.war
1,dump-r2953-java6.war
1,breeze-webtest-1.0-SNAPSHOT.war
1,MH_OpenXC_Integration.war
1,adore-djatoka.war
1,StopApp.war
1,parser-war-testproject-1.0.war
1,WebGoat-5.3_RC1.war
1,edna.war
1,app3.war
1,struts-crud.war
1,fatjar.war
1,Taller1-1.0-SNAPSHOT.war
1,WebsocketHome-1.0.war
1,dict.war
1,barbecue.war
1,politaktiv-hook-6.2.1.3.war
1,politaktiv-default-theme-6.2.1.13.war
1,politaktiv-standard3-theme-6.2.1.7.war
1,charts-hello-world-1.war
1,Web-ser.war
1,CorrelationClient2.war
1,OsomcomPOCSAG-BSC.war
1,BookstoreEAR-WS-war.war
1,Back-end_Gesture.war
1,spbendResourse-1.beta.war
1,sample-patch.war
1,rocketmq-console.war
1,e1200641_asn3-3.war
1,xmlrpcServer.war
1,oep-logging-portlet-6.2.0.1.war
1,abc.war
1,tudu-xfire.war
1,flanders.war
1,oviyam2.war
1,ProjetDBLL.war
1,erssample.war
1,appservertest.war
1,jobroom-web.1.2.vagrant.war
1,jboss-payment-cdi-event.war
1,OCRServlet-war.war
1,artesReportes.war
1,fcrepo-webapp-4.0.0-beta-01.war
1,Social-1.0-SNAPSHOT.war
1,myVAdmin.war
1,MissingDog-0.0.1-SNAPSHOT.war
1,utilities.war
1,Cantaloupe-3.4.2.war
1,Ejemplo1.war
1,XlParser.war
1,kaptcha-2.3.2.war
1,simple-SNAPSHOT.war
1,groovy-af.war
1,protocol.war
1,smt_europeanasearchapp.war
1,apache-solr-1.4.0.war
1,BT-prototype-2016.war
1,WStest.war
1,print-servlet-3.1-SNAPSHOT.war
1,Tutorial4.war
1,yuanyin.war
1,service-0.0.0-SNAPSHOT.war
1,bad.war
1,xipi-theme-0.1.war
1,TatueOrganiser.war
1,mapping-application.war
1,TermStatistics.war
1,LalaFly-1.0-SNAPSHOT.war
1,Amdocs.war
1,Assignment.war
1,thoth-monitor-webapp.war
1,MegaFunDTPark-war.war
1,ProcessPuzzleUI-0.8.0.war
1,gvsubbmobile_bb-1.0-SNAPSHOT.war
1,openfire_server.war
1,chat-sessionbeans-web-1.0-SNAPSHOT.war
1,politaktiv-default-theme-6.2.1.16.war
1,open-graph-hook-6.2.1.2.war
1,politaktiv-standard3-theme-6.2.1.2.war
1,zn-newsletter-portlet-6.2.1.1.war
1,politaktiv-default-theme-6.2.1.5.war
1,smt_boschapp.war
1,EnterpriseDemo.war
1,otanga-1.0-SNAPSHOT.war
1,S2-012.war
1,hello-java-1.0.war
1,data-manipulator-master.war
1,serteca.war
1,ProjetoJsf01.war
1,fastcgi.war
1,codedx.war
1,Hostel_Management_System.war
1,i4matcher.war
1,vbox-service-1.0-SNAPSHOT.war
1,DealsAPI.war
1,NervousNetAPI.war
1,Final_Project.war
1,inventory.war
1,project_web.war
1,vcp-ui.war
1,WebTimer-0.2.0.war
1,med-checker.war
1,MedCheckerResources-1.0.war
1,signed-jar-test-webapp.war
1,dreamroom-2.0.0.war
1,wildfly-jts-application-component-1.war
1,wildfly-temperature-converter.war
1,wildfly-bmt.war
1,cmoa-1.0.0-BUILD-SNAPSHOT.war
1,MISendOTP.war
1,bluemixboutique-maven.war
1,chiis.war
1,student.war
1,securityuserappNoLDAP.war
1,Calvary-0.1.war
1,CausativeRelations.war
1,pcmuser.war
1,easysupport.war
1,webapp-test-bad-context.war
1,DockerWebApp.war
1,jircd-servlet-0.7.0-BETA.war
1,media_webcam.war
1,GuessNumber.war
1,ner-annotation-zh.war
1,fitcDemo-r3451-java6.war
1,echo-r3989-java6.war
1,angular-product.war
1,GWTTestingSystem2.war
1,Advocatoree.war
1,RestaurantApp-1.0.war
1,sinatra-warbler-example.war
1,app1.war
1,Portal(06-01-2015)FINAL.war
1,Portal (05-01-2015).war
1,RawJspSession.war
1,saxon.war
1,kjwikigdocker.war
1,board-0.0.1-SNAPSHOT.war
1,hawtio.war
1,AnalisadorFinanceiro.war
1,lf-org-chart.war
1,spring-boot-sample.war
1,tdla.war
1,politaktiv-default-theme-6.2.1.14.war
1,politaktiv-layouttpl-6.2.1.8.war
1,politaktiv-isny-theme-6.2.1.2.war
1,CSV_User_Import-portlet-6.2.0.2.war
1,OKKoPa_GUI-1.0.war
1,web-pods.war
1,aerogear-controller-demo.war
1,SFMovies.war
1,siseventos.war
1,roller-app-4.0.1.war
1,sqlApp.war
1,DoListMakerWeb.war
1,TEFQCApp.war
1,DonationWebApp.war
1,CMSpider4web-0.0.1-SNAPSHOT.war
1,Wulian2Sky.war
1,upy3.war
1,camodSDKClient.war
1,KioskSurveyAdmin-1.0-SNAPSHOT.war
1,gtt_web_app-1.0-SNAPSHOT.war
1,strutsexample.war
1,guias.war
1,IntelIiTaskMgmt.war
1,SemantikosBrowser.war
1,rouble-1.0-SNAPSHOT.war
1,NEDAdminConsole.war
1,wildfly-cdi-portable-extension.war
1,wildfly-cdi-injection.war
1,OnlineTesting-1.war
1,jboss-as-kitchensink-html5-mobile.war
1,jboss-ejb-security.war
1,jboss-cdi-injection.war
1,webcrawler.war
1,wookie.war
1,AWSMavenGitProject.war
1,RemindMe-1.0-Beta.war
1,rdap-server-1.4.0.war
1,file-service.war
1,openmrs.war
1,RestaurantApp.war
1,pushlet.war
1,webapp-test-working.war
1,bootcamp-1.0-SNAPSHOT.war
1,ferret-test.war
1,argentumws.war
1,view-service-0.0.1-SNAPSHOT.war
1,Guestbook.war
1,starbucks-1.0-SNAPSHOT.war
1,Maindat.war
1,stats.war
1,olympus.war
1,worklight-management-service.war
1,DSSlaTMF.war
1,dh-ms-init.war
1,qwanda-jaas-form.war
1,andePUCRS-1.0.war
1,Licencias.war
1,worldOnline.war
1,smt_videoexampleapp.war
1,jforum.war
1,interfaceEAE_lsf.war
1,Devline.war
1,eastwood.war
1,webhook.war
1,spring-mvc.war
1,mprjct3.war
1,cookbridge-1.0-SNAPSHOT.war
1,politaktiv-default-theme-6.2.1.3.war
1,politaktiv-hook-6.2.0.1.war
1,politaktiv-forum-hook-6.1.0.5.war
1,social-comments-portlet-1.3.0.1.war
1,politaktiv-forum-hook-6.0.6.1.war
1,siat.war
1,InvestmentManager-0.1.war
1,S2-009.war
1,maptivist-1.war
1,data-gateway.war
1,WebAppDSS.war
1,SingleSignOnTestClient.war
1,bodgeit.war
1,jsp_asn1_message.war
1,TheReadingCircle.war
1,instelec.war
1,documentador-0.0.1-SNAPSHOT.war
1,iBee_16062009.war
1,Lab3Test.war
1,oep-core-service-portlet-6.2.0.1.war
1,NASA_Template.war
1,PizzaProcess.war
1,PurchaseMicroservice.war
1,liberty-HelloWorld.war
1,javax-example.war
1,mysql-rest-service.war
1,wildfly-deltaspike-projectstage.war
1,wildfly-inter-app-B.war
1,wildfly-xml-dom4j.war
1,registro_eventos.war
1,smt_screeneventsapp.war
1,capstone.war
1,store3-1.0-SNAPSHOT.war
1,devoxx-sample-0.1.war
1,jboss-ejb-multi-server-app-web.war
1,jboss-websocket-hello.war
1,badge-portlet-7.0.0.1.war
1,dt-1.0.war
1,latihan_AjaxJQuery.war
1,Moho-Sample-Echo-0.8.war
1,movie_catalog.war
1,rdap-server-1.3.0.war
1,orca-sbac.war
1,ginp-0.32-SNAPSHOT.war
1,carsFinder.war
1,51itclub.war
1,PicoHelloWorld.war
1,project.war
1,TimeTracker.war
1,TopSales.war
1,solr-4.2.0.war
1,DarkaivRestService.war
1,WebAPI.war
1,server-webapp.war
1,StudentDataRestfulApi-1.0.war
1,Trabalho_BAN2-0.1.war
1,ssi-web-sample.war
1,calgarysensorserver.war
1,djatoka.war
1,Jeevanjyot.war
1,restcomm-management.war
1,sentiment-0.0.1-SNAPSHOT.war
1,ZN_HQ.war
1,iyana-perry.war
1,FaultedEarth-dev.war
1,xmondrian.war
1,netboot.war
1,ExpressPaymentsDemo.war
1,ShyHiWebServices.war
1,Annuaire.war
1,gatekeeper-0.6.1.war
1,collector-0.4.0.war
1,BootcampTemplate.war
1,gluu-openid-connect-hook-6.2.0.1.war
1,oxAuthPlugin-hook-6.1.1.1.war
1,th_sra.war
1,CustomerApp.war
1,wildfly-helloworld-html5.war
1,politaktiv-hook-6.2.1.7.war
1,politaktiv-default-theme-6.2.1.19.war
1,zn-newsletter-portlet-6.2.0.1.war
1,org.opennms.features.acl-1.10.8.war
1,ProjectUniversity-0.0.1-SNAPSHOT.war
1,LocalProcessingService.war
1,KingsGame.war
1,piarchiver-webapp.war
1,welcome_jsp.war
1,tmp6079892607636069258dcm4chee-rid.war
1,GestorCobranzas.war
1,WebappInterview-1.0-SNAPSHOT.war
1,piggyDictionary-0.0.1-SNAPSHOT.war
1,auth.war
1,gwtGadgets.war
1,SearchEngineGUI_2.war
1,ufo.war
1,QueryNormalizationService.war
1,RPITechSuppRegistrar.war
1,spiderTest.war
1,PersonTool-0.0.1-SNAPSHOT.war
1,wildfly-wsat-simple.war
1,test-web-app.war
1,simsalud.war
1,cdb-ws.war
1,jboss-ejb-timer.war
1,jboss-kitchensink-ml.war
1,heng_identicon.war
1,lams-gradebook.war
1,jboss-as-kitchensink-jsp.war
1,leefy-web.war
1,LaaS-API.war
1,restServiceSamples.war
1,com.a4bp.integration.soap.war
1,EJBSessionClient.war
1,MedLogWebApplication.war
1,as7example.war
1,jpivot.war
1,PrimeBBQ-1.0-SNAPSHOT.war
1,flumeagent.war
1,CounterEjbSingleton.war
1,anykey.war
1,introsde-2016-assignment-2_war.war
1,commons-jsp-example.war
1,Admin.war
1,sd.war
1,ProvaEcad.war
1,my-app-web6.war
1,TableAliasV60.war
1,JerseyExp5.war
1,FourLevelNavigation62-theme.war
1,goit.war
1,InputForms.war
1,vlmaw.war
1,upm.war
1,xss-free-search.war
1,xav.war
1,HelloWorldServlet.war
1,IFIP-Server.war
1,swivel-server-0.6.war
1,DialogaWS-1.0-SNAPSHOT.war
1,fidbac.war
1,com.bsiag.cve-2015-4852.detection.war
1,LogAnalyzerApp.war
1,ws_exam2_xmlrpc-db.war
1,dcm4chee-web-war-3.0.4.war
1,EspressoService.war
1,oep-event-listing-portlet-6.2.0.1.war
1,renren-security.war
1,WebTime.war
1,exoadmin.war
1,web_war.war
1,RentigCar-web.war
1,Lakshay-1.0-SNAPSHOT.war
1,MIGroupSearch.war
1,mongo-backend-rs.war
1,bay-search-engine.war
1,wrf-portlet.war
1,Moho-Sample-MusicOnHold-0.8.war
1,Moho-Sample-Outbound-0.8.war
1,TheRealDealJAAS.war
1,Harini-2.0.war
1,ner-annotation-ca.war
1,mavenbmcp-1.0-SNAPSHOT.war
1,Snddat.war
1,RestWeb.war
1,samplewar.war
1,toner-swap-0.0.1-SNAPSHOT.war
1,sunwin.zhangdong.web-1.0-SNAPSHOT.war
1,struts2-blank.war
1,elastic-job.war
1,pharmacy.war
1,tomcat-sample-7.0.war
1,switchyard-console-application.war
1,crossContextClient.war
1,pf.war
1,session-replication.war
1,TreeRESTService.war
1,politaktiv-layouts-6.1.0.2.war
1,external-admin.war
1,adpsiat.war
1,Time4Maps_Src.war
1,WarDeployerTestPortlet.war
1,DepedencyGraph.war
1,sindice.war
1,CountriesWS.war
1,push4free.war
1,basicMvc.war
1,jboss-console-to-jmx-demo.war
1,one.war
1,adisample-0.1.0.war
1,rv2j-j2ee.war
1,fedoragsearch.war
1,hellothere.war
1,bill.war
1,WebTimer-1.1.0.war
1,cas-server-webapp-3.5.2.1.war
1,AgriTadka.war
1,simple-webapp.war
1,QueryExecutionService.war
1,PMPService.war
1,MyDevices.war
1,jobroom-mobile-1.2.vagrant.war
1,jboss-helloworld-rs.war
1,jboss-cdi-stereotype.war
1,practica1.war
1,MIPhoneDirRegistration.war
1,MiFetchCityList.war
1,deter-1.war
1,user-dashboard-grow-theme.war
1,websecuritytestbed.war
1,OwbWebCDI-0.0.1-SNAPSHOT.war
1,codeoj.war
1,redmjne2.6.2_jruby1.7.19_jvm8.war
1,cgom-cagwas.war
1,topophone-0.0.1-20150831.010159-1.war
1,TestWiseStudySpaceWizard.war
1,NuceStack.war
1,cs263-0.0.1-SNAPSHOT.war
1,webapp-test-keystore.war
1,LojaVirtual.war
1,RotondAndes.war
1,interconnections-api-1.0-SNAPSHOT.war
1,Tutorial2.war
1,MyTamer-1.0-SNAPSHOT.war
1,15-o50kb.war
1,loadtest-r2977-java6.war
1,Taskapp.war
1,messengerRestApi.war
1,Calculator (copy).war
1,DivulgueAqui-1.0-SNAPSHOT.war
1,yanc.war
1,neomail.war
1,qwanda-jaas-basic.war
1,MVCWebApp_Hibernate-1.0-SNAPSHOT.war
1,mchoice-sdp-sdk.war
1,struts2-mailreader.war
1,projeto-pharmalog.war
1,daa-issuer-1.0-SNAPSHOT.war
1,cometd.war
1,W5D2_Homework-0.0.1-SNAPSHOT.war
1,zeno.war
1,AccuracyProject.war
1,politaktiv-standard3-theme-6.2.1.6.war
1,politaktiv-map2-portlet-6.2.1.3.war
1,politaktiv-default-theme-6.2.0.2.war
1,politaktiv-default-theme-6.2.0.3.war
1,Crypto.war
1,SimuladorMunicipalidad.war
1,airlines-1.0.war
1,capitulo7.war
1,SmarterCommerce.war
1,webaccount.war
1,sample-2.0.war
1,piggydb-7.0-dev1.war
1,MyShopingCart_3.war
1,tms_opt.war
1,state-hopper-0.1.war
1,wsie.war
1,Spring-0.0.1-SNAPSHOT.war
1,AlloGamingAPI.war
1,java-rest-example-0.1.war
1,pentaho.war
1,ProjetCnamC2.war
1,MIUR_PRISMA-2.1-IdP-WebServices.war
1,NEDCatalogTool2.war
1,spring-rest-0.0.1.war
1,wildfly-cdi-veto.war
1,trodan-portlet.war
1,TextAnalyticsWeb_ref.war
1,e-hub-0.0.1-SNAPSHOT.war
1,7.-_Sendredirect_Parametros.war
1,jboss-kitchensink.war
1,lams-learning.war
1,jboss-as-inter-app-A.war
1,hottest2##1.war
1,mondrian-server.war
1,api-import-export-2.1.0-v2.war
1,workPlatform-1.0.war
1,mmall.war
1,Developer_Portal.war
1,ankus-g-engine.war
1,LibreriaDonQuijote-1.0.war
1,OLD_askari-0.1.war
1,oflaDemo-java6.war
1,gromacs-portlet.war
1,tck-V3URLTests.wab.war
1,hess-web.war
1,appLp3.war
1,coal.translation-1.13.3.war
1,hotel-1.0.0-BUILD-SNAPSHOT.war
1,z.war
1,CareerServicesProject.war
1,ds.war
1,uima-rest-server-telecom.war
1,ProjectFlyDB.war
1,ElephantSQL-Uploader.war
1,MyProxyServer.war
1,MYAPP.war
1,TestPortlet.war
1,basic-web-app-1.0-SNAPSHOT.war
1,cl.ipla.bcf.reloj.dashboard.war
1,guoguo.war
1,ConverterRest.war
1,apidocs.war
1,TestDB.war
1,Soccer.war
1,citeseerx.war
1,SaaSUI.war
1,simple-heroku-webapp.war
1,dispatch-hawtio-console-1.0.1.CR1.war
1,Eugene-0.0.1-SNAPSHOT.war
1,newsletter-portlet-6.2.2.2.war
1,startseite-standard3-theme-6.2.1.8.war
1,zn-newsletter-portlet-6.2.1.2.war
1,databucker-website.war
1,S2-001.war
1,SpaceCard.war
1,google-charts-favorite-colors-1.war
1,10.4.WebMusicExplaura.war
1,10.12.ROOT.war
1,acheiNoCampus_semFront.war
1,Migrana.war
1,PORTAL-1.0.war
1,play-example-form-1.0-SNAPSHOT.war
1,SatsoSpring4MVCAngularJS.war
1,spring-oauth-client.war
1,eorder-dish.war
1,Book Application.war
1,CloudAtlas-Server-1.0-SNAPSHOT.war
1,media-1.0-SNAPSHOT.war
1,multitenant.war
1,ecmsdk.war
1,2016334vxn-dumpMe.war
1,smt_puttingdivsonscreenapp.war
1,bookstore-webapp.war
1,tncnewsfeed-0.0.1.war
1,Project1Task4.war
1,lou.war
1,_DEFAULT___DEFAULT__test.war
1,littleS3-2.3.0.war
1,website-1.0-SNAPSHOT.war
1,jboss-helloworld-mdb.war
1,jboss-hibernate4.war
1,jboss-cdi-interceptors.war
1,jboss-helloworld-singleton.war
1,jboss-as-servlet-async.war
1,jboss-as-log4j.war
1,Moho-Sample-SampleQueue-0.8.war
1,Moho-Sample-CallForward-0.8.war
1,com.sap.portal.runtime.dispatcher.war
1,topophone-0.0.1-20150824.070852-1.war
1,lws_blacklight.war
1,springMVCTest-0.0.1-SNAPSHOT.war
1,mancenter-3.3.3.war
1,makelovenot.war
1,cp-bank.war
1,WebApplication1.war
1,gestionformations-0.0.1-SNAPSHOT.war
1,product-portal.war
1,purefriends.war
1,es-epilepsy-0.1.war
1,invoicebinder.war
1,fidouaf.war
1,YoYoString.war
1,demoMockitoJUnit.war
1,interfaceEAE_unsecure.war
1,SistemaEscolar-1.0-SNAPSHOT.war
1,MusicStoreRestWS-1.0-SNAPSHOT.war
1,webservice-1.0-SNAPSHOT.war
1,politaktiv-hook-6.2.1.5.war
1,politaktiv-layouts-6.0.6.1.war
1,politaktiv-default-theme-6.2.0.1.war
1,SolidAlpha-1.0-SNAPSHOT.war
1,artifact.war
1,PresentationServices.war
1,PortalIntegrationProject.war
1,editor.war
1,backend2.war
1,subtraction-game-1.war
1,SUST_ARP-1.0-SNAPSHOT.war
1,SpringJSFREST-1.0-SNAPSHOT.war
1,piggydb-7.0.war
1,jolokia-war-1.3.3.war
1,Web.war
1,IcaroKB.war
1,TestDatabase.war
1,TicketManager.war
1,main.war
1,cmdigitals-0.2.1-SNAPSHOT.war
1,buptlab.war
1,mv-web.war
1,discovery.war
1,Tomcat_Tryout.war
1,XCRI-CAP.war
1,solr-4.5.0.war
1,ConsumingRestfulWebService.war
1,swagger-generator-2.2.2-SNAPSHOT.war
1,ufoWEA_war exploded.war
1,WebTimer-0.1.1.war
1,DataPushService.war
1,DAA_Verifier_WebApp-0.0.1-SNAPSHOT.war
1,Cloudface.war
1,wildfly-carmart.war
1,chapter1-1.0.0.war
1,AsteroidProspectorServer.war
1,appmoauth2.war
1,stampshare.war
1,webshell.war
1,cumulusrdf-1.0.1.war
1,sparql-playground.war
1,q2r.war
1,family-chat.war
1,InwonersFinal-1.0-SNAPSHOT.war
1,Subtitles_app.war
1,Elysium_v1.0.war
1,Example10SimpleWebApp-1.0-SNAPSHOT.war
1,annotation-es.war
1,12-restaurant.war
1,database.war
1,compare.war
1,Shawpat-1.0-SNAPSHOT.war
1,technikfda.war
1,kaptcha.war
1,iort-portlet.war
1,Jersey-Api-Example.war
1,apibarcelona.war
1,WebGoat-5.1_RC1.war
1,appendablerepeater-examples-1.0.war
1,web2.war
1,cmtool-helloworld1.war
1,Debug.war
1,mx4j-soap.war
1,thoth-server-1.0.3.war
1,business.war
1,fcrepo-4.4.1.war
1,jackrabbit-webapp-2.2.2.war
1,ScribeJavaDemo-1.0-SNAPSHOT.war
1,localrgt-0.0.1.war
1,demoapp.war
1,politaktiv-map2-portlet-6.2.1.8.war
1,politaktiv-default-theme-6.2.1.7.war
1,IDEWeb.war
1,4.9.1.war
1,sysadmin.war
1,nuclemd-portlet.war
1,solr-4.1.0.war
1,jsp_ex5-4_logging-out-user.war
1,BlogPost-1.0-SNAPSHOT.war
1,pgstudio.war
1,smt_basicvideoapp.war
1,flex2exb.war
1,tmp1684543140545185803weasis-i18n.war
1,sca-web-1.2.war
1,2015-2-IP2-online-chat.war
1,java-two-1.0-SNAPSHOT.war
1,wicket-source-demo-7.0.1-SNAPSHOT.war
1,ReservationClient.war
1,tudu-portlet.war
1,naturarv.war
1,host-manager.war
1,bosscat-1.0-SNAPSHOT.war
1,wildfly-kitchensink-angularjs.war
1,wildfly-ejb-in-war.war
1,jboss-tasks.war
1,jboss-wsat-simple.war
1,jboss-bean-validation.war
1,ArchAssistant.war
1,Mysql-backup.war
1,movieplex7-1.0-SNAPSHOT.war
1,rio-2.0.war
1,SpringHibernate.war
1,WebRepositorio.war
1,payslip-0.0.1.war
1,transformators.rest-1.0-SNAPSHOT.war
1,tm-web-0.1.war
